<?xml version="1.0" ?>
<root>
    <dynamicobstacles>
        <obstacle id="0" size="0.5">
            <section id="0" start.x="21" start.y="26" goal.x="23" goal.y="28" duration="2.8284271"/>
            <section id="1" start.x="23" start.y="28" goal.x="30" goal.y="35" duration="9.8994951"/>
            <section id="2" start.x="30" start.y="35" goal.x="45" goal.y="40" duration="15.811388"/>
        </obstacle>
        <obstacle id="1" size="0.5">
            <section id="0" start.x="5" start.y="23" goal.x="41" goal.y="31" duration="36.878178"/>
        </obstacle>
        <obstacle id="2" size="0.5">
            <section id="0" start.x="13" start.y="6" goal.x="14" goal.y="19" duration="13.038404"/>
            <section id="1" start.x="14" start.y="19" goal.x="19" goal.y="30" duration="12.083046"/>
        </obstacle>
        <obstacle id="3" size="0.5">
            <section id="0" start.x="42" start.y="13" goal.x="42" goal.y="15" duration="2"/>
            <section id="1" start.x="42" start.y="15" goal.x="43" goal.y="15" duration="1"/>
            <section id="2" start.x="43" start.y="15" goal.x="46" goal.y="38" duration="23.194826"/>
        </obstacle>
        <obstacle id="4" size="0.5">
            <section id="0" start.x="44" start.y="28" goal.x="37" goal.y="27" duration="7.0710678"/>
            <section id="1" start.x="37" start.y="27" goal.x="6" goal.y="22" duration="31.400637"/>
        </obstacle>
        <obstacle id="5" size="0.5">
            <section id="0" start.x="43" start.y="14" goal.x="43" goal.y="17" duration="3"/>
            <section id="1" start.x="43" start.y="17" goal.x="24" goal.y="35" duration="26.172504"/>
        </obstacle>
        <obstacle id="6" size="0.5">
            <section id="0" start.x="46" start.y="36" goal.x="17" goal.y="7" duration="41.012192"/>
            <section id="1" start.x="17" start.y="7" goal.x="8" goal.y="1" duration="10.816654"/>
        </obstacle>
        <obstacle id="7" size="0.5">
            <section id="0" start.x="4" start.y="6" goal.x="14" goal.y="35" duration="30.675724"/>
            <section id="1" start.x="14" start.y="35" goal.x="19" goal.y="44" duration="10.29563"/>
        </obstacle>
        <obstacle id="8" size="0.5">
            <section id="0" start.x="2" start.y="14" goal.x="3" goal.y="14" duration="1"/>
            <section id="1" start.x="3" start.y="14" goal.x="5" goal.y="15" duration="2.236068"/>
            <section id="2" start.x="5" start.y="15" goal.x="38" goal.y="44" duration="43.931767"/>
            <section id="3" start.x="38" start.y="44" goal.x="41" goal.y="46" duration="3.6055512"/>
        </obstacle>
        <obstacle id="9" size="0.5">
            <section id="0" start.x="38" start.y="16" goal.x="36" goal.y="16" duration="2"/>
            <section id="1" start.x="36" start.y="16" goal.x="35" goal.y="18" duration="2.236068"/>
            <section id="2" start.x="35" start.y="18" goal.x="18" goal.y="35" duration="24.04163"/>
            <section id="3" start.x="18" start.y="35" goal.x="18" goal.y="35" duration="1.3693106"/>
            <section id="4" start.x="18" start.y="35" goal.x="15" goal.y="35" duration="3"/>
            <section id="5" start.x="15" start.y="35" goal.x="15" goal.y="37" duration="2"/>
        </obstacle>
        <obstacle id="10" size="0.5">
            <section id="0" start.x="40" start.y="41" goal.x="35" goal.y="29" duration="13"/>
            <section id="1" start.x="35" start.y="29" goal.x="35" goal.y="26" duration="3"/>
            <section id="2" start.x="35" start.y="26" goal.x="19" goal.y="9" duration="23.345236"/>
        </obstacle>
        <obstacle id="11" size="0.5">
            <section id="0" start.x="21" start.y="19" goal.x="1" goal.y="42" duration="30.479502"/>
        </obstacle>
        <obstacle id="12" size="0.5">
            <section id="0" start.x="39" start.y="15" goal.x="36" goal.y="16" duration="3.1622777"/>
            <section id="1" start.x="36" start.y="16" goal.x="35" goal.y="18" duration="2.236068"/>
            <section id="2" start.x="35" start.y="18" goal.x="34" goal.y="19" duration="1.4142135"/>
            <section id="3" start.x="34" start.y="19" goal.x="18" goal.y="28" duration="18.357559"/>
            <section id="4" start.x="18" start.y="28" goal.x="14" goal.y="30" duration="4.472136"/>
            <section id="5" start.x="14" start.y="30" goal.x="8" goal.y="39" duration="10.816654"/>
        </obstacle>
        <obstacle id="13" size="0.5">
            <section id="0" start.x="22" start.y="9" goal.x="22" goal.y="10" duration="1"/>
            <section id="1" start.x="22" start.y="10" goal.x="28" goal.y="21" duration="12.529964"/>
            <section id="2" start.x="28" start.y="21" goal.x="30" goal.y="29" duration="8.2462111"/>
            <section id="3" start.x="30" start.y="29" goal.x="28" goal.y="38" duration="9.2195444"/>
        </obstacle>
        <obstacle id="14" size="0.5">
            <section id="0" start.x="43" start.y="23" goal.x="41" goal.y="47" duration="24.083189"/>
        </obstacle>
        <obstacle id="15" size="0.5">
            <section id="0" start.x="10" start.y="2" goal.x="14" goal.y="19" duration="17.464249"/>
            <section id="1" start.x="14" start.y="19" goal.x="19" goal.y="26" duration="8.6023254"/>
            <section id="2" start.x="19" start.y="26" goal.x="20" goal.y="26" duration="1"/>
        </obstacle>
        <obstacle id="16" size="0.5">
            <section id="0" start.x="39" start.y="2" goal.x="38" goal.y="3" duration="1.4142135"/>
            <section id="1" start.x="38" start.y="3" goal.x="38" goal.y="4" duration="1"/>
            <section id="2" start.x="38" start.y="4" goal.x="18" goal.y="19" duration="25"/>
            <section id="3" start.x="18" start.y="19" goal.x="5" goal.y="24" duration="13.928389"/>
        </obstacle>
        <obstacle id="17" size="0.5">
            <section id="0" start.x="38" start.y="17" goal.x="39" goal.y="17" duration="1"/>
            <section id="1" start.x="39" start.y="17" goal.x="38" goal.y="16" duration="1.4142135"/>
            <section id="2" start.x="38" start.y="16" goal.x="35" goal.y="14" duration="3.6055512"/>
            <section id="3" start.x="35" start.y="14" goal.x="12" goal.y="9" duration="23.537205"/>
        </obstacle>
        <obstacle id="18" size="0.5">
            <section id="0" start.x="43" start.y="45" goal.x="35" goal.y="29" duration="17.888544"/>
            <section id="1" start.x="35" start.y="29" goal.x="30" goal.y="19" duration="11.18034"/>
            <section id="2" start.x="30" start.y="19" goal.x="29" goal.y="14" duration="5.0990195"/>
        </obstacle>
        <obstacle id="19" size="0.5">
            <section id="0" start.x="24" start.y="27" goal.x="33" goal.y="22" duration="10.29563"/>
            <section id="1" start.x="33" start.y="22" goal.x="42" goal.y="7" duration="17.492855"/>
        </obstacle>
        <obstacle id="20" size="0.5">
            <section id="0" start.x="5" start.y="39" goal.x="21" goal.y="23" duration="22.627417"/>
            <section id="1" start.x="21" start.y="23" goal.x="30" goal.y="15" duration="12.041595"/>
            <section id="2" start.x="30" start.y="15" goal.x="30" goal.y="14" duration="1"/>
            <section id="3" start.x="30" start.y="14" goal.x="39" goal.y="7" duration="11.401754"/>
        </obstacle>
        <obstacle id="21" size="0.5">
            <section id="0" start.x="25" start.y="2" goal.x="25" goal.y="5" duration="3"/>
            <section id="1" start.x="25" start.y="5" goal.x="26" goal.y="6" duration="1.4142135"/>
            <section id="2" start.x="26" start.y="6" goal.x="27" goal.y="25" duration="19.026299"/>
        </obstacle>
        <obstacle id="22" size="0.5">
            <section id="0" start.x="35" start.y="42" goal.x="19" goal.y="30" duration="20"/>
            <section id="1" start.x="19" start.y="30" goal.x="17" goal.y="29" duration="2.236068"/>
            <section id="2" start.x="17" start.y="29" goal.x="14" goal.y="22" duration="7.6157732"/>
            <section id="3" start.x="14" start.y="22" goal.x="15" goal.y="22" duration="1"/>
            <section id="4" start.x="15" start.y="22" goal.x="15" goal.y="21" duration="1"/>
            <section id="5" start.x="15" start.y="21" goal.x="12" goal.y="22" duration="3.1622777"/>
        </obstacle>
        <obstacle id="23" size="0.5">
            <section id="0" start.x="33" start.y="38" goal.x="38" goal.y="38" duration="5"/>
            <section id="1" start.x="38" start.y="38" goal.x="35" goal.y="29" duration="9.4868326"/>
            <section id="2" start.x="35" start.y="29" goal.x="33" goal.y="24" duration="5.3851647"/>
            <section id="3" start.x="33" start.y="24" goal.x="23" goal.y="12" duration="15.6205"/>
        </obstacle>
        <obstacle id="24" size="0.5">
            <section id="0" start.x="42" start.y="29" goal.x="28" goal.y="19" duration="17.204651"/>
            <section id="1" start.x="28" start.y="19" goal.x="27" goal.y="18" duration="1.4142135"/>
            <section id="2" start.x="27" start.y="18" goal.x="13" goal.y="8" duration="17.204651"/>
            <section id="3" start.x="13" start.y="8" goal.x="2" goal.y="2" duration="12.529964"/>
        </obstacle>
        <obstacle id="25" size="0.5">
            <section id="0" start.x="13" start.y="18" goal.x="14" goal.y="20" duration="2.236068"/>
            <section id="1" start.x="14" start.y="20" goal.x="25" goal.y="30" duration="14.866069"/>
            <section id="2" start.x="25" start.y="30" goal.x="30" goal.y="35" duration="7.0710678"/>
            <section id="3" start.x="30" start.y="35" goal.x="35" goal.y="38" duration="5.8309517"/>
        </obstacle>
        <obstacle id="26" size="0.5">
            <section id="0" start.x="12" start.y="21" goal.x="21" goal.y="33" duration="15"/>
            <section id="1" start.x="21" start.y="33" goal.x="32" goal.y="44" duration="15.556349"/>
        </obstacle>
        <obstacle id="27" size="0.5">
            <section id="0" start.x="22" start.y="25" goal.x="19" goal.y="14" duration="11.401754"/>
            <section id="1" start.x="19" start.y="14" goal.x="19" goal.y="14" duration="23.473629"/>
            <section id="2" start.x="19" start.y="14" goal.x="17" goal.y="6" duration="8.2462111"/>
            <section id="3" start.x="17" start.y="6" goal.x="11" goal.y="3" duration="6.7082038"/>
        </obstacle>
        <obstacle id="28" size="0.5">
            <section id="0" start.x="42" start.y="10" goal.x="25" goal.y="13" duration="17.262676"/>
            <section id="1" start.x="25" start.y="13" goal.x="18" goal.y="13" duration="7"/>
            <section id="2" start.x="18" start.y="13" goal.x="3" goal.y="16" duration="15.297058"/>
        </obstacle>
        <obstacle id="29" size="0.5">
            <section id="0" start.x="31" start.y="14" goal.x="30" goal.y="14" duration="1"/>
            <section id="1" start.x="30" start.y="14" goal.x="21" goal.y="25" duration="14.21267"/>
            <section id="2" start.x="21" start.y="25" goal.x="21" goal.y="25" duration="6.0005331"/>
            <section id="3" start.x="21" start.y="25" goal.x="20" goal.y="25" duration="1"/>
            <section id="4" start.x="20" start.y="25" goal.x="20" goal.y="27" duration="2"/>
            <section id="5" start.x="20" start.y="27" goal.x="14" goal.y="30" duration="6.7082038"/>
            <section id="6" start.x="14" start.y="30" goal.x="13" goal.y="32" duration="2.236068"/>
        </obstacle>
        <obstacle id="30" size="0.5">
            <section id="0" start.x="30" start.y="36" goal.x="29" goal.y="36" duration="1"/>
            <section id="1" start.x="29" start.y="36" goal.x="29" goal.y="34" duration="2"/>
            <section id="2" start.x="29" start.y="34" goal.x="30" goal.y="24" duration="10.049875"/>
            <section id="3" start.x="30" start.y="24" goal.x="26" goal.y="9" duration="15.524175"/>
        </obstacle>
        <obstacle id="31" size="0.5">
            <section id="0" start.x="45" start.y="45" goal.x="38" goal.y="1" duration="44.553337"/>
        </obstacle>
        <obstacle id="32" size="0.5">
            <section id="0" start.x="26" start.y="42" goal.x="25" goal.y="39" duration="3.1622777"/>
            <section id="1" start.x="25" start.y="39" goal.x="20" goal.y="29" duration="11.18034"/>
            <section id="2" start.x="20" start.y="29" goal.x="18" goal.y="22" duration="7.2801099"/>
            <section id="3" start.x="18" start.y="22" goal.x="14" goal.y="19" duration="5"/>
            <section id="4" start.x="14" start.y="19" goal.x="12" goal.y="14" duration="5.3851647"/>
            <section id="5" start.x="12" start.y="14" goal.x="12" goal.y="14" duration="1.9881797"/>
            <section id="6" start.x="12" start.y="14" goal.x="8" goal.y="6" duration="8.944272"/>
        </obstacle>
        <obstacle id="33" size="0.5">
            <section id="0" start.x="5" start.y="16" goal.x="12" goal.y="29" duration="14.764823"/>
            <section id="1" start.x="12" start.y="29" goal.x="14" goal.y="35" duration="6.3245554"/>
            <section id="2" start.x="14" start.y="35" goal.x="19" goal.y="40" duration="7.0710678"/>
        </obstacle>
        <obstacle id="34" size="0.5">
            <section id="0" start.x="30" start.y="47" goal.x="30" goal.y="46" duration="1"/>
            <section id="1" start.x="30" start.y="46" goal.x="20" goal.y="34" duration="15.6205"/>
            <section id="2" start.x="20" start.y="34" goal.x="20" goal.y="31" duration="3"/>
            <section id="3" start.x="20" start.y="31" goal.x="18" goal.y="29" duration="2.8284271"/>
            <section id="4" start.x="18" start.y="29" goal.x="17" goal.y="29" duration="1"/>
            <section id="5" start.x="17" start.y="29" goal.x="8" goal.y="19" duration="13.453624"/>
        </obstacle>
        <obstacle id="35" size="0.5">
            <section id="0" start.x="13" start.y="35" goal.x="8" goal.y="24" duration="12.083046"/>
            <section id="1" start.x="8" start.y="24" goal.x="7" goal.y="8" duration="16.031219"/>
        </obstacle>
        <obstacle id="36" size="0.5">
            <section id="0" start.x="19" start.y="36" goal.x="19" goal.y="30" duration="6"/>
            <section id="1" start.x="19" start.y="30" goal.x="16" goal.y="29" duration="3.1622777"/>
            <section id="2" start.x="16" start.y="29" goal.x="13" goal.y="24" duration="5.8309517"/>
            <section id="3" start.x="13" start.y="24" goal.x="14" goal.y="10" duration="14.035668"/>
        </obstacle>
        <obstacle id="37" size="0.5">
            <section id="0" start.x="40" start.y="6" goal.x="23" goal.y="6" duration="17"/>
            <section id="1" start.x="23" start.y="6" goal.x="10" goal.y="10" duration="13.601471"/>
            <section id="2" start.x="10" start.y="10" goal.x="6" goal.y="13" duration="5"/>
        </obstacle>
        <obstacle id="38" size="0.5">
            <section id="0" start.x="43" start.y="13" goal.x="43" goal.y="12" duration="1"/>
            <section id="1" start.x="43" start.y="12" goal.x="26" goal.y="6" duration="18.027756"/>
            <section id="2" start.x="26" start.y="6" goal.x="5" goal.y="5" duration="21.023796"/>
        </obstacle>
        <obstacle id="39" size="0.5">
            <section id="0" start.x="26" start.y="4" goal.x="30" goal.y="19" duration="15.524175"/>
            <section id="1" start.x="30" start.y="19" goal.x="32" goal.y="26" duration="7.2801099"/>
            <section id="2" start.x="32" start.y="26" goal.x="35" goal.y="30" duration="5"/>
            <section id="3" start.x="35" start.y="30" goal.x="40" goal.y="42" duration="13"/>
        </obstacle>
        <obstacle id="40" size="0.5">
            <section id="0" start.x="38" start.y="9" goal.x="37" goal.y="14" duration="5.0990195"/>
            <section id="1" start.x="37" start.y="14" goal.x="35" goal.y="18" duration="4.472136"/>
            <section id="2" start.x="35" start.y="18" goal.x="34" goal.y="19" duration="1.4142135"/>
            <section id="3" start.x="34" start.y="19" goal.x="32" goal.y="20" duration="2.236068"/>
            <section id="4" start.x="32" start.y="20" goal.x="32" goal.y="21" duration="1"/>
            <section id="5" start.x="32" start.y="21" goal.x="21" goal.y="27" duration="12.529964"/>
            <section id="6" start.x="21" start.y="27" goal.x="14" goal.y="30" duration="7.6157732"/>
            <section id="7" start.x="14" start.y="30" goal.x="10" goal.y="33" duration="5"/>
            <section id="8" start.x="10" start.y="33" goal.x="8" goal.y="35" duration="2.8284271"/>
        </obstacle>
        <obstacle id="41" size="0.5">
            <section id="0" start.x="26" start.y="10" goal.x="28" goal.y="24" duration="14.142136"/>
            <section id="1" start.x="28" start.y="24" goal.x="29" goal.y="24" duration="1"/>
            <section id="2" start.x="29" start.y="24" goal.x="29" goal.y="26" duration="2"/>
            <section id="3" start.x="29" start.y="26" goal.x="28" goal.y="35" duration="9.0553856"/>
            <section id="4" start.x="28" start.y="35" goal.x="30" goal.y="36" duration="2.236068"/>
            <section id="5" start.x="30" start.y="36" goal.x="32" goal.y="37" duration="2.236068"/>
        </obstacle>
        <obstacle id="42" size="0.5">
            <section id="0" start.x="19" start.y="43" goal.x="14" goal.y="35" duration="9.4339809"/>
            <section id="1" start.x="14" start.y="35" goal.x="13" goal.y="28" duration="7.0710678"/>
            <section id="2" start.x="13" start.y="28" goal.x="9" goal.y="13" duration="15.524175"/>
            <section id="3" start.x="9" start.y="13" goal.x="10" goal.y="14" duration="1.4142135"/>
            <section id="4" start.x="10" start.y="14" goal.x="5" goal.y="15" duration="5.0990195"/>
        </obstacle>
        <obstacle id="43" size="0.5">
            <section id="0" start.x="38" start.y="24" goal.x="38" goal.y="25" duration="1"/>
            <section id="1" start.x="38" start.y="25" goal.x="37" goal.y="25" duration="1"/>
            <section id="2" start.x="37" start.y="25" goal.x="18" goal.y="35" duration="21.470911"/>
            <section id="3" start.x="18" start.y="35" goal.x="12" goal.y="35" duration="6"/>
            <section id="4" start.x="12" start.y="35" goal.x="5" goal.y="33" duration="7.2801099"/>
        </obstacle>
        <obstacle id="44" size="0.5">
            <section id="0" start.x="2" start.y="6" goal.x="6" goal.y="10" duration="5.6568542"/>
            <section id="1" start.x="6" start.y="10" goal.x="12" goal.y="21" duration="12.529964"/>
            <section id="2" start.x="12" start.y="21" goal.x="17" goal.y="26" duration="7.0710678"/>
            <section id="3" start.x="17" start.y="26" goal.x="18" goal.y="27" duration="1.4142135"/>
            <section id="4" start.x="18" start.y="27" goal.x="19" goal.y="29" duration="2.236068"/>
            <section id="5" start.x="19" start.y="29" goal.x="20" goal.y="29" duration="1"/>
            <section id="6" start.x="20" start.y="29" goal.x="30" goal.y="35" duration="11.661903"/>
            <section id="7" start.x="30" start.y="35" goal.x="36" goal.y="37" duration="6.3245554"/>
            <section id="8" start.x="36" start.y="37" goal.x="45" goal.y="44" duration="11.401754"/>
        </obstacle>
        <obstacle id="45" size="0.5">
            <section id="0" start.x="43" start.y="2" goal.x="35" goal.y="23" duration="22.472204"/>
            <section id="1" start.x="35" start.y="23" goal.x="30" goal.y="30" duration="8.6023254"/>
            <section id="2" start.x="30" start.y="30" goal.x="30" goal.y="44" duration="14"/>
        </obstacle>
        <obstacle id="46" size="0.5">
            <section id="0" start.x="36" start.y="7" goal.x="33" goal.y="8" duration="3.1622777"/>
            <section id="1" start.x="33" start.y="8" goal.x="27" goal.y="10" duration="6.3245554"/>
            <section id="2" start.x="27" start.y="10" goal.x="17" goal.y="21" duration="14.866069"/>
            <section id="3" start.x="17" start.y="21" goal.x="10" goal.y="23" duration="7.2801099"/>
            <section id="4" start.x="10" start.y="23" goal.x="9" goal.y="29" duration="6.0827627"/>
        </obstacle>
        <obstacle id="47" size="0.5">
            <section id="0" start.x="36" start.y="31" goal.x="35" goal.y="30" duration="1.4142135"/>
            <section id="1" start.x="35" start.y="30" goal.x="17" goal.y="21" duration="20.124611"/>
            <section id="2" start.x="17" start.y="21" goal.x="8" goal.y="21" duration="9"/>
        </obstacle>
        <obstacle id="48" size="0.5">
            <section id="0" start.x="19" start.y="8" goal.x="19" goal.y="8" duration="1.7327473"/>
            <section id="1" start.x="19" start.y="8" goal.x="29" goal.y="23" duration="18.027756"/>
            <section id="2" start.x="29" start.y="23" goal.x="45" goal.y="39" duration="22.627417"/>
            <section id="3" start.x="45" start.y="39" goal.x="46" goal.y="39" duration="1"/>
            <section id="4" start.x="46" start.y="39" goal.x="47" goal.y="41" duration="2.236068"/>
        </obstacle>
        <obstacle id="49" size="0.5">
            <section id="0" start.x="30" start.y="40" goal.x="26" goal.y="33" duration="8.0622578"/>
            <section id="1" start.x="26" start.y="33" goal.x="23" goal.y="21" duration="12.369317"/>
            <section id="2" start.x="23" start.y="21" goal.x="22" goal.y="10" duration="11.045361"/>
            <section id="3" start.x="22" start.y="10" goal.x="22" goal.y="2" duration="8"/>
        </obstacle>
        <obstacle id="50" size="0.5">
            <section id="0" start.x="30" start.y="9" goal.x="29" goal.y="10" duration="1.4142135"/>
            <section id="1" start.x="29" start.y="10" goal.x="28" goal.y="10" duration="1"/>
            <section id="2" start.x="28" start.y="10" goal.x="23" goal.y="17" duration="8.6023254"/>
            <section id="3" start.x="23" start.y="17" goal.x="23" goal.y="17" duration="4.9258633"/>
            <section id="4" start.x="23" start.y="17" goal.x="17" goal.y="24" duration="9.2195444"/>
            <section id="5" start.x="17" start.y="24" goal.x="17" goal.y="30" duration="6"/>
        </obstacle>
        <obstacle id="51" size="0.5">
            <section id="0" start.x="17" start.y="19" goal.x="18" goal.y="24" duration="5.0990195"/>
            <section id="1" start.x="18" start.y="24" goal.x="24" goal.y="29" duration="7.8102498"/>
            <section id="2" start.x="24" start.y="29" goal.x="26" goal.y="30" duration="2.236068"/>
            <section id="3" start.x="26" start.y="30" goal.x="31" goal.y="36" duration="7.8102498"/>
            <section id="4" start.x="31" start.y="36" goal.x="42" goal.y="46" duration="14.866069"/>
        </obstacle>
        <obstacle id="52" size="0.5">
            <section id="0" start.x="25" start.y="15" goal.x="23" goal.y="28" duration="13.152946"/>
            <section id="1" start.x="23" start.y="28" goal.x="25" goal.y="31" duration="3.6055512"/>
            <section id="2" start.x="25" start.y="31" goal.x="24" goal.y="46" duration="15.033297"/>
        </obstacle>
        <obstacle id="53" size="0.5">
            <section id="0" start.x="29" start.y="43" goal.x="30" goal.y="32" duration="11.045361"/>
            <section id="1" start.x="30" start.y="32" goal.x="28" goal.y="27" duration="5.3851647"/>
            <section id="2" start.x="28" start.y="27" goal.x="24" goal.y="26" duration="4.1231055"/>
            <section id="3" start.x="24" start.y="26" goal.x="24" goal.y="25" duration="1"/>
            <section id="4" start.x="24" start.y="25" goal.x="16" goal.y="23" duration="8.2462111"/>
        </obstacle>
        <obstacle id="54" size="0.5">
            <section id="0" start.x="9" start.y="31" goal.x="15" goal.y="27" duration="7.2111025"/>
            <section id="1" start.x="15" start.y="27" goal.x="17" goal.y="26" duration="2.236068"/>
            <section id="2" start.x="17" start.y="26" goal.x="26" goal.y="17" duration="12.727922"/>
            <section id="3" start.x="26" start.y="17" goal.x="29" goal.y="10" duration="7.6157732"/>
        </obstacle>
        <obstacle id="55" size="0.5">
            <section id="0" start.x="29" start.y="30" goal.x="26" goal.y="29" duration="3.1622777"/>
            <section id="1" start.x="26" start.y="29" goal.x="19" goal.y="22" duration="9.8994951"/>
            <section id="2" start.x="19" start.y="22" goal.x="19" goal.y="23" duration="1"/>
            <section id="3" start.x="19" start.y="23" goal.x="21" goal.y="21" duration="2.8284271"/>
            <section id="4" start.x="21" start.y="21" goal.x="21" goal.y="21" duration="3.7224464"/>
            <section id="5" start.x="21" start.y="21" goal.x="22" goal.y="21" duration="1"/>
            <section id="6" start.x="22" start.y="21" goal.x="22" goal.y="8" duration="13"/>
        </obstacle>
        <obstacle id="56" size="0.5">
            <section id="0" start.x="9" start.y="41" goal.x="10" goal.y="41" duration="1"/>
            <section id="1" start.x="10" start.y="41" goal.x="16" goal.y="38" duration="6.7082038"/>
            <section id="2" start.x="16" start.y="38" goal.x="19" goal.y="34" duration="5"/>
            <section id="3" start.x="19" start.y="34" goal.x="20" goal.y="31" duration="3.1622777"/>
            <section id="4" start.x="20" start.y="31" goal.x="23" goal.y="28" duration="4.2426405"/>
            <section id="5" start.x="23" start.y="28" goal.x="35" goal.y="25" duration="12.369317"/>
        </obstacle>
        <obstacle id="57" size="0.5">
            <section id="0" start.x="10" start.y="33" goal.x="12" goal.y="25" duration="8.2462111"/>
            <section id="1" start.x="12" start.y="25" goal.x="19" goal.y="18" duration="9.8994951"/>
            <section id="2" start.x="19" start.y="18" goal.x="19" goal.y="16" duration="2"/>
            <section id="3" start.x="19" start.y="16" goal.x="28" goal.y="9" duration="11.401754"/>
            <section id="4" start.x="28" start.y="9" goal.x="38" goal.y="4" duration="11.18034"/>
            <section id="5" start.x="38" start.y="4" goal.x="39" goal.y="2" duration="2.236068"/>
            <section id="6" start.x="39" start.y="2" goal.x="40" goal.y="1" duration="1.4142135"/>
        </obstacle>
        <obstacle id="58" size="0.5">
            <section id="0" start.x="32" start.y="29" goal.x="38" goal.y="19" duration="11.661903"/>
            <section id="1" start.x="38" start.y="19" goal.x="46" goal.y="10" duration="12.041595"/>
        </obstacle>
        <obstacle id="59" size="0.5">
            <section id="0" start.x="24" start.y="39" goal.x="20" goal.y="26" duration="13.601471"/>
            <section id="1" start.x="20" start.y="26" goal.x="20" goal.y="25" duration="1"/>
            <section id="2" start.x="20" start.y="25" goal.x="16" goal.y="20" duration="6.4031243"/>
            <section id="3" start.x="16" start.y="20" goal.x="14" goal.y="19" duration="2.236068"/>
            <section id="4" start.x="14" start.y="19" goal.x="11" goal.y="16" duration="4.2426405"/>
            <section id="5" start.x="11" start.y="16" goal.x="11" goal.y="16" duration="4.8442779"/>
            <section id="6" start.x="11" start.y="16" goal.x="11" goal.y="15" duration="1"/>
            <section id="7" start.x="11" start.y="15" goal.x="9" goal.y="14" duration="2.236068"/>
            <section id="8" start.x="9" start.y="14" goal.x="8" goal.y="14" duration="1"/>
        </obstacle>
        <obstacle id="60" size="0.5">
            <section id="0" start.x="44" start.y="5" goal.x="37" goal.y="10" duration="8.6023254"/>
            <section id="1" start.x="37" start.y="10" goal.x="22" goal.y="10" duration="15"/>
            <section id="2" start.x="22" start.y="10" goal.x="15" goal.y="8" duration="7.2801099"/>
        </obstacle>
        <obstacle id="61" size="0.5">
            <section id="0" start.x="38" start.y="32" goal.x="41" goal.y="27" duration="5.8309517"/>
            <section id="1" start.x="41" start.y="27" goal.x="46" goal.y="12" duration="15.811388"/>
            <section id="2" start.x="46" start.y="12" goal.x="47" goal.y="11" duration="1.4142135"/>
            <section id="3" start.x="47" start.y="11" goal.x="47" goal.y="9" duration="2"/>
        </obstacle>
        <obstacle id="62" size="0.5">
            <section id="0" start.x="43" start.y="8" goal.x="41" goal.y="27" duration="19.104973"/>
            <section id="1" start.x="41" start.y="27" goal.x="41" goal.y="43" duration="16"/>
            <section id="2" start.x="41" start.y="43" goal.x="41" goal.y="43" duration="20.286503"/>
            <section id="3" start.x="41" start.y="43" goal.x="41" goal.y="42" duration="1"/>
        </obstacle>
        <obstacle id="63" size="0.5">
            <section id="0" start.x="9" start.y="42" goal.x="8" goal.y="42" duration="1"/>
            <section id="1" start.x="8" start.y="42" goal.x="3" goal.y="12" duration="30.413813"/>
            <section id="2" start.x="3" start.y="12" goal.x="2" goal.y="12" duration="1"/>
        </obstacle>
        <obstacle id="64" size="0.5">
            <section id="0" start.x="22" start.y="31" goal.x="25" goal.y="31" duration="3"/>
            <section id="1" start.x="25" start.y="31" goal.x="28" goal.y="25" duration="6.7082038"/>
            <section id="2" start.x="28" start.y="25" goal.x="28" goal.y="26" duration="1"/>
            <section id="3" start.x="28" start.y="26" goal.x="30" goal.y="26" duration="2"/>
            <section id="4" start.x="30" start.y="26" goal.x="30" goal.y="24" duration="2"/>
            <section id="5" start.x="30" start.y="24" goal.x="31" goal.y="23" duration="1.4142135"/>
            <section id="6" start.x="31" start.y="23" goal.x="41" goal.y="16" duration="12.206555"/>
            <section id="7" start.x="41" start.y="16" goal.x="42" goal.y="16" duration="1"/>
            <section id="8" start.x="42" start.y="16" goal.x="41" goal.y="16" duration="1"/>
            <section id="9" start.x="41" start.y="16" goal.x="41" goal.y="16" duration="9.4955816"/>
            <section id="10" start.x="41" start.y="16" goal.x="39" goal.y="8" duration="8.2462111"/>
        </obstacle>
        <obstacle id="65" size="0.5">
            <section id="0" start.x="22" start.y="34" goal.x="22" goal.y="34" duration="2.5052681"/>
            <section id="1" start.x="22" start.y="34" goal.x="18" goal.y="24" duration="10.770329"/>
            <section id="2" start.x="18" start.y="24" goal.x="16" goal.y="21" duration="3.6055512"/>
            <section id="3" start.x="16" start.y="21" goal.x="14" goal.y="21" duration="2"/>
            <section id="4" start.x="14" start.y="21" goal.x="9" goal.y="12" duration="10.29563"/>
        </obstacle>
        <obstacle id="66" size="0.5">
            <section id="0" start.x="42" start.y="40" goal.x="8" goal.y="45" duration="34.365681"/>
        </obstacle>
        <obstacle id="67" size="0.5">
            <section id="0" start.x="39" start.y="42" goal.x="14" goal.y="43" duration="25.019993"/>
        </obstacle>
        <obstacle id="68" size="0.5">
            <section id="0" start.x="11" start.y="17" goal.x="14" goal.y="19" duration="3.6055512"/>
            <section id="1" start.x="14" start.y="19" goal.x="26" goal.y="22" duration="12.369317"/>
            <section id="2" start.x="26" start.y="22" goal.x="30" goal.y="34" duration="12.649111"/>
            <section id="3" start.x="30" start.y="34" goal.x="30" goal.y="35" duration="1"/>
            <section id="4" start.x="30" start.y="35" goal.x="45" goal.y="39" duration="15.524175"/>
            <section id="5" start.x="45" start.y="39" goal.x="47" goal.y="39" duration="2"/>
        </obstacle>
        <obstacle id="69" size="0.5">
            <section id="0" start.x="29" start.y="11" goal.x="35" goal.y="12" duration="6.0827627"/>
            <section id="1" start.x="35" start.y="12" goal.x="41" goal.y="26" duration="15.231546"/>
            <section id="2" start.x="41" start.y="26" goal.x="44" goal.y="29" duration="4.2426405"/>
        </obstacle>
        <obstacle id="70" size="0.5">
            <section id="0" start.x="45" start.y="22" goal.x="24" goal.y="29" duration="22.135944"/>
            <section id="1" start.x="24" start.y="29" goal.x="20" goal.y="27" duration="4.472136"/>
            <section id="2" start.x="20" start.y="27" goal.x="12" goal.y="27" duration="8"/>
            <section id="3" start.x="12" start.y="27" goal.x="12" goal.y="28" duration="1"/>
        </obstacle>
        <obstacle id="71" size="0.5">
            <section id="0" start.x="16" start.y="5" goal.x="25" goal.y="15" duration="13.453624"/>
            <section id="1" start.x="25" start.y="15" goal.x="26" goal.y="15" duration="1"/>
            <section id="2" start.x="26" start.y="15" goal.x="26" goal.y="19" duration="4"/>
            <section id="3" start.x="26" start.y="19" goal.x="35" goal.y="30" duration="14.21267"/>
            <section id="4" start.x="35" start.y="30" goal.x="38" goal.y="42" duration="12.369317"/>
            <section id="5" start.x="38" start.y="42" goal.x="37" goal.y="42" duration="1"/>
            <section id="6" start.x="37" start.y="42" goal.x="38" goal.y="45" duration="3.1622777"/>
        </obstacle>
        <obstacle id="72" size="0.5">
            <section id="0" start.x="17" start.y="45" goal.x="19" goal.y="34" duration="11.18034"/>
            <section id="1" start.x="19" start.y="34" goal.x="19" goal.y="29" duration="5"/>
            <section id="2" start.x="19" start.y="29" goal.x="20" goal.y="26" duration="3.1622777"/>
            <section id="3" start.x="20" start.y="26" goal.x="19" goal.y="26" duration="1"/>
            <section id="4" start.x="19" start.y="26" goal.x="19" goal.y="24" duration="2"/>
            <section id="5" start.x="19" start.y="24" goal.x="25" goal.y="15" duration="10.816654"/>
            <section id="6" start.x="25" start.y="15" goal.x="29" goal.y="7" duration="8.944272"/>
        </obstacle>
        <obstacle id="73" size="0.5">
            <section id="0" start.x="9" start.y="40" goal.x="10" goal.y="39" duration="1.4142135"/>
            <section id="1" start.x="10" start.y="39" goal.x="10" goal.y="40" duration="1"/>
            <section id="2" start.x="10" start.y="40" goal.x="22" goal.y="37" duration="12.369317"/>
            <section id="3" start.x="22" start.y="37" goal.x="26" goal.y="34" duration="5"/>
            <section id="4" start.x="26" start.y="34" goal.x="27" goal.y="30" duration="4.1231055"/>
            <section id="5" start.x="27" start.y="30" goal.x="31" goal.y="27" duration="5"/>
            <section id="6" start.x="31" start.y="27" goal.x="40" goal.y="25" duration="9.2195444"/>
        </obstacle>
        <obstacle id="74" size="0.5">
            <section id="0" start.x="27" start.y="31" goal.x="28" goal.y="31" duration="1"/>
            <section id="1" start.x="28" start.y="31" goal.x="29" goal.y="19" duration="12.041595"/>
            <section id="2" start.x="29" start.y="19" goal.x="28" goal.y="16" duration="3.1622777"/>
            <section id="3" start.x="28" start.y="16" goal.x="31" goal.y="6" duration="10.440307"/>
        </obstacle>
        <obstacle id="75" size="0.5">
            <section id="0" start.x="39" start.y="25" goal.x="39" goal.y="24" duration="1"/>
            <section id="1" start.x="39" start.y="24" goal.x="38" goal.y="25" duration="1.4142135"/>
            <section id="2" start.x="38" start.y="25" goal.x="37" goal.y="25" duration="1"/>
            <section id="3" start.x="37" start.y="25" goal.x="29" goal.y="28" duration="8.5440035"/>
            <section id="4" start.x="29" start.y="28" goal.x="25" goal.y="28" duration="4"/>
            <section id="5" start.x="25" start.y="28" goal.x="23" goal.y="30" duration="2.8284271"/>
            <section id="6" start.x="23" start.y="30" goal.x="13" goal.y="30" duration="10"/>
            <section id="7" start.x="13" start.y="30" goal.x="4" goal.y="24" duration="10.816654"/>
        </obstacle>
        <obstacle id="76" size="0.5">
            <section id="0" start.x="33" start.y="9" goal.x="24" goal.y="14" duration="10.29563"/>
            <section id="1" start.x="24" start.y="14" goal.x="20" goal.y="19" duration="6.4031243"/>
            <section id="2" start.x="20" start.y="19" goal.x="19" goal.y="20" duration="1.4142135"/>
            <section id="3" start.x="19" start.y="20" goal.x="17" goal.y="19" duration="2.236068"/>
            <section id="4" start.x="17" start.y="19" goal.x="17" goal.y="20" duration="1"/>
            <section id="5" start.x="17" start.y="20" goal.x="12" goal.y="20" duration="5"/>
        </obstacle>
        <obstacle id="77" size="0.5">
            <section id="0" start.x="27" start.y="38" goal.x="11" goal.y="40" duration="16.124516"/>
            <section id="1" start.x="11" start.y="40" goal.x="1" goal.y="40" duration="10"/>
        </obstacle>
        <obstacle id="78" size="0.5">
            <section id="0" start.x="5" start.y="30" goal.x="12" goal.y="34" duration="8.0622578"/>
            <section id="1" start.x="12" start.y="34" goal.x="12" goal.y="35" duration="1"/>
            <section id="2" start.x="12" start.y="35" goal.x="22" goal.y="35" duration="10"/>
            <section id="3" start.x="22" start.y="35" goal.x="27" goal.y="34" duration="5.0990195"/>
            <section id="4" start.x="27" start.y="34" goal.x="27" goal.y="34" duration="2"/>
            <section id="5" start.x="27" start.y="34" goal.x="28" goal.y="33" duration="1.4142135"/>
            <section id="6" start.x="28" start.y="33" goal.x="29" goal.y="35" duration="2.236068"/>
            <section id="7" start.x="29" start.y="35" goal.x="40" goal.y="38" duration="11.401754"/>
        </obstacle>
        <obstacle id="79" size="0.5">
            <section id="0" start.x="34" start.y="6" goal.x="29" goal.y="11" duration="7.0710678"/>
            <section id="1" start.x="29" start.y="11" goal.x="29" goal.y="11" duration="1.75159"/>
            <section id="2" start.x="29" start.y="11" goal.x="28" goal.y="12" duration="1.4142135"/>
            <section id="3" start.x="28" start.y="12" goal.x="27" goal.y="12" duration="1"/>
            <section id="4" start.x="27" start.y="12" goal.x="27" goal.y="13" duration="1"/>
            <section id="5" start.x="27" start.y="13" goal.x="26" goal.y="13" duration="1"/>
            <section id="6" start.x="26" start.y="13" goal.x="19" goal.y="22" duration="11.401754"/>
            <section id="7" start.x="19" start.y="22" goal.x="20" goal.y="22" duration="1"/>
            <section id="8" start.x="20" start.y="22" goal.x="20" goal.y="23" duration="1"/>
            <section id="9" start.x="20" start.y="23" goal.x="12" goal.y="31" duration="11.313708"/>
            <section id="10" start.x="12" start.y="31" goal.x="8" goal.y="37" duration="7.2111025"/>
            <section id="11" start.x="8" start.y="37" goal.x="7" goal.y="38" duration="1.4142135"/>
            <section id="12" start.x="7" start.y="38" goal.x="6" goal.y="40" duration="2.236068"/>
        </obstacle>
        <obstacle id="80" size="0.5">
            <section id="0" start.x="10" start.y="26" goal.x="9" goal.y="29" duration="3.1622777"/>
            <section id="1" start.x="9" start.y="29" goal.x="10" goal.y="31" duration="2.236068"/>
            <section id="2" start.x="10" start.y="31" goal.x="12" goal.y="33" duration="2.8284271"/>
            <section id="3" start.x="12" start.y="33" goal.x="12" goal.y="34" duration="1"/>
            <section id="4" start.x="12" start.y="34" goal.x="12" goal.y="34" duration="1"/>
            <section id="5" start.x="12" start.y="34" goal.x="16" goal.y="36" duration="4.472136"/>
            <section id="6" start.x="16" start.y="36" goal.x="24" goal.y="36" duration="8"/>
            <section id="7" start.x="24" start.y="36" goal.x="34" goal.y="39" duration="10.440307"/>
            <section id="8" start.x="34" start.y="39" goal.x="36" goal.y="39" duration="2"/>
            <section id="9" start.x="36" start.y="39" goal.x="37" goal.y="38" duration="1.4142135"/>
            <section id="10" start.x="37" start.y="38" goal.x="38" goal.y="38" duration="1"/>
            <section id="11" start.x="38" start.y="38" goal.x="41" goal.y="39" duration="3.1622777"/>
            <section id="12" start.x="41" start.y="39" goal.x="41" goal.y="39" duration="12.044595"/>
            <section id="13" start.x="41" start.y="39" goal.x="40" goal.y="39" duration="1"/>
        </obstacle>
        <obstacle id="81" size="0.5">
            <section id="0" start.x="10" start.y="24" goal.x="19" goal.y="20" duration="9.8488579"/>
            <section id="1" start.x="19" start.y="20" goal.x="28" goal.y="21" duration="9.0553856"/>
            <section id="2" start.x="28" start.y="21" goal.x="31" goal.y="19" duration="3.6055512"/>
            <section id="3" start.x="31" start.y="19" goal.x="34" goal.y="19" duration="3"/>
            <section id="4" start.x="34" start.y="19" goal.x="43" goal.y="17" duration="9.2195444"/>
            <section id="5" start.x="43" start.y="17" goal.x="43" goal.y="16" duration="1"/>
        </obstacle>
        <obstacle id="82" size="0.5">
            <section id="0" start.x="3" start.y="42" goal.x="8" goal.y="39" duration="5.8309517"/>
            <section id="1" start.x="8" start.y="39" goal.x="10" goal.y="29" duration="10.198039"/>
            <section id="2" start.x="10" start.y="29" goal.x="13" goal.y="25" duration="5"/>
            <section id="3" start.x="13" start.y="25" goal.x="15" goal.y="23" duration="2.8284271"/>
            <section id="4" start.x="15" start.y="23" goal.x="17" goal.y="22" duration="2.236068"/>
            <section id="5" start.x="17" start.y="22" goal.x="21" goal.y="17" duration="6.4031243"/>
        </obstacle>
        <obstacle id="83" size="0.5">
            <section id="0" start.x="13" start.y="31" goal.x="14" goal.y="35" duration="4.1231055"/>
            <section id="1" start.x="14" start.y="35" goal.x="18" goal.y="35" duration="4"/>
            <section id="2" start.x="18" start.y="35" goal.x="21" goal.y="34" duration="3.1622777"/>
            <section id="3" start.x="21" start.y="34" goal.x="25" goal.y="35" duration="4.1231055"/>
            <section id="4" start.x="25" start.y="35" goal.x="32" goal.y="36" duration="7.0710678"/>
            <section id="5" start.x="32" start.y="36" goal.x="37" goal.y="33" duration="5.8309517"/>
            <section id="6" start.x="37" start.y="33" goal.x="47" goal.y="25" duration="12.806249"/>
        </obstacle>
        <obstacle id="84" size="0.5">
            <section id="0" start.x="6" start.y="43" goal.x="11" goal.y="41" duration="5.3851647"/>
            <section id="1" start.x="11" start.y="41" goal.x="16" goal.y="38" duration="5.8309517"/>
            <section id="2" start.x="16" start.y="38" goal.x="22" goal.y="35" duration="6.7082038"/>
            <section id="3" start.x="22" start.y="35" goal.x="23" goal.y="34" duration="1.4142135"/>
            <section id="4" start.x="23" start.y="34" goal.x="27" goal.y="30" duration="5.6568542"/>
            <section id="5" start.x="27" start.y="30" goal.x="34" goal.y="24" duration="9.2195444"/>
            <section id="6" start.x="34" start.y="24" goal.x="47" goal.y="20" duration="13.601471"/>
        </obstacle>
        <obstacle id="85" size="0.5">
            <section id="0" start.x="20" start.y="30" goal.x="14" goal.y="30" duration="6"/>
            <section id="1" start.x="14" start.y="30" goal.x="11" goal.y="31" duration="3.1622777"/>
            <section id="2" start.x="11" start.y="31" goal.x="10" goal.y="34" duration="3.1622777"/>
            <section id="3" start.x="10" start.y="34" goal.x="1" goal.y="43" duration="12.727922"/>
        </obstacle>
        <obstacle id="86" size="0.5">
            <section id="0" start.x="13" start.y="2" goal.x="15" goal.y="4" duration="2.8284271"/>
            <section id="1" start.x="15" start.y="4" goal.x="27" goal.y="16" duration="16.970562"/>
            <section id="2" start.x="27" start.y="16" goal.x="27" goal.y="18" duration="2"/>
            <section id="3" start.x="27" start.y="18" goal.x="30" goal.y="27" duration="9.4868326"/>
            <section id="4" start.x="30" start.y="27" goal.x="35" goal.y="30" duration="5.8309517"/>
            <section id="5" start.x="35" start.y="30" goal.x="44" goal.y="40" duration="13.453624"/>
        </obstacle>
        <obstacle id="87" size="0.5">
            <section id="0" start.x="34" start.y="20" goal.x="22" goal.y="26" duration="13.416408"/>
            <section id="1" start.x="22" start.y="26" goal.x="20" goal.y="29" duration="3.6055512"/>
            <section id="2" start.x="20" start.y="29" goal.x="14" goal.y="30" duration="6.0827627"/>
            <section id="3" start.x="14" start.y="30" goal.x="3" goal.y="45" duration="18.601076"/>
        </obstacle>
        <obstacle id="88" size="0.5">
            <section id="0" start.x="1" start.y="10" goal.x="12" goal.y="23" duration="17.029387"/>
            <section id="1" start.x="12" start.y="23" goal.x="20" goal.y="26" duration="8.5440035"/>
            <section id="2" start.x="20" start.y="26" goal.x="21" goal.y="25" duration="1.4142135"/>
            <section id="3" start.x="21" start.y="25" goal.x="21" goal.y="27" duration="2"/>
            <section id="4" start.x="21" start.y="27" goal.x="20" goal.y="28" duration="1.4142135"/>
            <section id="5" start.x="20" start.y="28" goal.x="27" goal.y="33" duration="8.6023254"/>
        </obstacle>
        <obstacle id="89" size="0.5">
            <section id="0" start.x="37" start.y="17" goal.x="34" goal.y="19" duration="3.6055512"/>
            <section id="1" start.x="34" start.y="19" goal.x="30" goal.y="19" duration="4"/>
            <section id="2" start.x="30" start.y="19" goal.x="28" goal.y="16" duration="3.6055512"/>
            <section id="3" start.x="28" start.y="16" goal.x="28" goal.y="14" duration="2"/>
            <section id="4" start.x="28" start.y="14" goal.x="26" goal.y="14" duration="2"/>
            <section id="5" start.x="26" start.y="14" goal.x="25" goal.y="15" duration="1.4142135"/>
            <section id="6" start.x="25" start.y="15" goal.x="24" goal.y="15" duration="1"/>
            <section id="7" start.x="24" start.y="15" goal.x="22" goal.y="14" duration="2.236068"/>
            <section id="8" start.x="22" start.y="14" goal.x="22" goal.y="14" duration="1"/>
            <section id="9" start.x="22" start.y="14" goal.x="21" goal.y="12" duration="2.236068"/>
            <section id="10" start.x="21" start.y="12" goal.x="15" goal.y="9" duration="6.7082038"/>
            <section id="11" start.x="15" start.y="9" goal.x="13" goal.y="8" duration="2.236068"/>
            <section id="12" start.x="13" start.y="8" goal.x="11" goal.y="6" duration="2.8284271"/>
            <section id="13" start.x="11" start.y="6" goal.x="10" goal.y="5" duration="1.4142135"/>
            <section id="14" start.x="10" start.y="5" goal.x="7" goal.y="3" duration="3.6055512"/>
        </obstacle>
        <obstacle id="90" size="0.5">
            <section id="0" start.x="17" start.y="4" goal.x="34" goal.y="3" duration="17.029387"/>
            <section id="1" start.x="34" start.y="3" goal.x="39" goal.y="2" duration="5.0990195"/>
            <section id="2" start.x="39" start.y="2" goal.x="43" goal.y="1" duration="4.1231055"/>
        </obstacle>
        <obstacle id="91" size="0.5">
            <section id="0" start.x="10" start.y="20" goal.x="12" goal.y="23" duration="3.6055512"/>
            <section id="1" start.x="12" start.y="23" goal.x="21" goal.y="21" duration="9.2195444"/>
            <section id="2" start.x="21" start.y="21" goal.x="30" goal.y="23" duration="9.2195444"/>
            <section id="3" start.x="30" start.y="23" goal.x="31" goal.y="24" duration="1.4142135"/>
            <section id="4" start.x="31" start.y="24" goal.x="31" goal.y="24" duration="1"/>
            <section id="5" start.x="31" start.y="24" goal.x="41" goal.y="28" duration="10.770329"/>
            <section id="6" start.x="41" start.y="28" goal.x="47" goal.y="28" duration="6"/>
            <section id="7" start.x="47" start.y="28" goal.x="47" goal.y="29" duration="1"/>
        </obstacle>
        <obstacle id="92" size="0.5">
            <section id="0" start.x="27" start.y="28" goal.x="25" goal.y="27" duration="2.236068"/>
            <section id="1" start.x="25" start.y="27" goal.x="22" goal.y="21" duration="6.7082038"/>
            <section id="2" start.x="22" start.y="21" goal.x="21" goal.y="19" duration="2.236068"/>
            <section id="3" start.x="21" start.y="19" goal.x="20" goal.y="13" duration="6.0827627"/>
            <section id="4" start.x="20" start.y="13" goal.x="8" goal.y="9" duration="12.649111"/>
        </obstacle>
        <obstacle id="93" size="0.5">
            <section id="0" start.x="20" start.y="42" goal.x="21" goal.y="29" duration="13.038404"/>
            <section id="1" start.x="21" start.y="29" goal.x="22" goal.y="28" duration="1.4142135"/>
            <section id="2" start.x="22" start.y="28" goal.x="23" goal.y="25" duration="3.1622777"/>
            <section id="3" start.x="23" start.y="25" goal.x="23" goal.y="23" duration="2"/>
            <section id="4" start.x="23" start.y="23" goal.x="25" goal.y="17" duration="6.3245554"/>
            <section id="5" start.x="25" start.y="17" goal.x="25" goal.y="17" duration="4.2349191"/>
            <section id="6" start.x="25" start.y="17" goal.x="26" goal.y="17" duration="1"/>
            <section id="7" start.x="26" start.y="17" goal.x="29" goal.y="16" duration="3.1622777"/>
        </obstacle>
        <obstacle id="94" size="0.5">
            <section id="0" start.x="22" start.y="40" goal.x="23" goal.y="37" duration="3.1622777"/>
            <section id="1" start.x="23" start.y="37" goal.x="22" goal.y="34" duration="3.1622777"/>
            <section id="2" start.x="22" start.y="34" goal.x="21" goal.y="31" duration="3.1622777"/>
            <section id="3" start.x="21" start.y="31" goal.x="18" goal.y="27" duration="5"/>
            <section id="4" start.x="18" start.y="27" goal.x="17" goal.y="23" duration="4.1231055"/>
            <section id="5" start.x="17" start.y="23" goal.x="15" goal.y="23" duration="2"/>
            <section id="6" start.x="15" start.y="23" goal.x="15" goal.y="22" duration="1"/>
            <section id="7" start.x="15" start.y="22" goal.x="11" goal.y="20" duration="4.472136"/>
            <section id="8" start.x="11" start.y="20" goal.x="8" goal.y="13" duration="7.6157732"/>
            <section id="9" start.x="8" start.y="13" goal.x="8" goal.y="13" duration="1"/>
            <section id="10" start.x="8" start.y="13" goal.x="8" goal.y="11" duration="2"/>
            <section id="11" start.x="8" start.y="11" goal.x="9" goal.y="11" duration="1"/>
        </obstacle>
        <obstacle id="95" size="0.5">
            <section id="0" start.x="9" start.y="8" goal.x="24" goal.y="5" duration="15.297058"/>
            <section id="1" start.x="24" start.y="5" goal.x="43" goal.y="4" duration="19.026299"/>
        </obstacle>
        <obstacle id="96" size="0.5">
            <section id="0" start.x="16" start.y="28" goal.x="17" goal.y="28" duration="1"/>
            <section id="1" start.x="17" start.y="28" goal.x="22" goal.y="23" duration="7.0710678"/>
            <section id="2" start.x="22" start.y="23" goal.x="26" goal.y="22" duration="4.1231055"/>
            <section id="3" start.x="26" start.y="22" goal.x="28" goal.y="19" duration="3.6055512"/>
            <section id="4" start.x="28" start.y="19" goal.x="30" goal.y="14" duration="5.3851647"/>
            <section id="5" start.x="30" start.y="14" goal.x="44" goal.y="11" duration="14.317822"/>
        </obstacle>
        <obstacle id="97" size="0.5">
            <section id="0" start.x="7" start.y="27" goal.x="9" goal.y="34" duration="7.2801099"/>
            <section id="1" start.x="9" start.y="34" goal.x="15" goal.y="37" duration="6.7082038"/>
            <section id="2" start.x="15" start.y="37" goal.x="15" goal.y="37" duration="1.6244088"/>
            <section id="3" start.x="15" start.y="37" goal.x="24" goal.y="37" duration="9"/>
            <section id="4" start.x="24" start.y="37" goal.x="24" goal.y="43" duration="6"/>
        </obstacle>
        <obstacle id="98" size="0.5">
            <section id="0" start.x="41" start.y="17" goal.x="38" goal.y="13" duration="5"/>
            <section id="1" start.x="38" start.y="13" goal.x="36" goal.y="12" duration="2.236068"/>
            <section id="2" start.x="36" start.y="12" goal.x="30" goal.y="14" duration="6.3245554"/>
            <section id="3" start.x="30" start.y="14" goal.x="27" goal.y="15" duration="3.1622777"/>
            <section id="4" start.x="27" start.y="15" goal.x="26" goal.y="16" duration="1.4142135"/>
            <section id="5" start.x="26" start.y="16" goal.x="21" goal.y="18" duration="5.3851647"/>
            <section id="6" start.x="21" start.y="18" goal.x="19" goal.y="22" duration="4.472136"/>
            <section id="7" start.x="19" start.y="22" goal.x="13" goal.y="29" duration="9.2195444"/>
            <section id="8" start.x="13" start.y="29" goal.x="11" goal.y="29" duration="2"/>
        </obstacle>
        <obstacle id="99" size="0.5">
            <section id="0" start.x="37" start.y="3" goal.x="26" goal.y="10" duration="13.038404"/>
            <section id="1" start.x="26" start.y="10" goal.x="12" goal.y="12" duration="14.142136"/>
            <section id="2" start.x="12" start.y="12" goal.x="10" goal.y="13" duration="2.236068"/>
            <section id="3" start.x="10" start.y="13" goal.x="5" goal.y="13" duration="5"/>
            <section id="4" start.x="5" start.y="13" goal.x="5" goal.y="13" duration="4.1258483"/>
            <section id="5" start.x="5" start.y="13" goal.x="5" goal.y="14" duration="1"/>
        </obstacle>
        <obstacle id="100" size="0.5">
            <section id="0" start.x="14" start.y="5" goal.x="26" goal.y="6" duration="12.041595"/>
            <section id="1" start.x="26" start.y="6" goal.x="27" goal.y="8" duration="2.236068"/>
            <section id="2" start.x="27" start.y="8" goal.x="30" goal.y="9" duration="3.1622777"/>
            <section id="3" start.x="30" start.y="9" goal.x="35" goal.y="14" duration="7.0710678"/>
            <section id="4" start.x="35" start.y="14" goal.x="36" goal.y="18" duration="4.1231055"/>
            <section id="5" start.x="36" start.y="18" goal.x="38" goal.y="20" duration="2.8284271"/>
        </obstacle>
        <obstacle id="101" size="0.5">
            <section id="0" start.x="27" start.y="23" goal.x="25" goal.y="25" duration="2.8284271"/>
            <section id="1" start.x="25" start.y="25" goal.x="26" goal.y="26" duration="1.4142135"/>
            <section id="2" start.x="26" start.y="26" goal.x="25" goal.y="28" duration="2.236068"/>
            <section id="3" start.x="25" start.y="28" goal.x="25" goal.y="28" duration="1.0387557"/>
            <section id="4" start.x="25" start.y="28" goal.x="22" goal.y="34" duration="6.7082038"/>
            <section id="5" start.x="22" start.y="34" goal.x="22" goal.y="37" duration="3"/>
            <section id="6" start.x="22" start.y="37" goal.x="20" goal.y="43" duration="6.3245554"/>
            <section id="7" start.x="20" start.y="43" goal.x="15" goal.y="44" duration="5.0990195"/>
            <section id="8" start.x="15" start.y="44" goal.x="12" goal.y="44" duration="3"/>
        </obstacle>
        <obstacle id="102" size="0.5">
            <section id="0" start.x="13" start.y="16" goal.x="14" goal.y="14" duration="2.236068"/>
            <section id="1" start.x="14" start.y="14" goal.x="19" goal.y="14" duration="5"/>
            <section id="2" start.x="19" start.y="14" goal.x="22" goal.y="17" duration="4.2426405"/>
            <section id="3" start.x="22" start.y="17" goal.x="22" goal.y="18" duration="1"/>
            <section id="4" start.x="22" start.y="18" goal.x="25" goal.y="19" duration="3.1622777"/>
            <section id="5" start.x="25" start.y="19" goal.x="25" goal.y="19" duration="3.1316121"/>
            <section id="6" start.x="25" start.y="19" goal.x="26" goal.y="21" duration="2.236068"/>
            <section id="7" start.x="26" start.y="21" goal.x="30" goal.y="22" duration="4.1231055"/>
            <section id="8" start.x="30" start.y="22" goal.x="29" goal.y="21" duration="1.4142135"/>
            <section id="9" start.x="29" start.y="21" goal.x="30" goal.y="27" duration="6.0827627"/>
            <section id="10" start.x="30" start.y="27" goal.x="35" goal.y="30" duration="5.8309517"/>
            <section id="11" start.x="35" start.y="30" goal.x="43" goal.y="38" duration="11.313708"/>
        </obstacle>
        <obstacle id="103" size="0.5">
            <section id="0" start.x="30" start.y="35" goal.x="28" goal.y="34" duration="2.236068"/>
            <section id="1" start.x="28" start.y="34" goal.x="24" goal.y="37" duration="5"/>
            <section id="2" start.x="24" start.y="37" goal.x="19" goal.y="39" duration="5.3851647"/>
            <section id="3" start.x="19" start.y="39" goal.x="8" goal.y="36" duration="11.401754"/>
            <section id="4" start.x="8" start.y="36" goal.x="4" goal.y="34" duration="4.472136"/>
        </obstacle>
        <obstacle id="104" size="0.5">
            <section id="0" start.x="15" start.y="25" goal.x="16" goal.y="22" duration="3.1622777"/>
            <section id="1" start.x="16" start.y="22" goal.x="20" goal.y="17" duration="6.4031243"/>
            <section id="2" start.x="20" start.y="17" goal.x="20" goal.y="16" duration="1"/>
            <section id="3" start.x="20" start.y="16" goal.x="22" goal.y="12" duration="4.472136"/>
            <section id="4" start.x="22" start.y="12" goal.x="23" goal.y="12" duration="1"/>
            <section id="5" start.x="23" start.y="12" goal.x="23" goal.y="10" duration="2"/>
            <section id="6" start.x="23" start.y="10" goal.x="25" goal.y="11" duration="2.236068"/>
            <section id="7" start.x="25" start.y="11" goal.x="38" goal.y="15" duration="13.601471"/>
        </obstacle>
        <obstacle id="105" size="0.5">
            <section id="0" start.x="37" start.y="24" goal.x="37" goal.y="23" duration="1"/>
            <section id="1" start.x="37" start.y="23" goal.x="35" goal.y="23" duration="2"/>
            <section id="2" start.x="35" start.y="23" goal.x="30" goal.y="25" duration="5.3851647"/>
            <section id="3" start.x="30" start.y="25" goal.x="28" goal.y="24" duration="2.236068"/>
            <section id="4" start.x="28" start.y="24" goal.x="24" goal.y="23" duration="4.1231055"/>
            <section id="5" start.x="24" start.y="23" goal.x="23" goal.y="23" duration="1"/>
            <section id="6" start.x="23" start.y="23" goal.x="22" goal.y="20" duration="3.1622777"/>
            <section id="7" start.x="22" start.y="20" goal.x="23" goal.y="19" duration="1.4142135"/>
            <section id="8" start.x="23" start.y="19" goal.x="11" goal.y="19" duration="12"/>
            <section id="9" start.x="11" start.y="19" goal.x="11" goal.y="19" duration="1.5100237"/>
            <section id="10" start.x="11" start.y="19" goal.x="10" goal.y="21" duration="2.236068"/>
            <section id="11" start.x="10" start.y="21" goal.x="9" goal.y="21" duration="1"/>
            <section id="12" start.x="9" start.y="21" goal.x="9" goal.y="22" duration="1"/>
            <section id="13" start.x="9" start.y="22" goal.x="8" goal.y="22" duration="1"/>
        </obstacle>
        <obstacle id="106" size="0.5">
            <section id="0" start.x="12" start.y="26" goal.x="12" goal.y="26" duration="2.7513688"/>
            <section id="1" start.x="12" start.y="26" goal.x="14" goal.y="24" duration="2.8284271"/>
            <section id="2" start.x="14" start.y="24" goal.x="14" goal.y="23" duration="1"/>
            <section id="3" start.x="14" start.y="23" goal.x="24" goal.y="18" duration="11.18034"/>
            <section id="4" start.x="24" start.y="18" goal.x="24" goal.y="17" duration="1"/>
            <section id="5" start.x="24" start.y="17" goal.x="23" goal.y="18" duration="1.4142135"/>
            <section id="6" start.x="23" start.y="18" goal.x="24" goal.y="18" duration="1"/>
            <section id="7" start.x="24" start.y="18" goal.x="41" goal.y="6" duration="20.808653"/>
            <section id="8" start.x="41" start.y="6" goal.x="43" goal.y="6" duration="2"/>
        </obstacle>
        <obstacle id="107" size="0.5">
            <section id="0" start.x="42" start.y="16" goal.x="37" goal.y="23" duration="8.6023254"/>
            <section id="1" start.x="37" start.y="23" goal.x="34" goal.y="26" duration="4.2426405"/>
            <section id="2" start.x="34" start.y="26" goal.x="28" goal.y="31" duration="7.8102498"/>
            <section id="3" start.x="28" start.y="31" goal.x="28" goal.y="33" duration="2"/>
            <section id="4" start.x="28" start.y="33" goal.x="26" goal.y="33" duration="2"/>
            <section id="5" start.x="26" start.y="33" goal.x="20" goal.y="41" duration="10"/>
            <section id="6" start.x="20" start.y="41" goal.x="15" goal.y="44" duration="5.8309517"/>
            <section id="7" start.x="15" start.y="44" goal.x="13" goal.y="45" duration="2.236068"/>
            <section id="8" start.x="13" start.y="45" goal.x="11" goal.y="46" duration="2.236068"/>
        </obstacle>
        <obstacle id="108" size="0.5">
            <section id="0" start.x="16" start.y="27" goal.x="16" goal.y="27" duration="1"/>
            <section id="1" start.x="16" start.y="27" goal.x="18" goal.y="29" duration="2.8284271"/>
            <section id="2" start.x="18" start.y="29" goal.x="26" goal.y="28" duration="8.0622578"/>
            <section id="3" start.x="26" start.y="28" goal.x="27" goal.y="29" duration="1.4142135"/>
            <section id="4" start.x="27" start.y="29" goal.x="28" goal.y="30" duration="1.4142135"/>
            <section id="5" start.x="28" start.y="30" goal.x="31" goal.y="30" duration="3"/>
            <section id="6" start.x="31" start.y="30" goal.x="43" goal.y="19" duration="16.27882"/>
            <section id="7" start.x="43" start.y="19" goal.x="47" goal.y="12" duration="8.0622578"/>
        </obstacle>
        <obstacle id="109" size="0.5">
            <section id="0" start.x="27" start.y="43" goal.x="25" goal.y="32" duration="11.18034"/>
            <section id="1" start.x="25" start.y="32" goal.x="22" goal.y="29" duration="4.2426405"/>
            <section id="2" start.x="22" start.y="29" goal.x="22" goal.y="28" duration="1"/>
            <section id="3" start.x="22" start.y="28" goal.x="16" goal.y="28" duration="6"/>
            <section id="4" start.x="16" start.y="28" goal.x="15" goal.y="23" duration="5.0990195"/>
            <section id="5" start.x="15" start.y="23" goal.x="14" goal.y="21" duration="2.236068"/>
            <section id="6" start.x="14" start.y="21" goal.x="13" goal.y="19" duration="2.236068"/>
            <section id="7" start.x="13" start.y="19" goal.x="12" goal.y="18" duration="1.4142135"/>
            <section id="8" start.x="12" start.y="18" goal.x="11" goal.y="18" duration="1"/>
        </obstacle>
        <obstacle id="110" size="0.5">
            <section id="0" start.x="38" start.y="26" goal.x="35" goal.y="27" duration="3.1622777"/>
            <section id="1" start.x="35" start.y="27" goal.x="29" goal.y="30" duration="6.7082038"/>
            <section id="2" start.x="29" start.y="30" goal.x="18" goal.y="35" duration="12.083046"/>
            <section id="3" start.x="18" start.y="35" goal.x="14" goal.y="35" duration="4"/>
            <section id="4" start.x="14" start.y="35" goal.x="11" goal.y="32" duration="4.2426405"/>
            <section id="5" start.x="11" start.y="32" goal.x="6" goal.y="25" duration="8.6023254"/>
        </obstacle>
        <obstacle id="111" size="0.5">
            <section id="0" start.x="28" start.y="9" goal.x="28" goal.y="11" duration="2"/>
            <section id="1" start.x="28" start.y="11" goal.x="30" goal.y="17" duration="6.3245554"/>
            <section id="2" start.x="30" start.y="17" goal.x="30" goal.y="17" duration="1"/>
            <section id="3" start.x="30" start.y="17" goal.x="30" goal.y="19" duration="2"/>
            <section id="4" start.x="30" start.y="19" goal.x="30" goal.y="19" duration="1"/>
            <section id="5" start.x="30" start.y="19" goal.x="33" goal.y="20" duration="3.1622777"/>
            <section id="6" start.x="33" start.y="20" goal.x="43" goal.y="33" duration="16.40122"/>
        </obstacle>
        <obstacle id="112" size="0.5">
            <section id="0" start.x="4" start.y="4" goal.x="4" goal.y="8" duration="4"/>
            <section id="1" start.x="4" start.y="8" goal.x="13" goal.y="23" duration="17.492855"/>
            <section id="2" start.x="13" start.y="23" goal.x="13" goal.y="23" duration="1.4917238"/>
            <section id="3" start.x="13" start.y="23" goal.x="14" goal.y="22" duration="1.4142135"/>
            <section id="4" start.x="14" start.y="22" goal.x="16" goal.y="23" duration="2.236068"/>
            <section id="5" start.x="16" start.y="23" goal.x="17" goal.y="22" duration="1.4142135"/>
            <section id="6" start.x="17" start.y="22" goal.x="17" goal.y="22" duration="1.2469234"/>
            <section id="7" start.x="17" start.y="22" goal.x="18" goal.y="22" duration="1"/>
            <section id="8" start.x="18" start.y="22" goal.x="17" goal.y="28" duration="6.0827627"/>
        </obstacle>
        <obstacle id="113" size="0.5">
            <section id="0" start.x="4" start.y="29" goal.x="7" goal.y="17" duration="12.369317"/>
            <section id="1" start.x="7" start.y="17" goal.x="14" goal.y="7" duration="12.206555"/>
            <section id="2" start.x="14" start.y="7" goal.x="14" goal.y="7" duration="20.041872"/>
            <section id="3" start.x="14" start.y="7" goal.x="14" goal.y="6" duration="1"/>
        </obstacle>
        <obstacle id="114" size="0.5">
            <section id="0" start.x="15" start.y="7" goal.x="22" goal.y="15" duration="10.630146"/>
            <section id="1" start.x="22" start.y="15" goal.x="21" goal.y="16" duration="1.4142135"/>
            <section id="2" start.x="21" start.y="16" goal.x="22" goal.y="13" duration="3.1622777"/>
            <section id="3" start.x="22" start.y="13" goal.x="23" goal.y="15" duration="2.236068"/>
            <section id="4" start.x="23" start.y="15" goal.x="18" goal.y="20" duration="7.0710678"/>
            <section id="5" start.x="18" start.y="20" goal.x="18" goal.y="20" duration="1.7973609"/>
            <section id="6" start.x="18" start.y="20" goal.x="20" goal.y="21" duration="2.236068"/>
            <section id="7" start.x="20" start.y="21" goal.x="21" goal.y="25" duration="4.1231055"/>
            <section id="8" start.x="21" start.y="25" goal.x="22" goal.y="30" duration="5.0990195"/>
        </obstacle>
        <obstacle id="115" size="0.5">
            <section id="0" start.x="30" start.y="27" goal.x="27" goal.y="20" duration="7.6157732"/>
            <section id="1" start.x="27" start.y="20" goal.x="26" goal.y="19" duration="1.4142135"/>
            <section id="2" start.x="26" start.y="19" goal.x="25" goal.y="18" duration="1.4142135"/>
            <section id="3" start.x="25" start.y="18" goal.x="26" goal.y="17" duration="1.4142135"/>
            <section id="4" start.x="26" start.y="17" goal.x="26" goal.y="16" duration="1"/>
            <section id="5" start.x="26" start.y="16" goal.x="25" goal.y="16" duration="1"/>
            <section id="6" start.x="25" start.y="16" goal.x="25" goal.y="16" duration="3.9391592"/>
            <section id="7" start.x="25" start.y="16" goal.x="24" goal.y="16" duration="1"/>
            <section id="8" start.x="24" start.y="16" goal.x="22" goal.y="15" duration="2.236068"/>
            <section id="9" start.x="22" start.y="15" goal.x="19" goal.y="6" duration="9.4868326"/>
        </obstacle>
        <obstacle id="116" size="0.5">
            <section id="0" start.x="39" start.y="4" goal.x="28" goal.y="5" duration="11.045361"/>
            <section id="1" start.x="28" start.y="5" goal.x="24" goal.y="4" duration="4.1231055"/>
            <section id="2" start.x="24" start.y="4" goal.x="23" goal.y="4" duration="1"/>
            <section id="3" start.x="23" start.y="4" goal.x="23" goal.y="4" duration="1"/>
            <section id="4" start.x="23" start.y="4" goal.x="18" goal.y="9" duration="7.0710678"/>
            <section id="5" start.x="18" start.y="9" goal.x="14" goal.y="14" duration="6.4031243"/>
            <section id="6" start.x="14" start.y="14" goal.x="13" goal.y="15" duration="1.4142135"/>
            <section id="7" start.x="13" start.y="15" goal.x="7" goal.y="18" duration="6.7082038"/>
            <section id="8" start.x="7" start.y="18" goal.x="5" goal.y="20" duration="2.8284271"/>
        </obstacle>
        <obstacle id="117" size="0.5">
            <section id="0" start.x="19" start.y="18" goal.x="25" goal.y="19" duration="6.0827627"/>
            <section id="1" start.x="25" start.y="19" goal.x="25" goal.y="24" duration="5"/>
            <section id="2" start.x="25" start.y="24" goal.x="23" goal.y="26" duration="2.8284271"/>
            <section id="3" start.x="23" start.y="26" goal.x="23" goal.y="27" duration="1"/>
            <section id="4" start.x="23" start.y="27" goal.x="24" goal.y="27" duration="1"/>
            <section id="5" start.x="24" start.y="27" goal.x="23" goal.y="28" duration="1.4142135"/>
            <section id="6" start.x="23" start.y="28" goal.x="22" goal.y="28" duration="1"/>
            <section id="7" start.x="22" start.y="28" goal.x="22" goal.y="27" duration="1"/>
            <section id="8" start.x="22" start.y="27" goal.x="22" goal.y="28" duration="1"/>
            <section id="9" start.x="22" start.y="28" goal.x="23" goal.y="30" duration="2.236068"/>
            <section id="10" start.x="23" start.y="30" goal.x="28" goal.y="32" duration="5.3851647"/>
            <section id="11" start.x="28" start.y="32" goal.x="29" goal.y="35" duration="3.1622777"/>
            <section id="12" start.x="29" start.y="35" goal.x="33" goal.y="36" duration="4.1231055"/>
            <section id="13" start.x="33" start.y="36" goal.x="36" goal.y="37" duration="3.1622777"/>
            <section id="14" start.x="36" start.y="37" goal.x="38" goal.y="39" duration="2.8284271"/>
            <section id="15" start.x="38" start.y="39" goal.x="47" goal.y="45" duration="10.816654"/>
        </obstacle>
        <obstacle id="118" size="0.5">
            <section id="0" start.x="14" start.y="11" goal.x="13" goal.y="14" duration="3.1622777"/>
            <section id="1" start.x="13" start.y="14" goal.x="12" goal.y="25" duration="11.045361"/>
            <section id="2" start.x="12" start.y="25" goal.x="14" goal.y="27" duration="2.8284271"/>
            <section id="3" start.x="14" start.y="27" goal.x="13" goal.y="36" duration="9.0553856"/>
            <section id="4" start.x="13" start.y="36" goal.x="27" goal.y="42" duration="15.231546"/>
        </obstacle>
        <obstacle id="119" size="0.5">
            <section id="0" start.x="39" start.y="1" goal.x="34" goal.y="5" duration="6.4031243"/>
            <section id="1" start.x="34" start.y="5" goal.x="34" goal.y="5" duration="1"/>
            <section id="2" start.x="34" start.y="5" goal.x="26" goal.y="11" duration="10"/>
            <section id="3" start.x="26" start.y="11" goal.x="22" goal.y="15" duration="5.6568542"/>
            <section id="4" start.x="22" start.y="15" goal.x="18" goal.y="19" duration="5.6568542"/>
            <section id="5" start.x="18" start.y="19" goal.x="17" goal.y="22" duration="3.1622777"/>
            <section id="6" start.x="17" start.y="22" goal.x="17" goal.y="24" duration="2"/>
            <section id="7" start.x="17" start.y="24" goal.x="16" goal.y="24" duration="1"/>
        </obstacle>
        <obstacle id="120" size="0.5">
            <section id="0" start.x="28" start.y="28" goal.x="29" goal.y="26" duration="2.236068"/>
            <section id="1" start.x="29" start.y="26" goal.x="30" goal.y="23" duration="3.1622777"/>
            <section id="2" start.x="30" start.y="23" goal.x="30" goal.y="22" duration="1"/>
            <section id="3" start.x="30" start.y="22" goal.x="29" goal.y="19" duration="3.1622777"/>
            <section id="4" start.x="29" start.y="19" goal.x="28" goal.y="16" duration="3.1622777"/>
            <section id="5" start.x="28" start.y="16" goal.x="30" goal.y="15" duration="2.236068"/>
            <section id="6" start.x="30" start.y="15" goal.x="26" goal.y="6" duration="9.8488579"/>
            <section id="7" start.x="26" start.y="6" goal.x="20" goal.y="2" duration="7.2111025"/>
        </obstacle>
        <obstacle id="121" size="0.5">
            <section id="0" start.x="7" start.y="26" goal.x="13" goal.y="27" duration="6.0827627"/>
            <section id="1" start.x="13" start.y="27" goal.x="15" goal.y="30" duration="3.6055512"/>
            <section id="2" start.x="15" start.y="30" goal.x="22" goal.y="30" duration="7"/>
            <section id="3" start.x="22" start.y="30" goal.x="23" goal.y="32" duration="2.236068"/>
            <section id="4" start.x="23" start.y="32" goal.x="22" goal.y="33" duration="1.4142135"/>
            <section id="5" start.x="22" start.y="33" goal.x="26" goal.y="35" duration="4.472136"/>
            <section id="6" start.x="26" start.y="35" goal.x="27" goal.y="37" duration="2.236068"/>
            <section id="7" start.x="27" start.y="37" goal.x="34" goal.y="39" duration="7.2801099"/>
            <section id="8" start.x="34" start.y="39" goal.x="34" goal.y="39" duration="1.2660273"/>
            <section id="9" start.x="34" start.y="39" goal.x="39" goal.y="39" duration="5"/>
            <section id="10" start.x="39" start.y="39" goal.x="39" goal.y="38" duration="1"/>
            <section id="11" start.x="39" start.y="38" goal.x="39" goal.y="38" duration="9.3930521"/>
            <section id="12" start.x="39" start.y="38" goal.x="38" goal.y="38" duration="1"/>
        </obstacle>
        <obstacle id="122" size="0.5">
            <section id="0" start.x="15" start.y="11" goal.x="21" goal.y="10" duration="6.0827627"/>
            <section id="1" start.x="21" start.y="10" goal.x="26" goal.y="10" duration="5"/>
            <section id="2" start.x="26" start.y="10" goal.x="27" goal.y="11" duration="1.4142135"/>
            <section id="3" start.x="27" start.y="11" goal.x="27" goal.y="10" duration="1"/>
            <section id="4" start.x="27" start.y="10" goal.x="26" goal.y="9" duration="1.4142135"/>
            <section id="5" start.x="26" start.y="9" goal.x="29" goal.y="9" duration="3"/>
            <section id="6" start.x="29" start.y="9" goal.x="36" goal.y="14" duration="8.6023254"/>
            <section id="7" start.x="36" start.y="14" goal.x="38" goal.y="19" duration="5.3851647"/>
            <section id="8" start.x="38" start.y="19" goal.x="39" goal.y="19" duration="1"/>
            <section id="9" start.x="39" start.y="19" goal.x="39" goal.y="20" duration="1"/>
        </obstacle>
        <obstacle id="123" size="0.5">
            <section id="0" start.x="24" start.y="30" goal.x="22" goal.y="29" duration="2.236068"/>
            <section id="1" start.x="22" start.y="29" goal.x="22" goal.y="25" duration="4"/>
            <section id="2" start.x="22" start.y="25" goal.x="21" goal.y="25" duration="1"/>
            <section id="3" start.x="21" start.y="25" goal.x="19" goal.y="23" duration="2.8284271"/>
            <section id="4" start.x="19" start.y="23" goal.x="18" goal.y="22" duration="1.4142135"/>
            <section id="5" start.x="18" start.y="22" goal.x="19" goal.y="18" duration="4.1231055"/>
            <section id="6" start.x="19" start.y="18" goal.x="20" goal.y="15" duration="3.1622777"/>
            <section id="7" start.x="20" start.y="15" goal.x="20" goal.y="4" duration="11"/>
            <section id="8" start.x="20" start.y="4" goal.x="21" goal.y="4" duration="1"/>
        </obstacle>
        <obstacle id="124" size="0.5">
            <section id="0" start.x="1" start.y="5" goal.x="22" goal.y="10" duration="21.587032"/>
            <section id="1" start.x="22" start.y="10" goal.x="22" goal.y="11" duration="1"/>
            <section id="2" start.x="22" start.y="11" goal.x="25" goal.y="13" duration="3.6055512"/>
            <section id="3" start.x="25" start.y="13" goal.x="22" goal.y="17" duration="5"/>
            <section id="4" start.x="22" start.y="17" goal.x="35" goal.y="30" duration="18.384777"/>
            <section id="5" start.x="35" start.y="30" goal.x="35" goal.y="35" duration="5"/>
        </obstacle>
        <obstacle id="125" size="0.5">
            <section id="0" start.x="36" start.y="24" goal.x="31" goal.y="22" duration="5.3851647"/>
            <section id="1" start.x="31" start.y="22" goal.x="31" goal.y="22" duration="2.0131807"/>
            <section id="2" start.x="31" start.y="22" goal.x="30" goal.y="22" duration="1"/>
            <section id="3" start.x="30" start.y="22" goal.x="30" goal.y="23" duration="1"/>
            <section id="4" start.x="30" start.y="23" goal.x="29" goal.y="24" duration="1.4142135"/>
            <section id="5" start.x="29" start.y="24" goal.x="24" goal.y="23" duration="5.0990195"/>
            <section id="6" start.x="24" start.y="23" goal.x="24" goal.y="23" duration="1.0836085"/>
            <section id="7" start.x="24" start.y="23" goal.x="25" goal.y="23" duration="1"/>
            <section id="8" start.x="25" start.y="23" goal.x="24" goal.y="24" duration="1.4142135"/>
            <section id="9" start.x="24" start.y="24" goal.x="23" goal.y="23" duration="1.4142135"/>
            <section id="10" start.x="23" start.y="23" goal.x="21" goal.y="21" duration="2.8284271"/>
            <section id="11" start.x="21" start.y="21" goal.x="19" goal.y="21" duration="2"/>
            <section id="12" start.x="19" start.y="21" goal.x="19" goal.y="22" duration="1"/>
            <section id="13" start.x="19" start.y="22" goal.x="18" goal.y="22" duration="1"/>
            <section id="14" start.x="18" start.y="22" goal.x="18" goal.y="21" duration="1"/>
            <section id="15" start.x="18" start.y="21" goal.x="16" goal.y="21" duration="2"/>
            <section id="16" start.x="16" start.y="21" goal.x="16" goal.y="20" duration="1"/>
            <section id="17" start.x="16" start.y="20" goal.x="13" goal.y="21" duration="3.1622777"/>
            <section id="18" start.x="13" start.y="21" goal.x="10" goal.y="21" duration="3"/>
        </obstacle>
        <obstacle id="126" size="0.5">
            <section id="0" start.x="15" start.y="19" goal.x="18" goal.y="19" duration="3"/>
            <section id="1" start.x="18" start.y="19" goal.x="22" goal.y="18" duration="4.1231055"/>
            <section id="2" start.x="22" start.y="18" goal.x="24" goal.y="19" duration="2.236068"/>
            <section id="3" start.x="24" start.y="19" goal.x="24" goal.y="19" duration="1"/>
            <section id="4" start.x="24" start.y="19" goal.x="27" goal.y="19" duration="3"/>
            <section id="5" start.x="27" start.y="19" goal.x="28" goal.y="19" duration="1"/>
            <section id="6" start.x="28" start.y="19" goal.x="30" goal.y="18" duration="2.236068"/>
            <section id="7" start.x="30" start.y="18" goal.x="30" goal.y="19" duration="1"/>
            <section id="8" start.x="30" start.y="19" goal.x="35" goal.y="23" duration="6.4031243"/>
            <section id="9" start.x="35" start.y="23" goal.x="37" goal.y="27" duration="4.472136"/>
            <section id="10" start.x="37" start.y="27" goal.x="38" goal.y="33" duration="6.0827627"/>
            <section id="11" start.x="38" start.y="33" goal.x="44" goal.y="39" duration="8.485281"/>
            <section id="12" start.x="44" start.y="39" goal.x="44" goal.y="41" duration="2"/>
            <section id="13" start.x="44" start.y="41" goal.x="45" goal.y="42" duration="1.4142135"/>
        </obstacle>
        <obstacle id="127" size="0.5">
            <section id="0" start.x="36" start.y="47" goal.x="36" goal.y="43" duration="4"/>
            <section id="1" start.x="36" start.y="43" goal.x="33" goal.y="40" duration="4.2426405"/>
            <section id="2" start.x="33" start.y="40" goal.x="30" goal.y="37" duration="4.2426405"/>
            <section id="3" start.x="30" start.y="37" goal.x="29" goal.y="31" duration="6.0827627"/>
            <section id="4" start.x="29" start.y="31" goal.x="27" goal.y="31" duration="2"/>
            <section id="5" start.x="27" start.y="31" goal.x="22" goal.y="19" duration="13"/>
            <section id="6" start.x="22" start.y="19" goal.x="28" goal.y="22" duration="6.7082038"/>
        </obstacle>
    </dynamicobstacles>
</root>
