<?xml version="1.0" ?>
<root>
    <log>
        <taskfilename>D:/GitHub/AA-SIPP_optimal_2019/Instances/32x32_20/128/0_task.xml</taskfilename>
        <mapfilename>32x32_20.xml</mapfilename>
        <configfilename>config.xml</configfilename>
        <obstaclesfilename>D:/GitHub/AA-SIPP_optimal_2019/Instances/32x32_20/128/0_task_obs.xml</obstaclesfilename>
        <summary runtime="0.1205437" tries="1" agentssolved="1 (100.000000%)" flowtime="52.945671" makespan="52.945671"/>
        <path>
            <row number="0">0 0 0 0 0 0 0 0 0 0 1 0 0 0 0 0 0 1 0 0 0 1 0 1 0 0 0 0 0 0 0 0 </row>
            <row number="1">1 0 0 0 1 0 1 1 0 0 0 0 0 0 0 0 0 0 0 1 0 1 0 0 0 1 0 0 0 0 0 0 </row>
            <row number="2">0 0 0 0 0 0 0 0 0 0 0 0 0 0 1 0 0 0 0 0 0 0 0 1 1 0 0 0 1 0 0 0 </row>
            <row number="3">0 0 0 0 0 1 0 1 0 0 0 0 0 0 0 0 0 0 1 0 0 0 0 0 0 0 0 0 0 1 0 0 </row>
            <row number="4">0 1 1 0 0 0 0 0 0 0 0 0 0 0 1 1 0 1 * * 0 0 0 0 1 0 0 1 0 0 0 0 </row>
            <row number="5">0 0 0 0 0 0 1 0 0 1 0 1 0 0 1 1 0 0 * 0 * 0 1 0 0 0 0 1 0 0 1 1 </row>
            <row number="6">0 0 0 0 0 0 1 0 0 1 1 0 0 0 0 0 * * 0 1 * 0 0 0 0 0 0 1 0 0 0 1 </row>
            <row number="7">0 1 0 0 0 1 0 0 0 0 0 0 0 0 0 * 0 0 0 0 * 1 1 0 0 0 1 0 0 1 0 0 </row>
            <row number="8">0 0 0 0 0 0 1 0 0 0 0 0 * * * 0 1 0 0 0 * * 0 0 1 0 1 0 0 0 0 0 </row>
            <row number="9">0 0 1 0 1 0 0 0 0 * * * 0 0 0 0 0 1 0 1 0 0 * * 0 0 0 1 1 0 0 0 </row>
            <row number="10">1 0 1 0 0 0 0 0 0 0 0 0 1 0 1 0 0 0 0 0 0 0 1 * 0 0 1 0 0 0 0 0 </row>
            <row number="11">0 0 0 0 0 0 0 0 0 0 0 0 1 0 0 0 0 0 1 0 1 0 1 * 0 0 0 0 0 0 1 0 </row>
            <row number="12">0 0 1 0 0 0 0 0 1 0 1 0 1 1 0 1 0 0 0 0 0 0 0 * * * 1 0 0 0 0 0 </row>
            <row number="13">0 1 0 0 0 0 0 0 0 0 0 0 0 0 0 0 0 0 1 0 1 0 0 0 0 * 1 0 0 0 1 0 </row>
            <row number="14">0 0 0 1 1 1 0 0 0 0 0 0 0 1 0 0 0 0 0 0 0 0 0 1 0 * * 0 0 0 0 0 </row>
            <row number="15">0 0 0 0 0 0 0 0 1 0 0 0 0 1 0 1 0 1 0 0 1 0 0 0 0 0 * 0 0 0 0 0 </row>
            <row number="16">0 0 1 0 0 0 1 0 0 0 0 0 0 0 0 1 0 0 0 0 1 0 0 1 1 1 * 0 0 0 1 0 </row>
            <row number="17">0 1 0 0 0 0 0 0 1 1 1 0 0 1 0 1 0 0 1 0 1 0 0 1 1 0 * 0 0 1 1 1 </row>
            <row number="18">1 0 0 0 0 0 0 0 0 0 1 0 0 0 0 0 0 0 0 1 0 0 1 0 0 * 0 0 0 1 1 1 </row>
            <row number="19">0 0 0 0 0 0 1 0 0 0 1 0 0 1 0 0 1 0 1 0 0 0 1 0 * 0 1 0 0 0 0 0 </row>
            <row number="20">0 1 0 1 0 0 0 0 0 0 0 0 1 0 0 0 0 0 0 0 0 0 1 1 * 1 0 0 0 1 0 0 </row>
            <row number="21">0 0 0 0 0 0 0 1 0 1 0 0 0 0 0 0 0 0 1 0 0 1 1 1 * 0 1 1 1 0 0 0 </row>
            <row number="22">0 0 1 0 1 0 0 1 0 0 0 0 1 0 0 0 0 0 0 1 0 0 0 0 0 * 0 0 0 0 1 0 </row>
            <row number="23">0 0 0 0 0 0 0 1 0 0 0 0 0 1 0 0 0 0 1 0 0 0 1 0 1 * 1 1 0 0 0 0 </row>
            <row number="24">0 0 0 0 0 0 0 0 0 0 0 0 0 0 0 0 0 1 0 0 0 1 0 1 * * 1 0 1 0 0 0 </row>
            <row number="25">0 0 0 0 0 0 0 0 0 0 0 0 0 0 0 0 1 0 0 0 0 0 0 0 * 1 0 0 1 0 0 1 </row>
            <row number="26">0 1 0 0 0 0 0 0 1 0 1 0 0 0 0 0 0 0 0 0 1 1 0 0 0 0 0 0 0 0 0 1 </row>
            <row number="27">0 0 1 0 0 1 0 0 1 0 0 0 0 0 0 0 0 0 0 0 0 0 0 0 0 0 0 0 0 0 0 0 </row>
            <row number="28">1 0 0 1 1 0 0 0 0 0 0 1 0 0 0 1 0 0 0 1 0 0 0 0 0 0 0 0 0 1 1 1 </row>
            <row number="29">1 0 0 0 0 1 0 0 0 0 1 0 0 0 0 1 0 1 0 1 0 0 0 1 0 0 0 0 0 0 1 1 </row>
            <row number="30">1 1 0 1 0 0 1 1 0 1 0 1 1 0 0 0 0 0 1 0 0 0 0 0 0 0 0 1 0 0 0 0 </row>
            <row number="31">1 1 0 0 0 0 0 0 0 0 0 0 0 0 0 1 0 0 1 0 0 0 0 0 0 0 0 0 1 0 0 0 </row>
        </path>
        <agent id="0" start.x="9" start.y="9" goal.x="24" goal.y="26" size="0.5" movespeed="1" rotationspeed="1">
            <path pathfound="true" runtime="0.1179666" duration="52.945671">
                <section id="0" start.x="9" start.y="9" goal.x="14" goal.y="8" duration="5.0990195" g-value="5.0990195"/>
                <section id="1" start.x="14" start.y="8" goal.x="14" goal.y="8" duration="0.32862139" g-value="5.4276409"/>
                <section id="2" start.x="14" start.y="8" goal.x="16" goal.y="6" duration="2.8284271" g-value="8.2560682"/>
                <section id="3" start.x="16" start.y="6" goal.x="16" goal.y="6" duration="0.0099999998" g-value="8.2660685"/>
                <section id="4" start.x="16" start.y="6" goal.x="18" goal.y="5" duration="2.236068" g-value="10.502136"/>
                <section id="5" start.x="18" start.y="5" goal.x="18" goal.y="4" duration="1" g-value="11.502136"/>
                <section id="6" start.x="18" start.y="4" goal.x="18" goal.y="4" duration="3.1882887" g-value="14.690425"/>
                <section id="7" start.x="18" start.y="4" goal.x="20" goal.y="5" duration="2.236068" g-value="16.926493"/>
                <section id="8" start.x="20" start.y="5" goal.x="20" goal.y="8" duration="3" g-value="19.926493"/>
                <section id="9" start.x="20" start.y="8" goal.x="23" goal.y="9" duration="3.1622777" g-value="23.08877"/>
                <section id="10" start.x="23" start.y="9" goal.x="23" goal.y="12" duration="3" g-value="26.08877"/>
                <section id="11" start.x="23" start.y="12" goal.x="23" goal.y="12" duration="0.87867212" g-value="26.967442"/>
                <section id="12" start.x="23" start.y="12" goal.x="25" goal.y="12" duration="2" g-value="28.967442"/>
                <section id="13" start.x="25" start.y="12" goal.x="25" goal.y="12" duration="1.0357196" g-value="30.003162"/>
                <section id="14" start.x="25" start.y="12" goal.x="25" goal.y="14" duration="2" g-value="32.003162"/>
                <section id="15" start.x="25" start.y="14" goal.x="25" goal.y="14" duration="4.0298696" g-value="36.033031"/>
                <section id="16" start.x="25" start.y="14" goal.x="26" goal.y="14" duration="1" g-value="37.033031"/>
                <section id="17" start.x="26" start.y="14" goal.x="26" goal.y="14" duration="1.6699997" g-value="38.70303"/>
                <section id="18" start.x="26" start.y="14" goal.x="26" goal.y="17" duration="3" g-value="41.70303"/>
                <section id="19" start.x="26" start.y="17" goal.x="24" goal.y="19" duration="2.8284271" g-value="44.53146"/>
                <section id="20" start.x="24" start.y="19" goal.x="24" goal.y="21" duration="2" g-value="46.53146"/>
                <section id="21" start.x="24" start.y="21" goal.x="25" goal.y="22" duration="1.4142135" g-value="47.945671"/>
                <section id="22" start.x="25" start.y="22" goal.x="25" goal.y="24" duration="2" g-value="49.945671"/>
                <section id="23" start.x="25" start.y="24" goal.x="24" goal.y="24" duration="1" g-value="50.945671"/>
                <section id="24" start.x="24" start.y="24" goal.x="24" goal.y="26" duration="2" g-value="52.945671"/>
            </path>
        </agent>
    </log>
</root>
