<?xml version="1.0" ?>
<root>
    <log>
        <taskfilename>D:/GitHub/AA-SIPP_optimal_2019/Instances/32x32_20/128/100_task.xml</taskfilename>
        <mapfilename>32x32_20.xml</mapfilename>
        <configfilename>config.xml</configfilename>
        <obstaclesfilename>D:/GitHub/AA-SIPP_optimal_2019/Instances/32x32_20/128/100_task_obs.xml</obstaclesfilename>
        <summary runtime="0.057016101" tries="1" agentssolved="1 (100.000000%)" flowtime="52.332848" makespan="52.332848"/>
        <path>
            <row number="0">0 0 0 0 0 0 0 0 0 0 1 0 0 0 0 0 0 1 0 0 0 1 0 1 0 0 0 0 0 0 0 0 </row>
            <row number="1">1 0 0 0 1 0 1 1 0 0 0 0 0 0 0 0 0 0 0 1 0 1 0 0 0 1 0 0 0 0 0 0 </row>
            <row number="2">0 0 0 0 0 0 0 0 0 0 0 0 0 0 1 0 0 0 0 0 0 0 0 1 1 0 0 0 1 0 0 0 </row>
            <row number="3">0 0 0 0 0 1 0 1 0 0 0 0 0 0 0 0 0 0 1 0 0 0 0 0 0 0 0 0 0 1 0 0 </row>
            <row number="4">0 1 1 0 0 0 0 0 0 0 0 0 0 0 1 1 0 1 0 0 0 0 0 0 1 0 0 1 0 0 0 0 </row>
            <row number="5">0 0 0 0 0 0 1 0 0 1 0 1 0 0 1 1 0 0 0 0 0 0 1 0 0 0 0 1 0 0 1 1 </row>
            <row number="6">0 0 0 0 0 0 1 0 0 1 1 0 0 0 0 0 0 0 0 1 0 0 0 0 0 0 0 1 0 0 0 1 </row>
            <row number="7">0 1 0 0 0 1 0 0 0 0 0 0 0 0 0 0 0 0 0 0 0 1 1 0 0 0 1 0 0 1 0 0 </row>
            <row number="8">0 0 0 0 0 0 1 0 0 0 0 0 0 0 0 0 1 0 0 0 0 0 0 0 1 0 1 0 0 0 0 0 </row>
            <row number="9">0 0 1 0 1 0 0 0 0 0 0 0 0 0 0 0 0 1 0 1 0 0 0 0 0 0 0 1 1 0 0 0 </row>
            <row number="10">1 0 1 0 0 0 0 0 0 0 0 0 1 0 1 0 0 0 0 0 0 0 1 0 0 0 1 0 0 0 0 0 </row>
            <row number="11">0 0 0 0 0 0 0 0 0 0 0 0 1 0 0 0 0 0 1 0 1 0 1 0 0 0 0 0 0 0 1 0 </row>
            <row number="12">0 0 1 0 0 0 0 0 1 0 1 0 1 1 0 1 0 0 0 * * * * * * 0 1 0 0 0 0 0 </row>
            <row number="13">0 1 0 0 0 0 0 0 0 0 0 0 0 0 0 0 0 0 1 * 1 0 0 0 0 0 1 0 0 0 1 0 </row>
            <row number="14">0 0 0 1 1 1 0 0 0 0 0 0 0 1 0 0 0 0 0 * * 0 0 1 0 0 0 0 0 0 0 0 </row>
            <row number="15">0 0 0 0 0 0 0 0 1 0 0 0 0 1 0 1 0 1 * 0 1 0 0 0 0 0 0 0 0 0 0 0 </row>
            <row number="16">0 0 1 0 0 0 1 0 0 0 0 0 0 0 0 1 0 * * 0 1 0 0 1 1 1 0 0 0 0 1 0 </row>
            <row number="17">0 1 0 0 0 0 0 0 1 1 1 0 0 1 0 1 0 * 1 0 1 0 0 1 1 0 0 0 0 1 1 1 </row>
            <row number="18">1 0 0 0 0 0 0 0 0 0 1 0 0 0 0 0 0 * 0 1 0 0 1 0 0 0 0 0 0 1 1 1 </row>
            <row number="19">0 0 0 0 0 0 1 0 0 0 1 0 0 1 0 0 1 * 1 0 0 0 1 0 0 0 1 0 0 0 0 0 </row>
            <row number="20">0 1 0 1 0 0 0 0 0 0 0 0 1 0 0 0 0 * 0 0 0 0 1 1 0 1 0 0 0 1 0 0 </row>
            <row number="21">0 0 0 0 0 0 0 1 0 1 * * * * * 0 * 0 1 0 0 1 1 1 0 0 1 1 1 0 0 0 </row>
            <row number="22">0 0 1 0 1 0 0 1 * 0 * 0 1 0 0 * * 0 0 1 0 0 0 0 0 0 0 0 0 0 1 0 </row>
            <row number="23">0 0 0 0 0 0 0 1 * * 0 0 0 1 0 0 0 0 1 0 0 0 1 0 1 0 1 1 0 0 0 0 </row>
            <row number="24">0 0 0 0 0 0 0 0 * 0 0 0 0 0 0 0 0 1 0 0 0 1 0 1 0 0 1 0 1 0 0 0 </row>
            <row number="25">0 0 0 0 0 0 * * 0 0 0 0 0 0 0 0 1 0 0 0 0 0 0 0 0 1 0 0 1 0 0 1 </row>
            <row number="26">0 1 0 0 0 * 0 0 1 0 1 0 0 0 0 0 0 0 0 0 1 1 0 0 0 0 0 0 0 0 0 1 </row>
            <row number="27">0 0 1 0 0 1 0 0 1 0 0 0 0 0 0 0 0 0 0 0 0 0 0 0 0 0 0 0 0 0 0 0 </row>
            <row number="28">1 0 0 1 1 0 0 0 0 0 0 1 0 0 0 1 0 0 0 1 0 0 0 0 0 0 0 0 0 1 1 1 </row>
            <row number="29">1 0 0 0 0 1 0 0 0 0 1 0 0 0 0 1 0 1 0 1 0 0 0 1 0 0 0 0 0 0 1 1 </row>
            <row number="30">1 1 0 1 0 0 1 1 0 1 0 1 1 0 0 0 0 0 1 0 0 0 0 0 0 0 0 1 0 0 0 0 </row>
            <row number="31">1 1 0 0 0 0 0 0 0 0 0 0 0 0 0 1 0 0 1 0 0 0 0 0 0 0 0 0 1 0 0 0 </row>
        </path>
        <agent id="0" start.x="5" start.y="26" goal.x="25" goal.y="13" size="0.5" movespeed="1" rotationspeed="1">
            <path pathfound="true" runtime="0.055158" duration="52.332848">
                <section id="0" start.x="5" start.y="26" goal.x="8" goal.y="24" duration="3.6055512" g-value="3.6055512"/>
                <section id="1" start.x="8" start.y="24" goal.x="8" goal.y="22" duration="2" g-value="5.6055512"/>
                <section id="2" start.x="8" start.y="22" goal.x="8" goal.y="22" duration="0.83708936" g-value="6.4426408"/>
                <section id="3" start.x="8" start.y="22" goal.x="8" goal.y="23" duration="1" g-value="7.4426408"/>
                <section id="4" start.x="8" start.y="23" goal.x="8" goal.y="24" duration="1" g-value="8.4426403"/>
                <section id="5" start.x="8" start.y="24" goal.x="8" goal.y="24" duration="1.8218544" g-value="10.264495"/>
                <section id="6" start.x="8" start.y="24" goal.x="8" goal.y="23" duration="1" g-value="11.264495"/>
                <section id="7" start.x="8" start.y="23" goal.x="8" goal.y="23" duration="1.1597184" g-value="12.424213"/>
                <section id="8" start.x="8" start.y="23" goal.x="8" goal.y="22" duration="1" g-value="13.424213"/>
                <section id="9" start.x="8" start.y="22" goal.x="8" goal.y="22" duration="1.9111897" g-value="15.335403"/>
                <section id="10" start.x="8" start.y="22" goal.x="8" goal.y="24" duration="2" g-value="17.335403"/>
                <section id="11" start.x="8" start.y="24" goal.x="10" goal.y="22" duration="2.8284271" g-value="20.16383"/>
                <section id="12" start.x="10" start.y="22" goal.x="10" goal.y="21" duration="1" g-value="21.16383"/>
                <section id="13" start.x="10" start.y="21" goal.x="10" goal.y="21" duration="0.22673272" g-value="21.390564"/>
                <section id="14" start.x="10" start.y="21" goal.x="13" goal.y="21" duration="3" g-value="24.390564"/>
                <section id="15" start.x="13" start.y="21" goal.x="16" goal.y="22" duration="3.1622777" g-value="27.552841"/>
                <section id="16" start.x="16" start.y="22" goal.x="17" goal.y="20" duration="2.236068" g-value="29.788908"/>
                <section id="17" start.x="17" start.y="20" goal.x="17" goal.y="16" duration="4" g-value="33.78891"/>
                <section id="18" start.x="17" start.y="16" goal.x="18" goal.y="16" duration="1" g-value="34.78891"/>
                <section id="19" start.x="18" start.y="16" goal.x="19" goal.y="14" duration="2.236068" g-value="37.024975"/>
                <section id="20" start.x="19" start.y="14" goal.x="20" goal.y="14" duration="1" g-value="38.024975"/>
                <section id="21" start.x="20" start.y="14" goal.x="20" goal.y="14" duration="2.5080559" g-value="40.533031"/>
                <section id="22" start.x="20" start.y="14" goal.x="19" goal.y="14" duration="1" g-value="41.533031"/>
                <section id="23" start.x="19" start.y="14" goal.x="19" goal.y="14" duration="2.5637455" g-value="44.096779"/>
                <section id="24" start.x="19" start.y="14" goal.x="19" goal.y="12" duration="2" g-value="46.096779"/>
                <section id="25" start.x="19" start.y="12" goal.x="23" goal.y="12" duration="4" g-value="50.096779"/>
                <section id="26" start.x="23" start.y="12" goal.x="25" goal.y="13" duration="2.236068" g-value="52.332848"/>
            </path>
        </agent>
    </log>
</root>
