<?xml version="1.0" ?>
<root>
    <log>
        <taskfilename>D:/GitHub/AA-SIPP_optimal_2019/Instances/32x32_20/128/102_task.xml</taskfilename>
        <mapfilename>32x32_20.xml</mapfilename>
        <configfilename>config.xml</configfilename>
        <obstaclesfilename>D:/GitHub/AA-SIPP_optimal_2019/Instances/32x32_20/128/102_task_obs.xml</obstaclesfilename>
        <summary runtime="0.054237399" tries="1" agentssolved="1 (100.000000%)" flowtime="51.391342" makespan="51.391342"/>
        <path>
            <row number="0">0 0 0 0 0 0 0 0 0 0 1 0 0 0 0 0 0 1 0 0 0 1 0 1 0 0 * * * 0 0 0 </row>
            <row number="1">1 0 0 0 1 0 1 1 0 0 0 0 0 0 0 0 0 0 0 1 0 1 0 0 0 1 * 0 0 * * 0 </row>
            <row number="2">0 0 0 0 0 0 0 0 0 0 0 0 0 0 1 0 0 0 0 0 0 0 0 1 1 0 * 0 1 0 0 0 </row>
            <row number="3">0 0 0 0 0 1 0 1 0 0 0 0 0 0 0 0 0 0 1 0 0 0 0 0 0 0 * 0 0 1 0 0 </row>
            <row number="4">0 1 1 0 0 0 0 0 0 0 0 0 0 0 1 1 0 1 0 0 0 0 0 0 1 * 0 1 0 0 0 0 </row>
            <row number="5">0 0 0 0 0 0 1 0 0 1 0 1 0 0 1 1 0 0 0 0 0 0 1 0 0 * 0 1 0 0 1 1 </row>
            <row number="6">0 0 0 0 0 0 1 0 0 1 1 0 0 0 0 0 0 0 0 1 0 0 0 0 * 0 0 1 0 0 0 1 </row>
            <row number="7">0 1 0 0 0 1 0 0 0 0 0 0 0 0 0 * * * * 0 0 1 1 * 0 0 1 0 0 1 0 0 </row>
            <row number="8">0 0 0 0 0 0 1 0 0 0 0 0 0 0 0 * 1 0 0 * * * * * 1 0 1 0 0 0 0 0 </row>
            <row number="9">0 0 1 0 1 0 0 0 0 0 0 0 0 0 0 * 0 1 0 1 0 0 0 0 0 0 0 1 1 0 0 0 </row>
            <row number="10">1 0 1 0 0 0 0 0 0 0 0 0 1 0 1 * 0 0 0 0 0 0 1 0 0 0 1 0 0 0 0 0 </row>
            <row number="11">0 0 0 0 0 0 0 0 0 0 0 0 1 0 0 0 * 0 1 0 1 0 1 0 0 0 0 0 0 0 1 0 </row>
            <row number="12">0 0 1 0 0 0 0 0 1 0 1 0 1 1 0 1 0 * * * 0 0 0 0 0 0 1 0 0 0 0 0 </row>
            <row number="13">0 1 0 0 0 0 0 0 0 0 0 0 0 0 0 0 0 0 1 * 1 0 0 0 0 0 1 0 0 0 1 0 </row>
            <row number="14">0 0 0 1 1 1 0 0 0 0 0 0 0 1 0 0 0 0 0 * 0 0 0 1 0 0 0 0 0 0 0 0 </row>
            <row number="15">0 0 0 0 0 0 0 0 1 0 0 0 0 1 0 1 0 1 0 * 1 0 0 0 0 0 0 0 0 0 0 0 </row>
            <row number="16">0 0 1 0 0 0 1 0 0 0 0 0 0 0 0 1 0 * * * 1 0 0 1 1 1 0 0 0 0 1 0 </row>
            <row number="17">0 1 0 0 0 0 0 0 1 1 1 0 0 1 0 1 0 * 1 * 1 0 0 1 1 0 0 0 0 1 1 1 </row>
            <row number="18">1 0 0 0 0 0 0 0 0 0 1 0 0 0 0 0 0 * 0 1 0 0 1 0 0 0 0 0 0 1 1 1 </row>
            <row number="19">0 0 0 0 0 0 1 0 0 0 1 0 0 1 0 0 1 * 1 0 0 0 1 0 0 0 1 0 0 0 0 0 </row>
            <row number="20">0 1 0 1 0 0 0 0 0 0 0 0 1 0 0 0 * * 0 0 0 0 1 1 0 1 0 0 0 1 0 0 </row>
            <row number="21">0 0 0 0 0 0 0 1 0 1 0 0 0 0 * * 0 0 1 0 0 1 1 1 0 0 1 1 1 0 0 0 </row>
            <row number="22">0 0 1 0 1 0 0 1 0 0 0 0 1 0 * 0 0 0 0 1 0 0 0 0 0 0 0 0 0 0 1 0 </row>
            <row number="23">0 0 0 0 0 0 0 1 0 0 0 0 0 1 0 0 0 0 1 0 0 0 1 0 1 0 1 1 0 0 0 0 </row>
            <row number="24">0 0 0 0 0 0 0 0 0 0 0 0 0 0 0 0 0 1 0 0 0 1 0 1 0 0 1 0 1 0 0 0 </row>
            <row number="25">0 0 0 0 0 0 0 0 0 0 0 0 0 0 0 0 1 0 0 0 0 0 0 0 0 1 0 0 1 0 0 1 </row>
            <row number="26">0 1 0 0 0 0 0 0 1 0 1 0 0 0 0 0 0 0 0 0 1 1 0 0 0 0 0 0 0 0 0 1 </row>
            <row number="27">0 0 1 0 0 1 0 0 1 0 0 0 0 0 0 0 0 0 0 0 0 0 0 0 0 0 0 0 0 0 0 0 </row>
            <row number="28">1 0 0 1 1 0 0 0 0 0 0 1 0 0 0 1 0 0 0 1 0 0 0 0 0 0 0 0 0 1 1 1 </row>
            <row number="29">1 0 0 0 0 1 0 0 0 0 1 0 0 0 0 1 0 1 0 1 0 0 0 1 0 0 0 0 0 0 1 1 </row>
            <row number="30">1 1 0 1 0 0 1 1 0 1 0 1 1 0 0 0 0 0 1 0 0 0 0 0 0 0 0 1 0 0 0 0 </row>
            <row number="31">1 1 0 0 0 0 0 0 0 0 0 0 0 0 0 1 0 0 1 0 0 0 0 0 0 0 0 0 1 0 0 0 </row>
        </path>
        <agent id="0" start.x="14" start.y="22" goal.x="31" goal.y="2" size="0.5" movespeed="1" rotationspeed="1">
            <path pathfound="true" runtime="0.051832799" duration="51.391342">
                <section id="0" start.x="14" start.y="22" goal.x="14" goal.y="21" duration="1" g-value="1"/>
                <section id="1" start.x="14" start.y="21" goal.x="14" goal.y="21" duration="1.01" g-value="2.01"/>
                <section id="2" start.x="14" start.y="21" goal.x="15" goal.y="21" duration="1" g-value="3.01"/>
                <section id="3" start.x="15" start.y="21" goal.x="16" goal.y="20" duration="1.4142135" g-value="4.4242134"/>
                <section id="4" start.x="16" start.y="20" goal.x="16" goal.y="20" duration="0.58578646" g-value="5.0100002"/>
                <section id="5" start.x="16" start.y="20" goal.x="17" goal.y="20" duration="1" g-value="6.0100002"/>
                <section id="6" start.x="17" start.y="20" goal.x="17" goal.y="16" duration="4" g-value="10.01"/>
                <section id="7" start.x="17" start.y="16" goal.x="19" goal.y="16" duration="2" g-value="12.01"/>
                <section id="8" start.x="19" start.y="16" goal.x="19" goal.y="17" duration="1" g-value="13.01"/>
                <section id="9" start.x="19" start.y="17" goal.x="19" goal.y="15" duration="2" g-value="15.01"/>
                <section id="10" start.x="19" start.y="15" goal.x="19" goal.y="15" duration="2.1182039" g-value="17.128204"/>
                <section id="11" start.x="19" start.y="15" goal.x="19" goal.y="14" duration="1" g-value="18.128204"/>
                <section id="12" start.x="19" start.y="14" goal.x="19" goal.y="12" duration="2" g-value="20.128204"/>
                <section id="13" start.x="19" start.y="12" goal.x="19" goal.y="12" duration="0.67617667" g-value="20.80438"/>
                <section id="14" start.x="19" start.y="12" goal.x="17" goal.y="12" duration="2" g-value="22.80438"/>
                <section id="15" start.x="17" start.y="12" goal.x="15" goal.y="10" duration="2.8284271" g-value="25.632807"/>
                <section id="16" start.x="15" start.y="10" goal.x="15" goal.y="7" duration="3" g-value="28.632807"/>
                <section id="17" start.x="15" start.y="7" goal.x="17" goal.y="7" duration="2" g-value="30.632807"/>
                <section id="18" start.x="17" start.y="7" goal.x="20" goal.y="8" duration="3.1622777" g-value="33.795086"/>
                <section id="19" start.x="20" start.y="8" goal.x="23" goal.y="8" duration="3" g-value="36.795086"/>
                <section id="20" start.x="23" start.y="8" goal.x="23" goal.y="7" duration="1" g-value="37.795086"/>
                <section id="21" start.x="23" start.y="7" goal.x="25" goal.y="5" duration="2.8284271" g-value="40.623512"/>
                <section id="22" start.x="25" start.y="5" goal.x="26" goal.y="2" duration="3.1622777" g-value="43.785789"/>
                <section id="23" start.x="26" start.y="2" goal.x="26" goal.y="0" duration="2" g-value="45.785789"/>
                <section id="24" start.x="26" start.y="0" goal.x="28" goal.y="0" duration="2" g-value="47.785789"/>
                <section id="25" start.x="28" start.y="0" goal.x="31" goal.y="2" duration="3.6055512" g-value="51.391342"/>
            </path>
        </agent>
    </log>
</root>
