<?xml version="1.0" ?>
<root>
    <log>
        <taskfilename>D:/GitHub/AA-SIPP_optimal_2019/Instances/32x32_20/128/103_task.xml</taskfilename>
        <mapfilename>32x32_20.xml</mapfilename>
        <configfilename>config.xml</configfilename>
        <obstaclesfilename>D:/GitHub/AA-SIPP_optimal_2019/Instances/32x32_20/128/103_task_obs.xml</obstaclesfilename>
        <summary runtime="0.041794799" tries="1" agentssolved="1 (100.000000%)" flowtime="48.402977" makespan="48.402977"/>
        <path>
            <row number="0">0 0 0 0 0 0 0 0 0 0 1 0 0 0 0 0 0 1 0 0 0 1 0 1 0 0 0 0 0 0 0 0 </row>
            <row number="1">1 0 0 0 1 0 1 1 0 0 0 0 0 0 0 0 0 0 0 1 0 1 0 0 0 1 0 * * * 0 0 </row>
            <row number="2">0 0 0 0 0 0 0 0 0 0 0 0 0 0 1 0 0 0 0 0 0 0 0 1 1 0 * 0 1 * * 0 </row>
            <row number="3">0 0 0 0 0 1 0 1 0 0 0 0 0 0 0 0 0 0 1 0 0 0 * * * * 0 0 0 1 0 0 </row>
            <row number="4">0 1 1 0 0 0 0 0 0 0 0 0 0 0 1 1 0 1 0 0 * * 0 0 1 0 0 1 0 0 0 0 </row>
            <row number="5">0 0 0 0 0 0 1 0 0 1 0 1 0 0 1 1 0 * * * 0 0 1 0 0 0 0 1 0 0 1 1 </row>
            <row number="6">0 0 0 0 0 0 1 0 0 1 1 0 0 0 0 * * 0 0 1 0 0 0 0 0 0 0 1 0 0 0 1 </row>
            <row number="7">0 1 0 0 0 1 0 0 0 0 0 0 0 0 0 * 0 0 0 0 0 1 1 0 0 0 1 0 0 1 0 0 </row>
            <row number="8">0 0 0 0 0 0 1 0 0 0 0 0 * * * 0 1 0 0 0 0 0 0 0 1 0 1 0 0 0 0 0 </row>
            <row number="9">0 0 1 0 1 0 0 0 0 0 0 * 0 0 0 0 0 1 0 1 0 0 0 0 0 0 0 1 1 0 0 0 </row>
            <row number="10">1 0 1 0 0 0 0 0 0 0 0 * 1 0 1 0 0 0 0 0 0 0 1 0 0 0 1 0 0 0 0 0 </row>
            <row number="11">0 0 0 0 0 0 0 0 0 0 0 * 1 0 0 0 0 0 1 0 1 0 1 0 0 0 0 0 0 0 1 0 </row>
            <row number="12">0 0 1 0 0 0 0 0 1 0 1 * 1 1 0 1 0 0 0 0 0 0 0 0 0 0 1 0 0 0 0 0 </row>
            <row number="13">0 1 0 0 0 0 0 0 0 0 0 * 0 0 0 0 0 0 1 0 1 0 0 0 0 0 1 0 0 0 1 0 </row>
            <row number="14">0 0 0 1 1 1 0 0 0 0 0 * 0 1 0 0 0 0 0 0 0 0 0 1 0 0 0 0 0 0 0 0 </row>
            <row number="15">0 0 0 0 0 0 0 0 1 0 0 * 0 1 0 1 0 1 0 0 1 0 0 0 0 0 0 0 0 0 0 0 </row>
            <row number="16">0 0 1 0 0 0 1 0 0 0 0 * 0 0 0 1 0 0 0 0 1 0 0 1 1 1 0 0 0 0 1 0 </row>
            <row number="17">0 1 0 0 0 0 0 0 1 1 1 * 0 1 0 1 0 0 1 0 1 0 0 1 1 0 0 0 0 1 1 1 </row>
            <row number="18">1 0 0 0 0 0 0 0 0 0 1 * 0 0 0 0 0 0 0 1 0 0 1 0 0 0 0 0 0 1 1 1 </row>
            <row number="19">0 0 0 0 0 0 1 0 0 0 1 * 0 1 0 0 1 0 1 0 0 0 1 0 0 0 1 0 0 0 0 0 </row>
            <row number="20">0 1 0 1 0 0 0 0 0 0 0 * 1 0 0 0 0 0 0 0 0 0 1 1 0 1 0 0 0 1 0 0 </row>
            <row number="21">0 0 0 0 0 0 0 1 0 1 0 * * * * * 0 0 1 0 0 1 1 1 0 0 1 1 1 0 0 0 </row>
            <row number="22">0 0 1 0 1 0 0 1 0 0 0 0 1 0 0 0 0 0 0 1 0 0 0 0 0 0 0 0 0 0 1 0 </row>
            <row number="23">0 0 0 0 0 0 0 1 0 0 0 0 0 1 0 0 0 0 1 0 0 0 1 0 1 0 1 1 0 0 0 0 </row>
            <row number="24">0 0 0 0 0 0 0 0 0 0 0 0 0 0 0 0 0 1 0 0 0 1 0 1 0 0 1 0 1 0 0 0 </row>
            <row number="25">0 0 0 0 0 0 0 0 0 0 0 0 0 0 0 0 1 0 0 0 0 0 0 0 0 1 0 0 1 0 0 1 </row>
            <row number="26">0 1 0 0 0 0 0 0 1 0 1 0 0 0 0 0 0 0 0 0 1 1 0 0 0 0 0 0 0 0 0 1 </row>
            <row number="27">0 0 1 0 0 1 0 0 1 0 0 0 0 0 0 0 0 0 0 0 0 0 0 0 0 0 0 0 0 0 0 0 </row>
            <row number="28">1 0 0 1 1 0 0 0 0 0 0 1 0 0 0 1 0 0 0 1 0 0 0 0 0 0 0 0 0 1 1 1 </row>
            <row number="29">1 0 0 0 0 1 0 0 0 0 1 0 0 0 0 1 0 1 0 1 0 0 0 1 0 0 0 0 0 0 1 1 </row>
            <row number="30">1 1 0 1 0 0 1 1 0 1 0 1 1 0 0 0 0 0 1 0 0 0 0 0 0 0 0 1 0 0 0 0 </row>
            <row number="31">1 1 0 0 0 0 0 0 0 0 0 0 0 0 0 1 0 0 1 0 0 0 0 0 0 0 0 0 1 0 0 0 </row>
        </path>
        <agent id="0" start.x="29" start.y="2" goal.x="16" goal.y="21" size="0.5" movespeed="1" rotationspeed="1">
            <path pathfound="true" runtime="0.039787401" duration="48.402977">
                <section id="0" start.x="29" start.y="2" goal.x="30" goal.y="2" duration="1" g-value="1"/>
                <section id="1" start.x="30" start.y="2" goal.x="30" goal.y="2" duration="0.67578644" g-value="1.6757865"/>
                <section id="2" start.x="30" start.y="2" goal.x="29" goal.y="1" duration="1.4142135" g-value="3.0899999"/>
                <section id="3" start.x="29" start.y="1" goal.x="29" goal.y="1" duration="0.090000004" g-value="3.1800001"/>
                <section id="4" start.x="29" start.y="1" goal.x="27" goal.y="1" duration="2" g-value="5.1799998"/>
                <section id="5" start.x="27" start.y="1" goal.x="25" goal.y="3" duration="2.8284271" g-value="8.0084267"/>
                <section id="6" start.x="25" start.y="3" goal.x="23" goal.y="3" duration="2" g-value="10.008427"/>
                <section id="7" start.x="23" start.y="3" goal.x="18" goal.y="5" duration="5.3851647" g-value="15.393592"/>
                <section id="8" start.x="18" start.y="5" goal.x="16" goal.y="6" duration="2.236068" g-value="17.62966"/>
                <section id="9" start.x="16" start.y="6" goal.x="15" goal.y="6" duration="1" g-value="18.62966"/>
                <section id="10" start.x="15" start.y="6" goal.x="14" goal.y="8" duration="2.236068" g-value="20.865728"/>
                <section id="11" start.x="14" start.y="8" goal.x="12" goal.y="8" duration="2" g-value="22.865728"/>
                <section id="12" start.x="12" start.y="8" goal.x="11" goal.y="9" duration="1.4142135" g-value="24.279942"/>
                <section id="13" start.x="11" start.y="9" goal.x="11" goal.y="11" duration="2" g-value="26.279942"/>
                <section id="14" start.x="11" start.y="11" goal.x="11" goal.y="11" duration="6.7030354" g-value="32.982975"/>
                <section id="15" start.x="11" start.y="11" goal.x="11" goal.y="13" duration="2" g-value="34.982975"/>
                <section id="16" start.x="11" start.y="13" goal.x="11" goal.y="13" duration="0.41999999" g-value="35.402977"/>
                <section id="17" start.x="11" start.y="13" goal.x="11" goal.y="21" duration="8" g-value="43.402977"/>
                <section id="18" start.x="11" start.y="21" goal.x="16" goal.y="21" duration="5" g-value="48.402977"/>
            </path>
        </agent>
    </log>
</root>
