<?xml version="1.0" ?>
<root>
    <log>
        <taskfilename>D:/GitHub/AA-SIPP_optimal_2019/Instances/32x32_20/128/105_task.xml</taskfilename>
        <mapfilename>32x32_20.xml</mapfilename>
        <configfilename>config.xml</configfilename>
        <obstaclesfilename>D:/GitHub/AA-SIPP_optimal_2019/Instances/32x32_20/128/105_task_obs.xml</obstaclesfilename>
        <summary runtime="0.034710102" tries="1" agentssolved="1 (100.000000%)" flowtime="73.908325" makespan="73.908325"/>
        <path>
            <row number="0">0 0 0 0 0 0 0 0 0 0 1 0 0 0 0 0 0 1 0 0 0 1 0 1 0 0 * * * * 0 0 </row>
            <row number="1">1 0 0 0 1 0 1 1 0 0 0 0 0 0 0 0 0 0 0 1 0 1 0 0 0 1 * 0 0 0 * 0 </row>
            <row number="2">0 0 0 0 0 0 0 0 0 0 0 0 0 0 1 0 0 0 0 0 0 0 0 1 1 0 * 0 1 0 * 0 </row>
            <row number="3">0 0 0 0 0 1 0 1 0 0 0 0 0 0 0 0 0 0 1 0 0 0 * * * * 0 0 0 1 0 * </row>
            <row number="4">0 1 1 0 0 0 0 0 0 0 0 0 0 0 1 1 0 1 0 0 0 * 0 0 1 0 0 1 0 0 0 0 </row>
            <row number="5">0 0 0 0 0 0 1 0 0 1 0 1 0 0 1 1 0 0 0 0 * 0 1 0 0 0 0 1 0 0 1 1 </row>
            <row number="6">0 0 0 0 0 0 1 0 0 1 1 0 0 0 0 0 0 0 0 1 * 0 0 0 0 0 0 1 0 0 0 1 </row>
            <row number="7">0 1 0 0 0 1 0 0 0 0 0 0 0 0 0 0 0 0 0 0 * 1 1 0 0 0 1 0 0 1 0 0 </row>
            <row number="8">0 0 0 0 0 0 1 0 0 0 0 0 0 0 0 0 1 0 0 0 * 0 0 0 1 0 1 0 0 0 0 0 </row>
            <row number="9">0 0 1 0 1 0 0 0 0 0 0 0 0 0 0 0 0 1 0 1 * 0 0 0 0 0 0 1 1 0 0 0 </row>
            <row number="10">1 0 1 0 0 0 0 0 0 0 0 0 1 0 1 0 0 0 0 * * 0 1 0 0 0 1 0 0 0 0 0 </row>
            <row number="11">0 0 0 0 0 0 0 0 0 0 0 0 1 0 0 0 0 0 1 * 1 0 1 0 0 0 0 0 0 0 1 0 </row>
            <row number="12">0 0 1 0 0 0 0 0 1 0 1 0 1 1 0 1 0 0 0 * * * * 0 0 0 1 0 0 0 0 0 </row>
            <row number="13">0 1 0 0 0 0 0 0 0 0 0 0 0 0 0 0 0 0 1 0 1 0 0 * * * 1 0 0 0 1 0 </row>
            <row number="14">0 0 0 1 1 1 0 0 0 0 0 0 0 1 0 0 0 0 0 0 0 0 0 1 0 * 0 0 0 0 0 0 </row>
            <row number="15">0 0 0 0 0 0 0 0 1 0 0 0 0 1 0 1 0 1 0 0 1 0 0 0 0 0 * 0 0 0 0 0 </row>
            <row number="16">0 0 1 0 0 0 1 0 0 0 0 0 0 0 0 1 0 0 0 0 1 0 0 1 1 1 * 0 0 0 1 0 </row>
            <row number="17">0 1 0 0 0 0 0 0 1 1 1 0 0 1 0 1 0 0 1 0 1 0 0 1 1 0 * 0 0 1 1 1 </row>
            <row number="18">1 0 0 0 0 0 0 0 0 0 1 0 0 0 0 0 0 0 0 1 0 0 1 0 0 * 0 0 0 1 1 1 </row>
            <row number="19">0 0 0 0 0 0 1 0 0 0 1 0 0 1 0 0 1 0 1 0 0 0 1 0 * 0 1 0 0 0 0 0 </row>
            <row number="20">0 1 0 1 0 0 0 0 0 0 0 0 1 0 0 0 0 0 0 0 0 0 1 1 * 1 0 0 0 1 0 0 </row>
            <row number="21">0 0 0 0 0 0 0 1 0 1 0 0 0 0 0 0 0 0 1 0 0 1 1 1 * 0 1 1 1 0 0 0 </row>
            <row number="22">0 0 1 0 1 0 0 1 0 0 0 0 1 0 0 0 0 0 0 1 0 0 0 0 * * * * * 0 1 0 </row>
            <row number="23">0 0 0 0 0 0 0 1 0 0 0 0 0 1 0 0 0 0 1 0 0 0 1 0 1 0 1 1 * * * 0 </row>
            <row number="24">0 0 0 0 0 0 0 0 0 0 0 0 0 0 0 0 0 1 0 0 0 1 0 1 0 0 1 * 1 0 * 0 </row>
            <row number="25">0 0 0 0 0 0 0 0 0 0 0 0 0 0 0 0 1 0 0 0 0 0 0 0 0 1 0 * 1 * 0 1 </row>
            <row number="26">0 1 0 0 0 0 0 0 1 0 1 0 0 0 0 0 0 0 0 0 1 1 0 0 0 0 0 * * * 0 1 </row>
            <row number="27">0 0 1 0 0 1 0 0 1 0 0 0 0 0 0 0 0 0 0 0 0 0 0 0 0 0 0 0 0 0 0 0 </row>
            <row number="28">1 0 0 1 1 0 0 0 0 0 0 1 0 0 0 1 0 0 0 1 0 0 0 0 0 0 0 0 0 1 1 1 </row>
            <row number="29">1 0 0 0 0 1 0 0 0 0 1 0 0 0 0 1 0 1 0 1 0 0 0 1 0 0 0 0 0 0 1 1 </row>
            <row number="30">1 1 0 1 0 0 1 1 0 1 0 1 1 0 0 0 0 0 1 0 0 0 0 0 0 0 0 1 0 0 0 0 </row>
            <row number="31">1 1 0 0 0 0 0 0 0 0 0 0 0 0 0 1 0 0 1 0 0 0 0 0 0 0 0 0 1 0 0 0 </row>
        </path>
        <agent id="0" start.x="27" start.y="24" goal.x="31" goal.y="4" size="0.5" movespeed="1" rotationspeed="1">
            <path pathfound="true" runtime="0.032037299" duration="73.908325">
                <section id="0" start.x="27" start.y="24" goal.x="27" goal.y="24" duration="5.9907045" g-value="5.9907045"/>
                <section id="1" start.x="27" start.y="24" goal.x="27" goal.y="26" duration="2" g-value="7.9907045"/>
                <section id="2" start.x="27" start.y="26" goal.x="29" goal.y="26" duration="2" g-value="9.9907045"/>
                <section id="3" start.x="29" start.y="26" goal.x="30" goal.y="23" duration="3.1622777" g-value="13.152983"/>
                <section id="4" start.x="30" start.y="23" goal.x="30" goal.y="23" duration="5.2830453" g-value="18.436028"/>
                <section id="5" start.x="30" start.y="23" goal.x="28" goal.y="23" duration="2" g-value="20.436028"/>
                <section id="6" start.x="28" start.y="23" goal.x="28" goal.y="23" duration="2" g-value="22.436028"/>
                <section id="7" start.x="28" start.y="23" goal.x="28" goal.y="22" duration="1" g-value="23.436028"/>
                <section id="8" start.x="28" start.y="22" goal.x="24" goal.y="22" duration="4" g-value="27.436028"/>
                <section id="9" start.x="24" start.y="22" goal.x="24" goal.y="19" duration="3" g-value="30.436028"/>
                <section id="10" start.x="24" start.y="19" goal.x="26" goal.y="17" duration="2.8284271" g-value="33.264454"/>
                <section id="11" start.x="26" start.y="17" goal.x="26" goal.y="17" duration="5.0579224" g-value="38.322376"/>
                <section id="12" start.x="26" start.y="17" goal.x="26" goal.y="15" duration="2" g-value="40.322376"/>
                <section id="13" start.x="26" start.y="15" goal.x="26" goal.y="15" duration="0.25578636" g-value="40.578163"/>
                <section id="14" start.x="26" start.y="15" goal.x="25" goal.y="14" duration="1.4142135" g-value="41.992378"/>
                <section id="15" start.x="25" start.y="14" goal.x="25" goal.y="14" duration="0.33000001" g-value="42.322376"/>
                <section id="16" start.x="25" start.y="14" goal.x="25" goal.y="13" duration="1" g-value="43.322376"/>
                <section id="17" start.x="25" start.y="13" goal.x="21" goal.y="12" duration="4.1231055" g-value="47.445484"/>
                <section id="18" start.x="21" start.y="12" goal.x="19" goal.y="12" duration="2" g-value="49.445484"/>
                <section id="19" start.x="19" start.y="12" goal.x="19" goal.y="10" duration="2" g-value="51.445484"/>
                <section id="20" start.x="19" start.y="10" goal.x="20" goal.y="10" duration="1" g-value="52.445484"/>
                <section id="21" start.x="20" start.y="10" goal.x="20" goal.y="6" duration="4" g-value="56.445484"/>
                <section id="22" start.x="20" start.y="6" goal.x="21" goal.y="4" duration="2.236068" g-value="58.681549"/>
                <section id="23" start.x="21" start.y="4" goal.x="22" goal.y="3" duration="1.4142135" g-value="60.095764"/>
                <section id="24" start.x="22" start.y="3" goal.x="25" goal.y="3" duration="3" g-value="63.095764"/>
                <section id="25" start.x="25" start.y="3" goal.x="26" goal.y="2" duration="1.4142135" g-value="64.509979"/>
                <section id="26" start.x="26" start.y="2" goal.x="26" goal.y="0" duration="2" g-value="66.509979"/>
                <section id="27" start.x="26" start.y="0" goal.x="28" goal.y="0" duration="2" g-value="68.509979"/>
                <section id="28" start.x="28" start.y="0" goal.x="30" goal.y="1" duration="2.236068" g-value="70.746048"/>
                <section id="29" start.x="30" start.y="1" goal.x="31" goal.y="4" duration="3.1622777" g-value="73.908325"/>
            </path>
        </agent>
    </log>
</root>
