<?xml version="1.0" ?>
<root>
    <log>
        <taskfilename>D:/GitHub/AA-SIPP_optimal_2019/Instances/32x32_20/128/106_task.xml</taskfilename>
        <mapfilename>32x32_20.xml</mapfilename>
        <configfilename>config.xml</configfilename>
        <obstaclesfilename>D:/GitHub/AA-SIPP_optimal_2019/Instances/32x32_20/128/106_task_obs.xml</obstaclesfilename>
        <summary runtime="0.0327731" tries="1" agentssolved="1 (100.000000%)" flowtime="46.226902" makespan="46.226902"/>
        <path>
            <row number="0">* * 0 0 0 0 0 0 0 0 1 0 0 0 0 0 0 1 0 0 0 1 0 1 0 0 0 0 0 0 0 0 </row>
            <row number="1">1 0 * 0 1 0 1 1 0 0 0 0 0 0 0 0 0 0 0 1 0 1 0 0 0 1 0 0 0 0 0 0 </row>
            <row number="2">0 0 * 0 0 0 0 0 0 0 0 0 0 0 1 0 0 0 0 0 0 0 0 1 1 0 0 0 1 0 0 0 </row>
            <row number="3">0 0 0 * 0 1 0 1 0 0 0 0 0 0 0 0 0 0 1 0 0 0 0 0 0 0 0 0 0 1 0 0 </row>
            <row number="4">0 1 1 * 0 0 0 0 0 0 0 0 0 0 1 1 0 1 0 0 0 0 0 0 1 0 0 1 0 0 0 0 </row>
            <row number="5">0 0 0 * 0 0 1 0 0 1 0 1 0 0 1 1 0 0 0 0 0 0 1 0 0 0 0 1 0 0 1 1 </row>
            <row number="6">0 0 0 0 * 0 1 0 0 1 1 0 0 0 0 0 0 0 0 1 0 0 0 0 0 0 0 1 0 0 0 1 </row>
            <row number="7">0 1 0 0 * 1 0 0 0 0 0 0 0 0 0 0 0 0 0 0 0 1 1 0 0 0 1 0 0 1 0 0 </row>
            <row number="8">0 0 0 0 * * 1 0 0 0 0 0 0 0 0 0 1 0 0 0 0 0 0 0 1 0 1 0 0 0 0 0 </row>
            <row number="9">0 0 1 0 1 * 0 0 0 0 0 0 0 0 0 0 0 1 0 1 0 0 0 0 0 0 0 1 1 0 0 0 </row>
            <row number="10">1 0 1 0 0 * 0 0 0 0 0 0 1 0 1 0 0 0 0 0 0 0 1 0 0 0 1 0 0 0 0 0 </row>
            <row number="11">0 0 0 0 0 * 0 0 0 0 0 0 1 0 0 0 0 0 1 0 1 0 1 0 0 0 0 0 0 0 1 0 </row>
            <row number="12">0 0 1 * * * 0 0 1 0 1 0 1 1 0 1 0 0 0 0 0 0 0 0 0 0 1 0 0 0 0 0 </row>
            <row number="13">0 1 0 * * 0 * * * 0 0 0 0 0 0 0 0 0 1 0 1 0 0 0 0 0 1 0 0 0 1 0 </row>
            <row number="14">0 0 0 1 1 1 0 * 0 0 0 0 0 1 0 0 0 0 0 0 0 0 0 1 0 0 0 0 0 0 0 0 </row>
            <row number="15">0 0 0 0 0 0 0 * 1 0 0 0 0 1 0 1 0 1 0 0 1 0 0 0 0 0 0 0 0 0 0 0 </row>
            <row number="16">0 0 1 0 0 0 1 * 0 0 0 0 0 0 0 1 0 0 0 0 1 0 0 1 1 1 0 0 0 0 1 0 </row>
            <row number="17">0 1 0 0 0 0 0 * 1 1 1 0 0 1 0 1 0 0 1 0 1 0 0 1 1 0 0 0 0 1 1 1 </row>
            <row number="18">1 0 0 0 0 0 0 * 0 0 1 0 0 0 0 0 0 0 0 1 0 0 1 0 0 0 0 0 0 1 1 1 </row>
            <row number="19">0 0 0 0 0 0 1 * 0 0 1 0 0 1 0 0 1 0 1 0 0 0 1 0 0 0 1 0 0 0 0 0 </row>
            <row number="20">0 1 0 1 0 0 0 0 * 0 0 0 1 0 0 0 0 0 0 0 0 0 1 1 0 1 0 0 0 1 0 0 </row>
            <row number="21">0 0 0 0 0 0 0 1 * 1 0 0 0 0 0 0 0 0 1 0 0 1 1 1 0 0 1 1 1 0 0 0 </row>
            <row number="22">0 0 1 0 1 0 0 1 * 0 0 0 1 0 0 0 0 0 0 1 0 0 0 0 0 0 0 0 0 0 1 0 </row>
            <row number="23">0 0 0 0 0 0 0 1 * 0 0 0 0 1 0 0 0 0 1 0 0 0 1 0 1 0 1 1 0 0 0 0 </row>
            <row number="24">0 0 0 0 0 0 0 0 0 * * * 0 0 0 0 0 1 0 0 0 1 0 1 0 0 1 0 1 0 0 0 </row>
            <row number="25">0 0 0 0 0 0 0 0 0 0 0 0 0 0 0 0 1 0 0 0 0 0 0 0 0 1 0 0 1 0 0 1 </row>
            <row number="26">0 1 0 0 0 0 0 0 1 0 1 0 0 0 0 0 0 0 0 0 1 1 0 0 0 0 0 0 0 0 0 1 </row>
            <row number="27">0 0 1 0 0 1 0 0 1 0 0 0 0 0 0 0 0 0 0 0 0 0 0 0 0 0 0 0 0 0 0 0 </row>
            <row number="28">1 0 0 1 1 0 0 0 0 0 0 1 0 0 0 1 0 0 0 1 0 0 0 0 0 0 0 0 0 1 1 1 </row>
            <row number="29">1 0 0 0 0 1 0 0 0 0 1 0 0 0 0 1 0 1 0 1 0 0 0 1 0 0 0 0 0 0 1 1 </row>
            <row number="30">1 1 0 1 0 0 1 1 0 1 0 1 1 0 0 0 0 0 1 0 0 0 0 0 0 0 0 1 0 0 0 0 </row>
            <row number="31">1 1 0 0 0 0 0 0 0 0 0 0 0 0 0 1 0 0 1 0 0 0 0 0 0 0 0 0 1 0 0 0 </row>
        </path>
        <agent id="0" start.x="0" start.y="0" goal.x="12" goal.y="24" size="0.5" movespeed="1" rotationspeed="1">
            <path pathfound="true" runtime="0.030462001" duration="46.226902">
                <section id="0" start.x="0" start.y="0" goal.x="1" goal.y="0" duration="1" g-value="1"/>
                <section id="1" start.x="1" start.y="0" goal.x="3" goal.y="3" duration="3.6055512" g-value="4.6055512"/>
                <section id="2" start.x="3" start.y="3" goal.x="4" goal.y="7" duration="4.1231055" g-value="8.7286568"/>
                <section id="3" start.x="4" start.y="7" goal.x="4" goal.y="8" duration="1" g-value="9.7286568"/>
                <section id="4" start.x="4" start.y="8" goal.x="5" goal.y="8" duration="1" g-value="10.728657"/>
                <section id="5" start.x="5" start.y="8" goal.x="5" goal.y="10" duration="2" g-value="12.728657"/>
                <section id="6" start.x="5" start.y="10" goal.x="4" goal.y="12" duration="2.236068" g-value="14.964725"/>
                <section id="7" start.x="4" start.y="12" goal.x="4" goal.y="13" duration="1" g-value="15.964725"/>
                <section id="8" start.x="4" start.y="13" goal.x="4" goal.y="13" duration="2.9111078" g-value="18.875834"/>
                <section id="9" start.x="4" start.y="13" goal.x="3" goal.y="13" duration="1" g-value="19.875834"/>
                <section id="10" start.x="3" start.y="13" goal.x="3" goal.y="13" duration="0.61899149" g-value="20.494823"/>
                <section id="11" start.x="3" start.y="13" goal.x="3" goal.y="12" duration="1" g-value="21.494823"/>
                <section id="12" start.x="3" start.y="12" goal.x="3" goal.y="12" duration="0.3662025" g-value="21.861027"/>
                <section id="13" start.x="3" start.y="12" goal.x="7" goal.y="13" duration="4.1231055" g-value="25.984133"/>
                <section id="14" start.x="7" start.y="13" goal.x="8" goal.y="13" duration="1" g-value="26.984133"/>
                <section id="15" start.x="8" start.y="13" goal.x="8" goal.y="13" duration="2.0710673" g-value="29.055201"/>
                <section id="16" start.x="8" start.y="13" goal.x="7" goal.y="14" duration="1.4142135" g-value="30.469414"/>
                <section id="17" start.x="7" start.y="14" goal.x="7" goal.y="16" duration="2" g-value="32.469414"/>
                <section id="18" start.x="7" start.y="16" goal.x="7" goal.y="16" duration="2.2853532" g-value="34.754768"/>
                <section id="19" start.x="7" start.y="16" goal.x="7" goal.y="17" duration="1" g-value="35.754768"/>
                <section id="20" start.x="7" start.y="17" goal.x="7" goal.y="18" duration="1" g-value="36.754768"/>
                <section id="21" start.x="7" start.y="18" goal.x="8" goal.y="20" duration="2.236068" g-value="38.990833"/>
                <section id="22" start.x="8" start.y="20" goal.x="8" goal.y="22" duration="2" g-value="40.990833"/>
                <section id="23" start.x="8" start.y="22" goal.x="9" goal.y="24" duration="2.236068" g-value="43.226902"/>
                <section id="24" start.x="9" start.y="24" goal.x="12" goal.y="24" duration="3" g-value="46.226902"/>
            </path>
        </agent>
    </log>
</root>
