<?xml version="1.0" ?>
<root>
    <log>
        <taskfilename>D:/GitHub/AA-SIPP_optimal_2019/Instances/32x32_20/128/108_task.xml</taskfilename>
        <mapfilename>32x32_20.xml</mapfilename>
        <configfilename>config.xml</configfilename>
        <obstaclesfilename>D:/GitHub/AA-SIPP_optimal_2019/Instances/32x32_20/128/108_task_obs.xml</obstaclesfilename>
        <summary runtime="0.064504698" tries="1" agentssolved="1 (100.000000%)" flowtime="78.78923" makespan="78.78923"/>
        <path>
            <row number="0">0 0 0 0 0 0 0 0 0 0 1 0 0 0 0 0 0 1 0 0 0 1 0 1 0 0 0 0 0 0 0 0 </row>
            <row number="1">1 0 0 0 1 0 1 1 0 0 0 0 0 0 0 0 0 0 0 1 0 1 0 0 0 1 * 0 0 0 0 0 </row>
            <row number="2">0 0 0 0 0 0 0 0 0 0 0 0 0 0 1 0 0 0 0 0 0 0 0 1 1 0 * 0 1 0 0 0 </row>
            <row number="3">0 0 0 0 0 1 0 1 0 0 0 0 0 0 0 0 0 0 1 0 0 0 0 0 0 0 * 0 0 1 0 0 </row>
            <row number="4">0 1 1 0 0 0 0 0 0 0 0 0 0 0 1 1 0 1 0 0 0 0 0 0 1 * 0 1 0 0 0 0 </row>
            <row number="5">0 0 0 0 0 0 1 0 0 1 0 1 0 0 1 1 0 0 0 0 0 0 1 0 0 * 0 1 0 0 1 1 </row>
            <row number="6">0 0 0 0 0 0 1 0 0 1 1 0 0 0 0 0 0 0 0 1 0 0 0 0 0 * 0 1 0 0 0 1 </row>
            <row number="7">0 1 0 0 0 1 0 0 0 0 0 0 0 0 0 0 0 0 0 0 0 1 1 * * 0 1 0 0 1 0 0 </row>
            <row number="8">0 0 0 0 0 0 1 0 0 0 0 0 0 0 0 0 1 0 0 0 0 0 0 * 1 0 1 0 0 0 0 0 </row>
            <row number="9">0 0 1 0 1 0 0 0 0 0 0 0 0 0 0 0 0 1 0 1 0 * * * 0 0 0 1 1 0 0 0 </row>
            <row number="10">1 0 1 0 0 0 0 0 0 0 0 0 1 0 1 0 0 * * * * * 1 0 * * 1 0 0 0 0 0 </row>
            <row number="11">0 0 0 0 0 0 0 0 0 0 0 0 1 0 0 0 0 * 1 0 1 0 1 0 0 0 0 0 0 0 1 0 </row>
            <row number="12">0 0 1 0 0 0 0 0 1 0 1 0 1 1 0 1 * 0 0 0 0 0 0 0 0 0 1 0 0 0 0 0 </row>
            <row number="13">0 1 0 0 0 0 0 0 0 0 0 0 0 0 0 0 * 0 1 0 1 0 0 0 0 0 1 0 0 0 1 0 </row>
            <row number="14">0 0 0 1 1 1 0 0 0 0 0 0 0 1 0 0 * 0 0 0 0 0 0 1 0 0 0 0 0 0 0 0 </row>
            <row number="15">0 0 0 0 0 0 0 0 1 0 0 0 0 1 0 1 * 1 0 0 1 0 0 0 0 0 0 0 0 0 0 0 </row>
            <row number="16">0 0 1 0 0 0 1 0 0 0 0 0 0 0 0 1 * 0 0 0 1 0 0 1 1 1 0 0 0 0 1 0 </row>
            <row number="17">0 1 0 0 0 0 0 0 1 1 1 0 0 1 0 1 * 0 1 0 1 0 0 1 1 0 0 0 0 1 1 1 </row>
            <row number="18">1 0 0 0 0 0 0 0 0 0 1 0 0 0 * * * 0 0 1 0 0 1 0 0 0 0 0 0 1 1 1 </row>
            <row number="19">0 0 0 0 0 0 1 0 0 0 1 0 0 1 * 0 1 0 1 0 0 0 1 0 0 0 1 0 0 0 0 0 </row>
            <row number="20">0 1 0 1 0 0 0 0 0 0 0 0 1 0 * 0 0 0 0 0 0 0 1 1 0 1 0 0 0 1 0 0 </row>
            <row number="21">0 0 0 0 0 0 0 1 0 1 0 0 0 0 0 * 0 0 1 0 0 1 1 1 0 0 1 1 1 0 0 0 </row>
            <row number="22">0 0 1 0 1 0 0 1 0 0 0 0 1 0 0 * 0 0 0 1 0 0 0 0 0 0 0 0 0 0 1 0 </row>
            <row number="23">0 0 0 0 0 0 0 1 0 0 0 0 0 1 * * 0 0 1 0 0 0 1 0 1 0 1 1 0 0 0 0 </row>
            <row number="24">0 0 0 0 0 0 0 0 0 0 0 0 0 0 * 0 0 1 0 0 0 1 0 1 * * 1 0 1 0 0 0 </row>
            <row number="25">0 0 0 0 0 0 0 0 0 0 0 0 0 0 * 0 1 0 0 * * * * 0 * 1 0 0 1 0 0 1 </row>
            <row number="26">0 1 0 0 0 0 0 0 1 0 1 0 0 0 * 0 0 * * 0 1 1 * * * 0 0 0 0 0 0 1 </row>
            <row number="27">0 0 1 0 0 1 0 0 1 0 0 0 0 0 * * * 0 0 0 0 0 0 0 0 0 0 0 0 0 0 0 </row>
            <row number="28">1 0 0 1 1 0 0 0 0 0 0 1 0 0 * 1 0 0 0 1 0 0 0 0 0 0 0 0 0 1 1 1 </row>
            <row number="29">1 0 0 0 0 1 0 0 0 0 1 0 0 0 0 1 0 1 0 1 0 0 0 1 0 0 0 0 0 0 1 1 </row>
            <row number="30">1 1 0 1 0 0 1 1 0 1 0 1 1 0 0 0 0 0 1 0 0 0 0 0 0 0 0 1 0 0 0 0 </row>
            <row number="31">1 1 0 0 0 0 0 0 0 0 0 0 0 0 0 1 0 0 1 0 0 0 0 0 0 0 0 0 1 0 0 0 </row>
        </path>
        <agent id="0" start.x="26" start.y="1" goal.x="25" goal.y="23" size="0.5" movespeed="1" rotationspeed="1">
            <path pathfound="true" runtime="0.0613796" duration="78.78923">
                <section id="0" start.x="26" start.y="1" goal.x="26" goal.y="1" duration="0.4242135" g-value="0.4242135"/>
                <section id="1" start.x="26" start.y="1" goal.x="26" goal.y="2" duration="1" g-value="1.4242135"/>
                <section id="2" start.x="26" start.y="2" goal.x="26" goal.y="2" duration="0.093790397" g-value="1.5180039"/>
                <section id="3" start.x="26" start.y="2" goal.x="25" goal.y="5" duration="3.1622777" g-value="4.6802816"/>
                <section id="4" start.x="25" start.y="5" goal.x="24" goal.y="7" duration="2.236068" g-value="6.9163494"/>
                <section id="5" start.x="24" start.y="7" goal.x="24" goal.y="7" duration="5.7462912" g-value="12.662641"/>
                <section id="6" start.x="24" start.y="7" goal.x="23" goal.y="7" duration="1" g-value="13.662641"/>
                <section id="7" start.x="23" start.y="7" goal.x="23" goal.y="9" duration="2" g-value="15.662641"/>
                <section id="8" start.x="23" start.y="9" goal.x="24" goal.y="10" duration="1.4142135" g-value="17.076855"/>
                <section id="9" start.x="24" start.y="10" goal.x="25" goal.y="10" duration="1" g-value="18.076855"/>
                <section id="10" start.x="25" start.y="10" goal.x="25" goal.y="10" duration="0.77227747" g-value="18.849133"/>
                <section id="11" start.x="25" start.y="10" goal.x="23" goal.y="9" duration="2.236068" g-value="21.085199"/>
                <section id="12" start.x="23" start.y="9" goal.x="23" goal.y="9" duration="0.38999999" g-value="21.475201"/>
                <section id="13" start.x="23" start.y="9" goal.x="21" goal.y="9" duration="2" g-value="23.475201"/>
                <section id="14" start.x="21" start.y="9" goal.x="21" goal.y="10" duration="1" g-value="24.475201"/>
                <section id="15" start.x="21" start.y="10" goal.x="17" goal.y="10" duration="4" g-value="28.475201"/>
                <section id="16" start.x="17" start.y="10" goal.x="17" goal.y="10" duration="1.9662912" g-value="30.44149"/>
                <section id="17" start.x="17" start.y="10" goal.x="16" goal.y="12" duration="2.236068" g-value="32.677559"/>
                <section id="18" start.x="16" start.y="12" goal.x="16" goal.y="12" duration="1.9700001" g-value="34.64756"/>
                <section id="19" start.x="16" start.y="12" goal.x="16" goal.y="16" duration="4" g-value="38.64756"/>
                <section id="20" start.x="16" start.y="16" goal.x="16" goal.y="16" duration="2.3173666" g-value="40.964924"/>
                <section id="21" start.x="16" start.y="16" goal.x="16" goal.y="18" duration="2" g-value="42.964924"/>
                <section id="22" start.x="16" start.y="18" goal.x="14" goal.y="18" duration="2" g-value="44.964924"/>
                <section id="23" start.x="14" start.y="18" goal.x="14" goal.y="20" duration="2" g-value="46.964924"/>
                <section id="24" start.x="14" start.y="20" goal.x="15" goal.y="21" duration="1.4142135" g-value="48.379139"/>
                <section id="25" start.x="15" start.y="21" goal.x="15" goal.y="23" duration="2" g-value="50.379139"/>
                <section id="26" start.x="15" start.y="23" goal.x="15" goal.y="23" duration="3.2676327" g-value="53.64677"/>
                <section id="27" start.x="15" start.y="23" goal.x="14" goal.y="23" duration="1" g-value="54.64677"/>
                <section id="28" start.x="14" start.y="23" goal.x="14" goal.y="28" duration="5" g-value="59.64677"/>
                <section id="29" start.x="14" start.y="28" goal.x="14" goal.y="28" duration="2.5369053" g-value="62.183678"/>
                <section id="30" start.x="14" start.y="28" goal.x="14" goal.y="27" duration="1" g-value="63.183678"/>
                <section id="31" start.x="14" start.y="27" goal.x="16" goal.y="27" duration="2" g-value="65.183678"/>
                <section id="32" start.x="16" start.y="27" goal.x="19" goal.y="25" duration="3.6055512" g-value="68.78923"/>
                <section id="33" start.x="19" start.y="25" goal.x="22" goal.y="25" duration="3" g-value="71.78923"/>
                <section id="34" start.x="22" start.y="25" goal.x="22" goal.y="26" duration="1" g-value="72.78923"/>
                <section id="35" start.x="22" start.y="26" goal.x="24" goal.y="26" duration="2" g-value="74.78923"/>
                <section id="36" start.x="24" start.y="26" goal.x="24" goal.y="24" duration="2" g-value="76.78923"/>
                <section id="37" start.x="24" start.y="24" goal.x="25" goal.y="24" duration="1" g-value="77.78923"/>
                <section id="38" start.x="25" start.y="24" goal.x="25" goal.y="23" duration="1" g-value="78.78923"/>
            </path>
        </agent>
    </log>
</root>
