<?xml version="1.0" ?>
<root>
    <log>
        <taskfilename>D:/GitHub/AA-SIPP_optimal_2019/Instances/32x32_20/128/109_task.xml</taskfilename>
        <mapfilename>32x32_20.xml</mapfilename>
        <configfilename>config.xml</configfilename>
        <obstaclesfilename>D:/GitHub/AA-SIPP_optimal_2019/Instances/32x32_20/128/109_task_obs.xml</obstaclesfilename>
        <summary runtime="0.043547198" tries="1" agentssolved="1 (100.000000%)" flowtime="45.235863" makespan="45.235863"/>
        <path>
            <row number="0">0 0 0 0 0 0 0 0 0 0 1 0 0 0 0 0 0 1 0 0 0 1 0 1 0 0 0 0 0 0 0 0 </row>
            <row number="1">1 0 0 0 1 0 1 1 0 0 0 0 0 0 0 0 0 0 0 1 0 1 0 0 0 1 0 0 0 0 0 0 </row>
            <row number="2">0 0 0 0 0 0 0 0 0 0 0 0 0 0 1 0 0 0 0 0 0 0 0 1 1 0 0 0 1 0 0 0 </row>
            <row number="3">0 0 0 0 0 1 0 1 0 0 0 0 0 0 0 0 0 0 1 0 0 0 0 0 0 0 0 0 0 1 0 0 </row>
            <row number="4">0 1 1 0 0 0 0 0 0 0 0 0 0 0 1 1 0 1 0 0 0 0 0 0 1 0 0 1 0 0 0 0 </row>
            <row number="5">0 0 0 0 0 0 1 0 0 1 0 1 0 0 1 1 0 0 0 0 0 0 1 0 0 0 0 1 0 0 1 1 </row>
            <row number="6">0 0 0 0 0 0 1 0 0 1 1 0 0 0 0 0 0 0 0 1 0 0 0 0 0 0 0 1 0 0 0 1 </row>
            <row number="7">0 1 0 0 0 1 0 0 0 0 0 0 0 0 0 0 0 0 0 0 0 1 1 0 0 0 1 0 0 1 0 0 </row>
            <row number="8">0 0 0 0 0 0 1 0 0 0 0 0 0 0 0 0 1 0 0 0 0 0 0 0 1 0 1 0 0 0 0 0 </row>
            <row number="9">0 0 1 0 1 0 0 0 0 0 0 0 0 0 0 0 0 1 0 1 0 0 0 0 0 0 0 1 1 0 0 0 </row>
            <row number="10">1 0 1 0 0 0 0 0 0 0 0 0 1 0 1 0 0 0 0 0 0 0 1 0 0 0 1 0 0 0 0 0 </row>
            <row number="11">0 0 0 0 0 0 0 0 0 0 0 0 1 0 0 0 0 0 1 0 1 0 1 0 0 * * * 0 0 1 0 </row>
            <row number="12">0 0 1 0 0 0 0 0 1 0 1 0 1 1 0 1 0 0 0 0 0 0 0 0 * 0 1 * 0 0 0 0 </row>
            <row number="13">0 1 0 0 0 0 0 0 0 0 0 0 0 0 0 0 0 0 1 0 1 0 * * * 0 1 * 0 0 1 0 </row>
            <row number="14">0 0 0 1 1 1 0 0 0 0 0 0 0 1 0 0 0 0 0 * * * 0 1 0 0 0 0 0 0 0 0 </row>
            <row number="15">0 0 0 0 0 0 0 0 1 0 0 0 0 1 0 1 0 1 * 0 1 0 0 0 0 0 0 0 0 0 0 0 </row>
            <row number="16">0 0 1 0 0 0 1 0 0 0 0 0 0 0 0 1 0 * * 0 1 0 0 1 1 1 0 0 0 0 1 0 </row>
            <row number="17">0 1 0 0 0 0 0 0 1 1 1 0 0 1 0 1 * 0 1 0 1 0 0 1 1 0 0 0 0 1 1 1 </row>
            <row number="18">1 0 0 0 0 0 0 0 0 0 1 0 * * * * * 0 0 1 0 0 1 0 0 0 0 0 0 1 1 1 </row>
            <row number="19">0 0 0 0 0 0 1 0 0 0 1 * 0 1 0 0 1 0 1 0 0 0 1 0 0 0 1 0 0 0 0 0 </row>
            <row number="20">0 1 0 1 0 0 0 0 0 0 0 * 1 0 0 0 0 0 0 0 0 0 1 1 0 1 0 0 0 1 0 0 </row>
            <row number="21">0 0 0 0 0 0 0 1 0 1 0 * 0 0 0 0 0 0 1 0 0 1 1 1 0 0 1 1 1 0 0 0 </row>
            <row number="22">0 0 1 0 1 0 0 1 0 0 0 * 1 0 0 0 0 0 0 1 0 0 0 0 0 0 0 0 0 0 1 0 </row>
            <row number="23">0 0 0 0 * 0 0 1 0 * 0 * 0 1 0 0 0 0 1 0 0 0 1 0 1 0 1 1 0 0 0 0 </row>
            <row number="24">0 0 0 0 * * * * * 0 * * * 0 0 0 0 1 0 0 0 1 0 1 0 0 1 0 1 0 0 0 </row>
            <row number="25">0 0 0 0 0 0 0 0 0 0 0 * 0 0 0 0 1 0 0 0 0 0 0 0 0 1 0 0 1 0 0 1 </row>
            <row number="26">0 1 0 0 0 0 0 0 1 0 1 0 0 0 0 0 0 0 0 0 1 1 0 0 0 0 0 0 0 0 0 1 </row>
            <row number="27">0 0 1 0 0 1 0 0 1 0 0 0 0 0 0 0 0 0 0 0 0 0 0 0 0 0 0 0 0 0 0 0 </row>
            <row number="28">1 0 0 1 1 0 0 0 0 0 0 1 0 0 0 1 0 0 0 1 0 0 0 0 0 0 0 0 0 1 1 1 </row>
            <row number="29">1 0 0 0 0 1 0 0 0 0 1 0 0 0 0 1 0 1 0 1 0 0 0 1 0 0 0 0 0 0 1 1 </row>
            <row number="30">1 1 0 1 0 0 1 1 0 1 0 1 1 0 0 0 0 0 1 0 0 0 0 0 0 0 0 1 0 0 0 0 </row>
            <row number="31">1 1 0 0 0 0 0 0 0 0 0 0 0 0 0 1 0 0 1 0 0 0 0 0 0 0 0 0 1 0 0 0 </row>
        </path>
        <agent id="0" start.x="4" start.y="23" goal.x="27" goal.y="14" size="0.5" movespeed="1" rotationspeed="1">
            <path pathfound="true" runtime="0.041379899" duration="45.235863">
                <section id="0" start.x="4" start.y="23" goal.x="4" goal.y="24" duration="1" g-value="1"/>
                <section id="1" start.x="4" start.y="24" goal.x="8" goal.y="24" duration="4" g-value="5"/>
                <section id="2" start.x="8" start.y="24" goal.x="9" goal.y="23" duration="1.4142135" g-value="6.4142137"/>
                <section id="3" start.x="9" start.y="23" goal.x="9" goal.y="23" duration="1.623657" g-value="8.0378704"/>
                <section id="4" start.x="9" start.y="23" goal.x="10" goal.y="24" duration="1.4142135" g-value="9.4520845"/>
                <section id="5" start.x="10" start.y="24" goal.x="10" goal.y="24" duration="0.20596009" g-value="9.6580439"/>
                <section id="6" start.x="10" start.y="24" goal.x="11" goal.y="25" duration="1.4142135" g-value="11.072258"/>
                <section id="7" start.x="11" start.y="25" goal.x="11" goal.y="25" duration="0.78172034" g-value="11.853978"/>
                <section id="8" start.x="11" start.y="25" goal.x="12" goal.y="24" duration="1.4142135" g-value="13.268191"/>
                <section id="9" start.x="12" start.y="24" goal.x="11" goal.y="24" duration="1" g-value="14.268191"/>
                <section id="10" start.x="11" start.y="24" goal.x="11" goal.y="24" duration="1.9942138" g-value="16.262405"/>
                <section id="11" start.x="11" start.y="24" goal.x="11" goal.y="23" duration="1" g-value="17.262405"/>
                <section id="12" start.x="11" start.y="23" goal.x="11" goal.y="19" duration="4" g-value="21.262405"/>
                <section id="13" start.x="11" start.y="19" goal.x="12" goal.y="18" duration="1.4142135" g-value="22.676619"/>
                <section id="14" start.x="12" start.y="18" goal.x="16" goal.y="18" duration="4" g-value="26.676619"/>
                <section id="15" start.x="16" start.y="18" goal.x="16" goal.y="17" duration="1" g-value="27.676619"/>
                <section id="16" start.x="16" start.y="17" goal.x="17" goal.y="16" duration="1.4142135" g-value="29.090832"/>
                <section id="17" start.x="17" start.y="16" goal.x="18" goal.y="16" duration="1" g-value="30.090832"/>
                <section id="18" start.x="18" start.y="16" goal.x="19" goal.y="14" duration="2.236068" g-value="32.3269"/>
                <section id="19" start.x="19" start.y="14" goal.x="21" goal.y="14" duration="2" g-value="34.3269"/>
                <section id="20" start.x="21" start.y="14" goal.x="22" goal.y="13" duration="1.4142135" g-value="35.741116"/>
                <section id="21" start.x="22" start.y="13" goal.x="22" goal.y="13" duration="0.2586816" g-value="35.999794"/>
                <section id="22" start.x="22" start.y="13" goal.x="24" goal.y="13" duration="2" g-value="37.999794"/>
                <section id="23" start.x="24" start.y="13" goal.x="25" goal.y="11" duration="2.236068" g-value="40.235863"/>
                <section id="24" start.x="25" start.y="11" goal.x="27" goal.y="11" duration="2" g-value="42.235863"/>
                <section id="25" start.x="27" start.y="11" goal.x="27" goal.y="14" duration="3" g-value="45.235863"/>
            </path>
        </agent>
    </log>
</root>
