<?xml version="1.0" ?>
<root>
    <log>
        <taskfilename>D:/GitHub/AA-SIPP_optimal_2019/Instances/32x32_20/128/10_task.xml</taskfilename>
        <mapfilename>32x32_20.xml</mapfilename>
        <configfilename>config.xml</configfilename>
        <obstaclesfilename>D:/GitHub/AA-SIPP_optimal_2019/Instances/32x32_20/128/10_task_obs.xml</obstaclesfilename>
        <summary runtime="0.0427204" tries="1" agentssolved="1 (100.000000%)" flowtime="43.88253" makespan="43.88253"/>
        <path>
            <row number="0">0 0 0 0 0 0 0 0 0 0 1 0 0 0 0 0 0 1 0 0 0 1 0 1 0 0 0 0 0 0 0 0 </row>
            <row number="1">1 0 0 0 1 0 1 1 0 0 0 0 0 0 0 0 0 0 0 1 0 1 0 0 0 1 0 0 0 0 0 0 </row>
            <row number="2">0 0 0 0 0 0 0 0 0 0 0 0 0 0 1 0 0 0 0 0 0 0 0 1 1 0 0 0 1 0 0 0 </row>
            <row number="3">0 0 0 0 0 1 0 1 0 0 0 0 0 0 0 0 0 0 1 0 0 0 0 0 0 0 0 0 0 1 0 0 </row>
            <row number="4">0 1 1 0 0 0 0 0 0 0 0 0 0 0 1 1 0 1 0 0 0 0 0 0 1 0 0 1 0 0 0 0 </row>
            <row number="5">0 0 0 0 0 0 1 0 0 1 0 1 0 0 1 1 0 0 0 0 0 0 1 0 0 0 0 1 0 0 1 1 </row>
            <row number="6">0 0 0 0 0 0 1 0 0 1 1 0 0 0 0 0 0 0 0 1 0 0 0 0 0 0 0 1 0 0 0 1 </row>
            <row number="7">0 1 0 0 0 1 0 0 0 0 0 0 0 0 0 * * * 0 0 0 1 1 * 0 0 1 0 0 1 0 0 </row>
            <row number="8">0 0 0 0 0 0 1 0 0 0 0 0 0 * * * 1 * * * * * * * 1 0 1 0 0 0 0 0 </row>
            <row number="9">0 0 1 0 1 0 0 0 0 0 * * * 0 0 0 0 1 0 1 0 0 0 * 0 0 0 1 1 0 0 0 </row>
            <row number="10">1 0 1 0 0 0 0 0 0 0 * 0 1 0 1 0 0 0 0 0 0 0 1 0 * 0 1 0 0 0 0 0 </row>
            <row number="11">0 0 0 0 0 0 0 * * * * 0 1 0 0 0 0 0 1 0 1 0 1 0 * 0 0 0 0 0 1 0 </row>
            <row number="12">0 0 1 0 0 0 * 0 1 0 1 0 1 1 0 1 0 0 0 0 0 0 0 0 * 0 1 0 0 0 0 0 </row>
            <row number="13">0 1 0 0 0 0 * 0 0 0 0 0 0 0 0 0 0 0 1 0 1 0 0 0 0 * 1 0 0 0 1 0 </row>
            <row number="14">0 0 0 1 1 1 0 0 0 0 0 0 0 1 0 0 0 0 0 0 0 0 0 1 0 * 0 0 0 0 0 0 </row>
            <row number="15">0 0 0 0 0 0 0 0 1 0 0 0 0 1 0 1 0 1 0 0 1 0 0 0 0 0 * 0 0 0 0 0 </row>
            <row number="16">0 0 1 0 0 0 1 0 0 0 0 0 0 0 0 1 0 0 0 0 1 0 0 1 1 1 * 0 0 0 1 0 </row>
            <row number="17">0 1 0 0 0 0 0 0 1 1 1 0 0 1 0 1 0 0 1 0 1 0 0 1 1 0 0 * 0 1 1 1 </row>
            <row number="18">1 0 0 0 0 0 0 0 0 0 1 0 0 0 0 0 0 0 0 1 0 0 1 0 0 0 0 * 0 1 1 1 </row>
            <row number="19">0 0 0 0 0 0 1 0 0 0 1 0 0 1 0 0 1 0 1 0 0 0 1 0 0 0 1 0 * 0 0 0 </row>
            <row number="20">0 1 0 1 0 0 0 0 0 0 0 0 1 0 0 0 0 0 0 0 0 0 1 1 0 1 0 0 0 1 0 0 </row>
            <row number="21">0 0 0 0 0 0 0 1 0 1 0 0 0 0 0 0 0 0 1 0 0 1 1 1 0 0 1 1 1 0 0 0 </row>
            <row number="22">0 0 1 0 1 0 0 1 0 0 0 0 1 0 0 0 0 0 0 1 0 0 0 0 0 0 0 0 0 0 1 0 </row>
            <row number="23">0 0 0 0 0 0 0 1 0 0 0 0 0 1 0 0 0 0 1 0 0 0 1 0 1 0 1 1 0 0 0 0 </row>
            <row number="24">0 0 0 0 0 0 0 0 0 0 0 0 0 0 0 0 0 1 0 0 0 1 0 1 0 0 1 0 1 0 0 0 </row>
            <row number="25">0 0 0 0 0 0 0 0 0 0 0 0 0 0 0 0 1 0 0 0 0 0 0 0 0 1 0 0 1 0 0 1 </row>
            <row number="26">0 1 0 0 0 0 0 0 1 0 1 0 0 0 0 0 0 0 0 0 1 1 0 0 0 0 0 0 0 0 0 1 </row>
            <row number="27">0 0 1 0 0 1 0 0 1 0 0 0 0 0 0 0 0 0 0 0 0 0 0 0 0 0 0 0 0 0 0 0 </row>
            <row number="28">1 0 0 1 1 0 0 0 0 0 0 1 0 0 0 1 0 0 0 1 0 0 0 0 0 0 0 0 0 1 1 1 </row>
            <row number="29">1 0 0 0 0 1 0 0 0 0 1 0 0 0 0 1 0 1 0 1 0 0 0 1 0 0 0 0 0 0 1 1 </row>
            <row number="30">1 1 0 1 0 0 1 1 0 1 0 1 1 0 0 0 0 0 1 0 0 0 0 0 0 0 0 1 0 0 0 0 </row>
            <row number="31">1 1 0 0 0 0 0 0 0 0 0 0 0 0 0 1 0 0 1 0 0 0 0 0 0 0 0 0 1 0 0 0 </row>
        </path>
        <agent id="0" start.x="28" start.y="19" goal.x="6" goal.y="14" size="0.5" movespeed="1" rotationspeed="1">
            <path pathfound="true" runtime="0.040327098" duration="43.88253">
                <section id="0" start.x="28" start.y="19" goal.x="26" goal.y="16" duration="3.6055512" g-value="3.6055512"/>
                <section id="1" start.x="26" start.y="16" goal.x="26" goal.y="16" duration="2.0609398" g-value="5.666491"/>
                <section id="2" start.x="26" start.y="16" goal.x="26" goal.y="15" duration="1" g-value="6.666491"/>
                <section id="3" start.x="26" start.y="15" goal.x="25" goal.y="14" duration="1.4142135" g-value="8.0807047"/>
                <section id="4" start.x="25" start.y="14" goal.x="24" goal.y="11" duration="3.1622777" g-value="11.242982"/>
                <section id="5" start.x="24" start.y="11" goal.x="24" goal.y="11" duration="0.079999998" g-value="11.322983"/>
                <section id="6" start.x="24" start.y="11" goal.x="23" goal.y="9" duration="2.236068" g-value="13.559051"/>
                <section id="7" start.x="23" start.y="9" goal.x="23" goal.y="7" duration="2" g-value="15.559051"/>
                <section id="8" start.x="23" start.y="7" goal.x="23" goal.y="7" duration="1.6243629" g-value="17.183413"/>
                <section id="9" start.x="23" start.y="7" goal.x="23" goal.y="8" duration="1" g-value="18.183413"/>
                <section id="10" start.x="23" start.y="8" goal.x="17" goal.y="8" duration="6" g-value="24.183413"/>
                <section id="11" start.x="17" start.y="8" goal.x="17" goal.y="8" duration="1.4056371" g-value="25.58905"/>
                <section id="12" start.x="17" start.y="8" goal.x="17" goal.y="7" duration="1" g-value="26.58905"/>
                <section id="13" start.x="17" start.y="7" goal.x="17" goal.y="7" duration="0.78024489" g-value="27.369295"/>
                <section id="14" start.x="17" start.y="7" goal.x="15" goal.y="7" duration="2" g-value="29.369295"/>
                <section id="15" start.x="15" start.y="7" goal.x="15" goal.y="8" duration="1" g-value="30.369295"/>
                <section id="16" start.x="15" start.y="8" goal.x="10" goal.y="9" duration="5.0990195" g-value="35.468315"/>
                <section id="17" start.x="10" start.y="9" goal.x="10" goal.y="11" duration="2" g-value="37.468315"/>
                <section id="18" start.x="10" start.y="11" goal.x="7" goal.y="11" duration="3" g-value="40.468315"/>
                <section id="19" start.x="7" start.y="11" goal.x="6" goal.y="12" duration="1.4142135" g-value="41.88253"/>
                <section id="20" start.x="6" start.y="12" goal.x="6" goal.y="14" duration="2" g-value="43.88253"/>
            </path>
        </agent>
    </log>
</root>
