<?xml version="1.0" ?>
<root>
    <log>
        <taskfilename>D:/GitHub/AA-SIPP_optimal_2019/Instances/32x32_20/128/110_task.xml</taskfilename>
        <mapfilename>32x32_20.xml</mapfilename>
        <configfilename>config.xml</configfilename>
        <obstaclesfilename>D:/GitHub/AA-SIPP_optimal_2019/Instances/32x32_20/128/110_task_obs.xml</obstaclesfilename>
        <summary runtime="0.0170437" tries="1" agentssolved="1 (100.000000%)" flowtime="35.992645" makespan="35.992645"/>
        <path>
            <row number="0">0 0 0 0 0 0 0 0 0 0 1 0 0 0 0 0 0 1 0 0 0 1 0 1 0 0 0 0 0 0 0 0 </row>
            <row number="1">1 0 0 0 1 0 1 1 0 0 0 0 0 * * * * 0 0 1 0 1 0 0 0 1 0 0 0 0 0 0 </row>
            <row number="2">0 0 0 0 0 0 0 0 0 0 0 0 0 * 1 0 0 * * * 0 0 0 1 1 0 0 0 1 0 0 0 </row>
            <row number="3">0 0 0 0 0 1 0 1 0 0 0 0 0 * 0 0 0 0 1 * 0 * 0 0 0 0 0 0 0 1 0 0 </row>
            <row number="4">0 1 1 0 0 0 0 0 0 0 0 0 * 0 1 1 0 1 0 0 * 0 0 0 1 0 0 1 0 0 0 0 </row>
            <row number="5">0 0 0 0 0 0 1 0 0 1 0 1 * 0 1 1 0 0 0 0 0 0 1 0 0 0 0 1 0 0 1 1 </row>
            <row number="6">0 0 0 0 0 0 1 0 0 1 1 * * 0 0 0 0 0 0 1 0 0 0 0 0 0 0 1 0 0 0 1 </row>
            <row number="7">0 1 0 0 0 1 0 0 0 * * * 0 0 0 0 0 0 0 0 0 1 1 0 0 0 1 0 0 1 0 0 </row>
            <row number="8">0 0 0 0 0 0 1 0 * * * 0 0 0 0 0 1 0 0 0 0 0 0 0 1 0 1 0 0 0 0 0 </row>
            <row number="9">0 0 1 0 1 0 0 * 0 0 0 0 0 0 0 0 0 1 0 1 0 0 0 0 0 0 0 1 1 0 0 0 </row>
            <row number="10">1 0 1 0 0 * * 0 0 0 0 0 1 0 1 0 0 0 0 0 0 0 1 0 0 0 1 0 0 0 0 0 </row>
            <row number="11">* * * * * * 0 0 0 0 0 0 1 0 0 0 0 0 1 0 1 0 1 0 0 0 0 0 0 0 1 0 </row>
            <row number="12">0 0 1 0 0 0 0 0 1 0 1 0 1 1 0 1 0 0 0 0 0 0 0 0 0 0 1 0 0 0 0 0 </row>
            <row number="13">0 1 0 0 0 0 0 0 0 0 0 0 0 0 0 0 0 0 1 0 1 0 0 0 0 0 1 0 0 0 1 0 </row>
            <row number="14">0 0 0 1 1 1 0 0 0 0 0 0 0 1 0 0 0 0 0 0 0 0 0 1 0 0 0 0 0 0 0 0 </row>
            <row number="15">0 0 0 0 0 0 0 0 1 0 0 0 0 1 0 1 0 1 0 0 1 0 0 0 0 0 0 0 0 0 0 0 </row>
            <row number="16">0 0 1 0 0 0 1 0 0 0 0 0 0 0 0 1 0 0 0 0 1 0 0 1 1 1 0 0 0 0 1 0 </row>
            <row number="17">0 1 0 0 0 0 0 0 1 1 1 0 0 1 0 1 0 0 1 0 1 0 0 1 1 0 0 0 0 1 1 1 </row>
            <row number="18">1 0 0 0 0 0 0 0 0 0 1 0 0 0 0 0 0 0 0 1 0 0 1 0 0 0 0 0 0 1 1 1 </row>
            <row number="19">0 0 0 0 0 0 1 0 0 0 1 0 0 1 0 0 1 0 1 0 0 0 1 0 0 0 1 0 0 0 0 0 </row>
            <row number="20">0 1 0 1 0 0 0 0 0 0 0 0 1 0 0 0 0 0 0 0 0 0 1 1 0 1 0 0 0 1 0 0 </row>
            <row number="21">0 0 0 0 0 0 0 1 0 1 0 0 0 0 0 0 0 0 1 0 0 1 1 1 0 0 1 1 1 0 0 0 </row>
            <row number="22">0 0 1 0 1 0 0 1 0 0 0 0 1 0 0 0 0 0 0 1 0 0 0 0 0 0 0 0 0 0 1 0 </row>
            <row number="23">0 0 0 0 0 0 0 1 0 0 0 0 0 1 0 0 0 0 1 0 0 0 1 0 1 0 1 1 0 0 0 0 </row>
            <row number="24">0 0 0 0 0 0 0 0 0 0 0 0 0 0 0 0 0 1 0 0 0 1 0 1 0 0 1 0 1 0 0 0 </row>
            <row number="25">0 0 0 0 0 0 0 0 0 0 0 0 0 0 0 0 1 0 0 0 0 0 0 0 0 1 0 0 1 0 0 1 </row>
            <row number="26">0 1 0 0 0 0 0 0 1 0 1 0 0 0 0 0 0 0 0 0 1 1 0 0 0 0 0 0 0 0 0 1 </row>
            <row number="27">0 0 1 0 0 1 0 0 1 0 0 0 0 0 0 0 0 0 0 0 0 0 0 0 0 0 0 0 0 0 0 0 </row>
            <row number="28">1 0 0 1 1 0 0 0 0 0 0 1 0 0 0 1 0 0 0 1 0 0 0 0 0 0 0 0 0 1 1 1 </row>
            <row number="29">1 0 0 0 0 1 0 0 0 0 1 0 0 0 0 1 0 1 0 1 0 0 0 1 0 0 0 0 0 0 1 1 </row>
            <row number="30">1 1 0 1 0 0 1 1 0 1 0 1 1 0 0 0 0 0 1 0 0 0 0 0 0 0 0 1 0 0 0 0 </row>
            <row number="31">1 1 0 0 0 0 0 0 0 0 0 0 0 0 0 1 0 0 1 0 0 0 0 0 0 0 0 0 1 0 0 0 </row>
        </path>
        <agent id="0" start.x="0" start.y="11" goal.x="22" goal.y="2" size="0.5" movespeed="1" rotationspeed="1">
            <path pathfound="true" runtime="0.0153524" duration="35.992645">
                <section id="0" start.x="0" start.y="11" goal.x="0" goal.y="11" duration="1.01" g-value="1.01"/>
                <section id="1" start.x="0" start.y="11" goal.x="5" goal.y="11" duration="5" g-value="6.0100002"/>
                <section id="2" start.x="5" start.y="11" goal.x="5" goal.y="10" duration="1" g-value="7.0100002"/>
                <section id="3" start.x="5" start.y="10" goal.x="7" goal.y="9" duration="2.236068" g-value="9.246068"/>
                <section id="4" start.x="7" start.y="9" goal.x="9" goal.y="7" duration="2.8284271" g-value="12.074495"/>
                <section id="5" start.x="9" start.y="7" goal.x="10" goal.y="8" duration="1.4142135" g-value="13.488708"/>
                <section id="6" start.x="10" start.y="8" goal.x="9" goal.y="8" duration="1" g-value="14.488708"/>
                <section id="7" start.x="9" start.y="8" goal.x="9" goal.y="7" duration="1" g-value="15.488708"/>
                <section id="8" start.x="9" start.y="7" goal.x="11" goal.y="7" duration="2" g-value="17.488708"/>
                <section id="9" start.x="11" start.y="7" goal.x="11" goal.y="6" duration="1" g-value="18.488708"/>
                <section id="10" start.x="11" start.y="6" goal.x="12" goal.y="6" duration="1" g-value="19.488708"/>
                <section id="11" start.x="12" start.y="6" goal.x="13" goal.y="1" duration="5.0990195" g-value="24.587729"/>
                <section id="12" start.x="13" start.y="1" goal.x="15" goal.y="1" duration="2" g-value="26.587729"/>
                <section id="13" start.x="15" start.y="1" goal.x="18" goal.y="2" duration="3.1622777" g-value="29.750006"/>
                <section id="14" start.x="18" start.y="2" goal.x="19" goal.y="2" duration="1" g-value="30.750006"/>
                <section id="15" start.x="19" start.y="2" goal.x="19" goal.y="3" duration="1" g-value="31.750006"/>
                <section id="16" start.x="19" start.y="3" goal.x="20" goal.y="4" duration="1.4142135" g-value="33.164219"/>
                <section id="17" start.x="20" start.y="4" goal.x="22" goal.y="2" duration="2.8284271" g-value="35.992645"/>
            </path>
        </agent>
    </log>
</root>
