<?xml version="1.0" ?>
<root>
    <log>
        <taskfilename>D:/GitHub/AA-SIPP_optimal_2019/Instances/32x32_20/128/111_task.xml</taskfilename>
        <mapfilename>32x32_20.xml</mapfilename>
        <configfilename>config.xml</configfilename>
        <obstaclesfilename>D:/GitHub/AA-SIPP_optimal_2019/Instances/32x32_20/128/111_task_obs.xml</obstaclesfilename>
        <summary runtime="0.025156399" tries="1" agentssolved="1 (100.000000%)" flowtime="39.608761" makespan="39.608761"/>
        <path>
            <row number="0">0 0 0 0 0 0 0 0 0 0 1 0 0 0 0 0 0 1 0 0 0 1 0 1 0 0 0 0 0 0 0 0 </row>
            <row number="1">1 0 0 0 1 0 1 1 0 0 0 0 0 0 0 0 0 0 0 1 0 1 0 0 0 1 0 0 0 0 0 0 </row>
            <row number="2">0 0 0 0 0 0 0 0 0 0 0 0 0 0 1 0 0 0 0 0 0 0 0 1 1 0 0 0 1 0 0 0 </row>
            <row number="3">0 0 0 0 0 1 0 1 0 0 0 0 0 0 0 0 0 0 1 0 0 0 0 0 0 0 0 0 0 1 0 0 </row>
            <row number="4">0 1 1 0 0 0 0 0 0 0 0 0 0 0 1 1 0 1 0 0 0 0 0 0 1 0 0 1 0 0 0 0 </row>
            <row number="5">0 0 0 0 0 0 1 0 0 1 0 1 0 0 1 1 0 0 0 0 0 0 1 * 0 0 0 1 0 0 1 1 </row>
            <row number="6">0 0 0 0 0 0 1 0 0 1 1 0 0 0 0 0 0 0 0 1 0 0 0 * 0 0 0 1 0 0 0 1 </row>
            <row number="7">0 1 0 0 0 1 0 0 0 0 0 0 0 0 0 0 0 0 0 0 0 1 1 * 0 0 1 0 0 1 0 0 </row>
            <row number="8">0 0 0 0 0 0 1 0 0 0 0 0 0 0 0 0 1 0 0 0 0 0 0 * 1 0 1 0 0 0 0 0 </row>
            <row number="9">0 0 1 0 1 0 0 0 0 0 0 0 0 0 0 0 0 1 0 1 0 * * 0 0 0 0 1 1 0 0 0 </row>
            <row number="10">1 0 1 0 0 0 0 0 0 0 0 0 1 0 1 0 0 0 0 0 0 * 1 0 0 0 1 0 0 0 0 0 </row>
            <row number="11">0 0 0 0 0 0 0 0 0 0 0 0 1 0 0 0 0 0 1 0 1 * 1 0 0 0 0 0 0 0 1 0 </row>
            <row number="12">0 0 1 0 0 0 0 0 1 0 1 0 1 1 0 1 0 0 0 0 0 * 0 0 0 0 1 0 0 0 0 0 </row>
            <row number="13">0 1 0 0 0 0 0 0 0 0 0 0 0 0 0 0 0 0 1 0 1 0 * 0 0 0 1 0 0 0 1 0 </row>
            <row number="14">0 0 0 1 1 1 0 0 0 0 0 0 0 1 0 0 0 0 0 0 0 0 * 1 0 0 0 0 0 0 0 0 </row>
            <row number="15">0 0 0 0 0 0 0 0 1 0 0 0 0 1 0 1 0 1 0 0 1 0 * * * * * 0 0 0 0 0 </row>
            <row number="16">0 0 1 0 0 0 1 0 0 0 0 0 0 0 0 1 0 0 0 0 1 0 * 1 1 1 * 0 0 0 1 0 </row>
            <row number="17">0 1 0 0 0 0 0 0 1 1 1 0 0 1 0 1 0 0 1 0 1 0 0 1 1 0 * 0 0 1 1 1 </row>
            <row number="18">1 0 0 0 0 0 0 0 0 0 1 0 0 0 0 0 0 0 0 1 0 0 1 0 0 * 0 0 0 1 1 1 </row>
            <row number="19">0 0 0 0 0 0 1 0 0 0 1 0 0 1 0 0 1 0 1 0 0 0 1 0 * 0 1 0 0 0 0 0 </row>
            <row number="20">0 1 0 1 0 0 0 0 0 0 0 0 1 0 0 0 0 0 0 0 0 0 1 1 * 1 0 0 0 1 0 0 </row>
            <row number="21">0 0 0 0 0 0 0 1 0 1 0 0 0 0 0 0 0 0 1 0 0 1 1 1 * 0 1 1 1 0 0 0 </row>
            <row number="22">0 0 1 0 1 0 0 1 0 0 0 0 1 0 0 0 0 0 0 1 0 0 0 0 0 * * * * * 1 0 </row>
            <row number="23">0 0 0 0 0 0 0 1 0 0 0 0 0 1 0 0 0 0 1 0 0 0 1 0 1 0 1 1 0 * 0 0 </row>
            <row number="24">0 0 0 0 0 0 0 0 0 0 0 0 0 0 0 0 0 1 0 0 0 1 0 1 0 0 1 0 1 * 0 0 </row>
            <row number="25">0 0 0 0 0 0 0 0 0 0 0 0 0 0 0 0 1 0 0 0 0 0 0 0 0 1 0 0 1 0 0 1 </row>
            <row number="26">0 1 0 0 0 0 0 0 1 0 1 0 0 0 0 0 0 0 0 0 1 1 0 0 0 0 0 0 0 0 0 1 </row>
            <row number="27">0 0 1 0 0 1 0 0 1 0 0 0 0 0 0 0 0 0 0 0 0 0 0 0 0 0 0 0 0 0 0 0 </row>
            <row number="28">1 0 0 1 1 0 0 0 0 0 0 1 0 0 0 1 0 0 0 1 0 0 0 0 0 0 0 0 0 1 1 1 </row>
            <row number="29">1 0 0 0 0 1 0 0 0 0 1 0 0 0 0 1 0 1 0 1 0 0 0 1 0 0 0 0 0 0 1 1 </row>
            <row number="30">1 1 0 1 0 0 1 1 0 1 0 1 1 0 0 0 0 0 1 0 0 0 0 0 0 0 0 1 0 0 0 0 </row>
            <row number="31">1 1 0 0 0 0 0 0 0 0 0 0 0 0 0 1 0 0 1 0 0 0 0 0 0 0 0 0 1 0 0 0 </row>
        </path>
        <agent id="0" start.x="29" start.y="24" goal.x="23" goal.y="4" size="0.5" movespeed="1" rotationspeed="1">
            <path pathfound="true" runtime="0.0209821" duration="39.608761">
                <section id="0" start.x="29" start.y="24" goal.x="29" goal.y="24" duration="2.8299999" g-value="2.8299999"/>
                <section id="1" start.x="29" start.y="24" goal.x="29" goal.y="22" duration="2" g-value="4.8299999"/>
                <section id="2" start.x="29" start.y="22" goal.x="29" goal.y="22" duration="2.3590195" g-value="7.1890192"/>
                <section id="3" start.x="29" start.y="22" goal.x="25" goal.y="22" duration="4" g-value="11.189019"/>
                <section id="4" start.x="25" start.y="22" goal.x="24" goal.y="21" duration="1.4142135" g-value="12.603233"/>
                <section id="5" start.x="24" start.y="21" goal.x="24" goal.y="19" duration="2" g-value="14.603233"/>
                <section id="6" start.x="24" start.y="19" goal.x="26" goal.y="17" duration="2.8284271" g-value="17.43166"/>
                <section id="7" start.x="26" start.y="17" goal.x="26" goal.y="15" duration="2" g-value="19.43166"/>
                <section id="8" start.x="26" start.y="15" goal.x="23" goal.y="15" duration="3" g-value="22.43166"/>
                <section id="9" start.x="23" start.y="15" goal.x="23" goal.y="15" duration="1.1177605" g-value="23.549421"/>
                <section id="10" start.x="23" start.y="15" goal.x="22" goal.y="15" duration="1" g-value="24.549421"/>
                <section id="11" start.x="22" start.y="15" goal.x="22" goal.y="16" duration="1" g-value="25.549421"/>
                <section id="12" start.x="22" start.y="16" goal.x="22" goal.y="16" duration="0.58720315" g-value="26.136623"/>
                <section id="13" start.x="22" start.y="16" goal.x="22" goal.y="15" duration="1" g-value="27.136623"/>
                <section id="14" start.x="22" start.y="15" goal.x="22" goal.y="14" duration="1" g-value="28.136623"/>
                <section id="15" start.x="22" start.y="14" goal.x="21" goal.y="12" duration="2.236068" g-value="30.372692"/>
                <section id="16" start.x="21" start.y="12" goal.x="21" goal.y="9" duration="3" g-value="33.372692"/>
                <section id="17" start.x="21" start.y="9" goal.x="23" goal.y="8" duration="2.236068" g-value="35.608761"/>
                <section id="18" start.x="23" start.y="8" goal.x="23" goal.y="4" duration="4" g-value="39.608761"/>
            </path>
        </agent>
    </log>
</root>
