<?xml version="1.0" ?>
<root>
    <log>
        <taskfilename>D:/GitHub/AA-SIPP_optimal_2019/Instances/32x32_20/128/113_task.xml</taskfilename>
        <mapfilename>32x32_20.xml</mapfilename>
        <configfilename>config.xml</configfilename>
        <obstaclesfilename>D:/GitHub/AA-SIPP_optimal_2019/Instances/32x32_20/128/113_task_obs.xml</obstaclesfilename>
        <summary runtime="0.045936801" tries="1" agentssolved="1 (100.000000%)" flowtime="51.348324" makespan="51.348324"/>
        <path>
            <row number="0">0 0 0 0 0 0 0 0 0 0 1 0 0 0 0 0 0 1 0 0 0 1 0 1 0 0 0 0 0 0 0 0 </row>
            <row number="1">1 0 0 0 1 0 1 1 0 0 0 0 0 0 0 0 0 0 0 1 0 1 0 0 0 1 0 0 0 0 0 0 </row>
            <row number="2">0 0 0 0 0 0 0 0 0 0 0 0 0 0 1 0 0 0 0 0 0 0 0 1 1 0 0 0 1 0 0 0 </row>
            <row number="3">0 0 0 0 0 1 0 1 0 0 0 0 0 0 0 0 0 0 1 0 0 0 0 0 0 0 0 0 0 1 0 0 </row>
            <row number="4">0 1 1 0 0 0 0 0 0 0 0 0 0 0 1 1 0 1 0 0 0 0 0 0 1 0 0 1 0 0 0 0 </row>
            <row number="5">0 0 0 0 0 0 1 0 0 1 0 1 0 0 1 1 0 0 0 0 0 0 1 0 0 0 0 1 0 0 1 1 </row>
            <row number="6">0 0 0 0 0 0 1 0 0 1 1 0 0 0 0 0 0 0 0 1 0 0 0 0 0 0 0 1 0 0 0 1 </row>
            <row number="7">0 1 0 0 0 1 0 0 0 0 0 0 0 0 0 0 0 0 0 0 0 1 1 0 0 0 1 0 0 1 0 0 </row>
            <row number="8">0 0 0 0 0 0 1 0 0 0 0 0 0 0 0 0 1 0 0 0 0 0 0 0 1 0 1 0 0 0 0 0 </row>
            <row number="9">0 0 1 0 1 0 0 0 0 0 0 0 0 0 0 0 0 1 0 1 0 0 0 0 0 0 0 1 1 0 0 0 </row>
            <row number="10">1 0 1 0 0 0 0 0 0 0 0 0 1 0 1 0 0 0 0 0 0 0 1 * * 0 1 0 0 0 0 0 </row>
            <row number="11">0 0 0 0 0 0 0 0 0 0 0 0 1 0 0 0 0 0 1 0 1 0 1 0 * 0 0 0 0 0 1 0 </row>
            <row number="12">0 0 1 0 0 0 0 0 1 0 1 0 1 1 0 1 0 0 0 0 0 0 * * 0 0 1 0 0 0 0 0 </row>
            <row number="13">0 1 0 0 0 0 0 0 0 0 0 0 0 0 0 0 0 0 1 0 1 0 * 0 0 0 1 0 0 0 1 0 </row>
            <row number="14">0 0 0 1 1 1 0 0 0 0 0 0 0 1 0 0 0 0 0 0 0 0 * 1 0 0 0 0 0 0 0 0 </row>
            <row number="15">0 0 0 0 0 0 0 0 1 0 0 0 0 1 0 1 0 1 0 0 1 0 * * 0 0 0 0 0 0 0 0 </row>
            <row number="16">0 0 1 0 0 0 1 0 0 0 0 0 0 0 0 1 0 0 0 0 1 0 * 1 1 1 0 0 0 0 1 0 </row>
            <row number="17">0 1 0 0 0 0 0 0 1 1 1 0 0 1 0 1 0 0 1 0 1 * 0 1 1 0 0 0 0 1 1 1 </row>
            <row number="18">1 0 0 0 0 0 0 0 0 0 1 0 0 0 0 0 0 0 0 1 0 * 1 0 0 0 0 0 0 1 1 1 </row>
            <row number="19">0 0 0 0 0 0 1 0 0 0 1 0 0 1 0 0 1 0 1 0 0 * 1 0 0 0 1 0 0 0 0 0 </row>
            <row number="20">0 1 0 1 0 0 0 0 0 0 0 0 1 0 0 0 * * * * * * 1 1 0 1 0 0 0 1 0 0 </row>
            <row number="21">0 0 0 0 0 0 0 1 0 1 0 0 0 0 0 0 * 0 1 0 0 1 1 1 0 0 1 1 1 0 0 0 </row>
            <row number="22">0 0 1 0 1 0 0 1 0 0 0 0 1 0 0 * 0 0 0 1 0 0 0 0 0 0 0 0 0 0 1 0 </row>
            <row number="23">0 0 0 0 0 0 0 1 0 0 0 0 0 1 0 * 0 0 1 0 0 0 1 0 1 0 1 1 0 0 0 0 </row>
            <row number="24">0 0 0 0 0 0 0 0 0 0 0 0 0 0 0 * 0 1 0 0 0 1 0 1 0 0 1 0 1 0 0 0 </row>
            <row number="25">0 0 0 0 0 0 0 0 0 0 0 0 0 0 * 0 1 0 0 0 0 0 0 0 0 1 0 0 1 0 0 1 </row>
            <row number="26">0 1 0 0 0 0 0 0 1 0 1 0 * * * 0 0 0 0 0 1 1 0 0 0 0 0 0 0 0 0 1 </row>
            <row number="27">0 0 1 0 0 1 0 0 1 0 0 0 * 0 0 0 0 0 0 0 0 0 0 0 0 0 0 0 0 0 0 0 </row>
            <row number="28">1 0 0 1 1 0 0 0 0 0 0 1 * 0 0 1 0 0 0 1 0 0 0 0 0 0 0 0 0 1 1 1 </row>
            <row number="29">1 0 0 0 0 1 0 0 0 0 1 0 0 * 0 1 0 1 0 1 0 0 0 1 0 0 0 0 0 0 1 1 </row>
            <row number="30">1 1 0 1 0 0 1 1 0 1 0 1 1 0 * * * 0 1 0 0 0 0 0 0 0 0 1 0 0 0 0 </row>
            <row number="31">1 1 0 0 0 0 0 0 0 0 0 0 0 0 0 1 0 0 1 0 0 0 0 0 0 0 0 0 1 0 0 0 </row>
        </path>
        <agent id="0" start.x="23" start.y="10" goal.x="17" goal.y="31" size="0.5" movespeed="1" rotationspeed="1">
            <path pathfound="true" runtime="0.0437885" duration="51.348324">
                <section id="0" start.x="23" start.y="10" goal.x="23" goal.y="10" duration="0.61421353" g-value="0.61421353"/>
                <section id="1" start.x="23" start.y="10" goal.x="24" goal.y="10" duration="1" g-value="1.6142135"/>
                <section id="2" start.x="24" start.y="10" goal.x="24" goal.y="10" duration="3.9981453" g-value="5.612359"/>
                <section id="3" start.x="24" start.y="10" goal.x="23" goal.y="12" duration="2.236068" g-value="7.8484268"/>
                <section id="4" start.x="23" start.y="12" goal.x="22" goal.y="12" duration="1" g-value="8.8484268"/>
                <section id="5" start.x="22" start.y="12" goal.x="22" goal.y="12" duration="0.090000004" g-value="8.938427"/>
                <section id="6" start.x="22" start.y="12" goal.x="23" goal.y="12" duration="1" g-value="9.938427"/>
                <section id="7" start.x="23" start.y="12" goal.x="23" goal.y="12" duration="0.47991857" g-value="10.418345"/>
                <section id="8" start.x="23" start.y="12" goal.x="22" goal.y="13" duration="1.4142135" g-value="11.832559"/>
                <section id="9" start.x="22" start.y="13" goal.x="22" goal.y="13" duration="0.99000001" g-value="12.822559"/>
                <section id="10" start.x="22" start.y="13" goal.x="22" goal.y="15" duration="2" g-value="14.822559"/>
                <section id="11" start.x="22" start.y="15" goal.x="23" goal.y="15" duration="1" g-value="15.822559"/>
                <section id="12" start.x="23" start.y="15" goal.x="23" goal.y="15" duration="3.2096405" g-value="19.0322"/>
                <section id="13" start.x="23" start.y="15" goal.x="22" goal.y="15" duration="1" g-value="20.0322"/>
                <section id="14" start.x="22" start.y="15" goal.x="22" goal.y="15" duration="0.78393209" g-value="20.816132"/>
                <section id="15" start.x="22" start.y="15" goal.x="21" goal.y="17" duration="2.236068" g-value="23.0522"/>
                <section id="16" start.x="21" start.y="17" goal.x="21" goal.y="20" duration="3" g-value="26.0522"/>
                <section id="17" start.x="21" start.y="20" goal.x="21" goal.y="20" duration="3.475136" g-value="29.527336"/>
                <section id="18" start.x="21" start.y="20" goal.x="20" goal.y="20" duration="1" g-value="30.527336"/>
                <section id="19" start.x="20" start.y="20" goal.x="20" goal.y="20" duration="0.18000001" g-value="30.707336"/>
                <section id="20" start.x="20" start.y="20" goal.x="16" goal.y="20" duration="4" g-value="34.707336"/>
                <section id="21" start.x="16" start.y="20" goal.x="15" goal.y="23" duration="3.1622777" g-value="37.869614"/>
                <section id="22" start.x="15" start.y="23" goal.x="14" goal.y="25" duration="2.236068" g-value="40.105682"/>
                <section id="23" start.x="14" start.y="25" goal.x="14" goal.y="26" duration="1" g-value="41.105682"/>
                <section id="24" start.x="14" start.y="26" goal.x="12" goal.y="26" duration="2" g-value="43.105682"/>
                <section id="25" start.x="12" start.y="26" goal.x="12" goal.y="28" duration="2" g-value="45.105682"/>
                <section id="26" start.x="12" start.y="28" goal.x="14" goal.y="30" duration="2.8284271" g-value="47.934109"/>
                <section id="27" start.x="14" start.y="30" goal.x="16" goal.y="30" duration="2" g-value="49.934109"/>
                <section id="28" start.x="16" start.y="30" goal.x="17" goal.y="31" duration="1.4142135" g-value="51.348324"/>
            </path>
        </agent>
    </log>
</root>
