<?xml version="1.0" ?>
<root>
    <log>
        <taskfilename>D:/GitHub/AA-SIPP_optimal_2019/Instances/32x32_20/128/114_task.xml</taskfilename>
        <mapfilename>32x32_20.xml</mapfilename>
        <configfilename>config.xml</configfilename>
        <obstaclesfilename>D:/GitHub/AA-SIPP_optimal_2019/Instances/32x32_20/128/114_task_obs.xml</obstaclesfilename>
        <summary runtime="0.0146479" tries="1" agentssolved="1 (100.000000%)" flowtime="35.143066" makespan="35.143066"/>
        <path>
            <row number="0">0 0 0 0 0 0 0 0 0 0 1 0 0 0 0 0 0 1 0 0 0 1 0 1 0 0 0 0 0 0 0 0 </row>
            <row number="1">1 0 0 0 1 0 1 1 0 0 0 0 0 0 0 0 0 0 0 1 0 1 0 0 0 1 0 0 0 0 0 0 </row>
            <row number="2">0 0 0 0 0 0 0 0 0 0 0 0 0 0 1 0 0 0 0 0 0 0 0 1 1 0 0 0 1 0 0 0 </row>
            <row number="3">0 0 0 0 0 1 0 1 0 0 0 0 0 0 0 0 0 0 1 0 0 0 0 0 0 0 0 0 0 1 0 0 </row>
            <row number="4">0 1 1 0 0 0 0 0 0 0 0 0 0 0 1 1 0 1 0 0 0 0 0 0 1 0 0 1 0 0 0 0 </row>
            <row number="5">0 0 0 0 0 0 1 0 0 1 0 1 0 0 1 1 0 0 0 0 0 0 1 0 0 0 0 1 0 0 1 1 </row>
            <row number="6">0 0 0 0 0 0 1 0 0 1 1 0 0 0 0 0 0 0 0 1 0 0 0 0 0 0 0 1 0 0 0 1 </row>
            <row number="7">0 1 0 0 0 1 0 0 0 0 0 0 0 0 0 0 0 0 0 0 0 1 1 0 0 0 1 0 0 1 0 0 </row>
            <row number="8">0 0 0 0 0 0 1 0 0 0 0 0 0 0 0 0 1 0 0 0 0 0 0 0 1 0 1 0 0 0 0 0 </row>
            <row number="9">0 0 1 0 1 0 0 0 0 0 0 0 0 0 0 0 0 1 0 1 0 0 0 0 0 0 0 1 1 0 0 0 </row>
            <row number="10">1 0 1 0 0 0 0 0 0 0 0 0 1 0 1 0 0 0 0 0 0 0 1 0 0 0 1 0 0 0 0 0 </row>
            <row number="11">0 0 0 0 0 0 0 0 0 0 0 0 1 0 0 0 0 0 1 0 1 0 1 0 0 0 0 0 0 0 1 0 </row>
            <row number="12">0 0 1 0 0 0 0 0 1 0 1 0 1 1 0 1 0 0 0 0 0 0 0 0 0 0 1 0 0 0 0 0 </row>
            <row number="13">0 1 0 0 0 0 0 0 0 0 0 0 0 0 0 0 0 0 1 0 1 0 0 0 0 0 1 0 0 0 1 0 </row>
            <row number="14">0 0 0 1 1 1 0 0 0 0 0 0 0 1 0 0 0 0 0 0 0 0 0 1 0 0 0 0 0 0 0 0 </row>
            <row number="15">0 0 0 0 0 0 0 0 1 0 0 0 0 1 0 1 0 1 0 0 1 0 0 0 0 0 0 0 0 0 0 0 </row>
            <row number="16">0 0 1 0 0 0 1 0 0 0 0 0 0 0 0 1 0 0 0 0 1 0 0 1 1 1 0 0 0 0 1 0 </row>
            <row number="17">0 1 0 0 0 0 0 0 1 1 1 0 0 1 0 1 0 0 1 0 1 0 0 1 1 0 0 0 0 1 1 1 </row>
            <row number="18">1 0 0 0 0 0 0 0 0 0 1 0 0 0 0 0 0 0 0 1 0 0 1 0 0 0 0 0 0 1 1 1 </row>
            <row number="19">0 0 0 0 0 0 1 0 0 0 1 0 0 1 0 0 1 0 1 0 0 0 1 0 0 0 1 0 0 0 0 0 </row>
            <row number="20">0 1 0 1 0 0 0 0 0 0 0 0 1 0 0 0 0 0 0 0 0 0 1 1 0 1 0 0 0 1 0 0 </row>
            <row number="21">0 0 0 0 0 0 0 1 0 1 0 0 0 0 0 0 0 0 1 0 0 1 1 1 0 0 1 1 1 0 0 0 </row>
            <row number="22">0 0 1 0 1 0 0 1 0 0 0 0 1 0 0 0 0 0 0 1 0 0 0 0 0 0 0 0 0 0 1 0 </row>
            <row number="23">0 0 0 0 0 0 0 1 0 0 0 0 0 1 0 0 0 0 1 0 0 0 1 0 1 0 1 1 0 0 0 0 </row>
            <row number="24">0 0 0 0 0 0 0 0 0 0 0 0 0 0 0 0 0 1 0 0 0 1 0 1 0 0 1 0 1 0 0 0 </row>
            <row number="25">0 0 0 0 0 0 0 0 0 0 0 0 0 0 0 0 1 0 0 0 0 0 0 0 0 1 0 0 1 0 0 1 </row>
            <row number="26">0 1 0 0 0 0 0 0 1 0 1 0 0 0 0 0 0 0 * * 1 1 0 0 0 0 0 0 0 0 0 1 </row>
            <row number="27">0 0 1 0 0 1 0 0 1 0 0 0 0 0 0 0 0 0 * * * 0 0 0 0 0 0 0 0 0 0 0 </row>
            <row number="28">1 0 0 1 1 0 * 0 0 0 0 1 0 0 0 1 * * 0 1 0 * * 0 0 0 0 0 0 1 1 1 </row>
            <row number="29">1 0 0 0 0 1 0 * * 0 1 0 0 0 0 1 * 1 0 1 0 0 * 1 0 0 0 0 0 0 1 1 </row>
            <row number="30">1 1 0 1 0 0 1 1 * 1 0 1 1 0 * * * 0 1 0 0 0 * 0 0 0 0 1 0 0 0 0 </row>
            <row number="31">1 1 0 0 0 0 0 0 * * * * * * 0 1 0 0 1 0 0 0 0 * 0 0 0 0 1 0 0 0 </row>
        </path>
        <agent id="0" start.x="23" start.y="31" goal.x="5" goal.y="28" size="0.5" movespeed="1" rotationspeed="1">
            <path pathfound="true" runtime="0.0129992" duration="35.143066">
                <section id="0" start.x="23" start.y="31" goal.x="22" goal.y="30" duration="1.4142135" g-value="1.4142135"/>
                <section id="1" start.x="22" start.y="30" goal.x="22" goal.y="28" duration="2" g-value="3.4142137"/>
                <section id="2" start.x="22" start.y="28" goal.x="22" goal.y="28" duration="1.3797184" g-value="4.793932"/>
                <section id="3" start.x="22" start.y="28" goal.x="20" goal.y="27" duration="2.236068" g-value="7.0300002"/>
                <section id="4" start.x="20" start.y="27" goal.x="19" goal.y="27" duration="1" g-value="8.0299997"/>
                <section id="5" start.x="19" start.y="27" goal.x="18" goal.y="26" duration="1.4142135" g-value="9.4442139"/>
                <section id="6" start.x="18" start.y="26" goal.x="19" goal.y="26" duration="1" g-value="10.444214"/>
                <section id="7" start.x="19" start.y="26" goal.x="19" goal.y="26" duration="4.8219972" g-value="15.266211"/>
                <section id="8" start.x="19" start.y="26" goal.x="18" goal.y="27" duration="1.4142135" g-value="16.680424"/>
                <section id="9" start.x="18" start.y="27" goal.x="17" goal.y="28" duration="1.4142135" g-value="18.094639"/>
                <section id="10" start.x="17" start.y="28" goal.x="17" goal.y="28" duration="0.22" g-value="18.314638"/>
                <section id="11" start.x="17" start.y="28" goal.x="16" goal.y="28" duration="1" g-value="19.314638"/>
                <section id="12" start.x="16" start.y="28" goal.x="16" goal.y="30" duration="2" g-value="21.314638"/>
                <section id="13" start.x="16" start.y="30" goal.x="14" goal.y="30" duration="2" g-value="23.314638"/>
                <section id="14" start.x="14" start.y="30" goal.x="13" goal.y="31" duration="1.4142135" g-value="24.728851"/>
                <section id="15" start.x="13" start.y="31" goal.x="8" goal.y="31" duration="5" g-value="29.728851"/>
                <section id="16" start.x="8" start.y="31" goal.x="8" goal.y="29" duration="2" g-value="31.728851"/>
                <section id="17" start.x="8" start.y="29" goal.x="7" goal.y="29" duration="1" g-value="32.728851"/>
                <section id="18" start.x="7" start.y="29" goal.x="6" goal.y="28" duration="1.4142135" g-value="34.143066"/>
                <section id="19" start.x="6" start.y="28" goal.x="5" goal.y="28" duration="1" g-value="35.143066"/>
            </path>
        </agent>
    </log>
</root>
