<?xml version="1.0" ?>
<root>
    <log>
        <taskfilename>D:/GitHub/AA-SIPP_optimal_2019/Instances/32x32_20/128/116_task.xml</taskfilename>
        <mapfilename>32x32_20.xml</mapfilename>
        <configfilename>config.xml</configfilename>
        <obstaclesfilename>D:/GitHub/AA-SIPP_optimal_2019/Instances/32x32_20/128/116_task_obs.xml</obstaclesfilename>
        <summary runtime="0.039531499" tries="1" agentssolved="1 (100.000000%)" flowtime="43.335674" makespan="43.335674"/>
        <path>
            <row number="0">0 0 0 0 0 0 0 0 0 0 1 0 0 0 0 0 0 1 0 0 0 1 0 1 0 0 0 0 0 0 0 0 </row>
            <row number="1">1 0 0 0 1 0 1 1 0 0 0 0 0 0 0 0 0 0 0 1 0 1 0 0 0 1 0 0 0 0 0 0 </row>
            <row number="2">0 0 0 0 0 0 0 0 0 0 0 0 0 0 1 0 0 0 0 0 0 0 0 1 1 0 0 0 1 0 0 0 </row>
            <row number="3">0 0 0 0 0 1 0 1 0 0 0 0 0 0 0 0 0 0 1 0 0 0 0 0 0 0 0 0 0 1 0 0 </row>
            <row number="4">0 1 1 0 0 0 0 0 0 0 0 0 0 0 1 1 0 1 0 0 0 0 0 0 1 0 0 1 0 0 0 0 </row>
            <row number="5">0 0 0 0 0 0 1 0 0 1 0 1 0 0 1 1 0 0 0 0 0 0 1 0 0 0 0 1 0 0 1 1 </row>
            <row number="6">0 0 0 0 0 0 1 0 0 1 1 0 0 0 0 0 0 0 0 1 0 0 0 0 0 0 0 1 0 0 0 1 </row>
            <row number="7">0 1 0 0 0 1 * * 0 0 0 0 0 0 0 0 0 0 0 0 0 1 1 0 0 0 1 0 0 1 0 0 </row>
            <row number="8">0 0 0 0 0 0 1 * 0 0 0 0 0 0 0 0 1 0 0 0 0 0 0 0 1 0 1 0 0 0 0 0 </row>
            <row number="9">0 0 1 0 1 0 * * 0 0 0 0 0 0 0 0 0 1 0 1 0 0 0 0 0 0 0 1 1 0 0 0 </row>
            <row number="10">1 0 1 0 0 0 * 0 0 0 0 0 1 0 1 0 0 0 0 0 0 0 1 0 0 0 1 0 0 0 0 0 </row>
            <row number="11">0 0 0 0 0 0 * 0 0 0 0 0 1 0 0 0 0 0 1 0 1 0 1 0 0 0 0 0 0 0 1 0 </row>
            <row number="12">0 0 1 0 0 0 0 * 1 0 1 0 1 1 0 1 0 0 0 0 0 0 0 0 0 0 1 0 0 0 0 0 </row>
            <row number="13">0 1 0 0 0 0 0 * * * * * * * * 0 0 0 1 0 1 0 0 0 0 0 1 0 0 0 1 0 </row>
            <row number="14">0 0 0 1 1 1 0 0 * 0 0 0 0 1 * * * * * 0 0 0 0 1 0 0 0 0 0 0 0 0 </row>
            <row number="15">0 0 0 0 0 0 0 0 1 0 0 0 0 1 0 1 0 1 0 0 1 0 0 0 0 0 0 0 0 0 0 0 </row>
            <row number="16">0 0 1 0 0 0 1 0 0 0 0 0 0 0 0 1 0 0 0 0 1 0 0 1 1 1 0 0 0 0 1 0 </row>
            <row number="17">0 1 0 0 0 0 0 0 1 1 1 0 0 1 0 1 0 0 1 0 1 0 0 1 1 0 0 0 0 1 1 1 </row>
            <row number="18">1 0 0 0 0 0 0 0 0 0 1 0 0 0 0 0 0 0 0 1 0 0 1 0 0 0 0 0 0 1 1 1 </row>
            <row number="19">0 0 0 0 0 0 1 0 0 0 1 0 0 1 0 0 1 0 1 0 0 0 1 0 0 0 1 0 0 0 0 0 </row>
            <row number="20">0 1 0 1 0 0 0 0 0 0 0 0 1 0 0 0 0 0 0 0 0 0 1 1 0 1 0 0 0 1 0 0 </row>
            <row number="21">0 0 0 0 0 0 0 1 0 1 0 0 0 0 0 0 0 0 1 0 0 1 1 1 0 0 1 1 1 0 0 0 </row>
            <row number="22">0 0 1 0 1 0 0 1 0 0 0 0 1 0 0 0 0 0 0 1 0 0 0 0 0 0 0 0 0 0 1 0 </row>
            <row number="23">0 0 0 0 0 0 0 1 0 0 0 0 0 1 0 0 0 0 1 0 0 0 1 0 1 0 1 1 0 0 0 0 </row>
            <row number="24">0 0 0 0 0 0 0 0 0 0 0 0 0 0 0 0 0 1 0 0 0 1 0 1 0 0 1 0 1 0 0 0 </row>
            <row number="25">0 0 0 0 0 0 0 0 0 0 0 0 0 0 0 0 1 0 0 0 0 0 0 0 0 1 0 0 1 0 0 1 </row>
            <row number="26">0 1 0 0 0 0 0 0 1 0 1 0 0 0 0 0 0 0 0 0 1 1 0 0 0 0 0 0 0 0 0 1 </row>
            <row number="27">0 0 1 0 0 1 0 0 1 0 0 0 0 0 0 0 0 0 0 0 0 0 0 0 0 0 0 0 0 0 0 0 </row>
            <row number="28">1 0 0 1 1 0 0 0 0 0 0 1 0 0 0 1 0 0 0 1 0 0 0 0 0 0 0 0 0 1 1 1 </row>
            <row number="29">1 0 0 0 0 1 0 0 0 0 1 0 0 0 0 1 0 1 0 1 0 0 0 1 0 0 0 0 0 0 1 1 </row>
            <row number="30">1 1 0 1 0 0 1 1 0 1 0 1 1 0 0 0 0 0 1 0 0 0 0 0 0 0 0 1 0 0 0 0 </row>
            <row number="31">1 1 0 0 0 0 0 0 0 0 0 0 0 0 0 1 0 0 1 0 0 0 0 0 0 0 0 0 1 0 0 0 </row>
        </path>
        <agent id="0" start.x="6" start.y="7" goal.x="18" goal.y="15" size="0.5" movespeed="1" rotationspeed="1">
            <path pathfound="true" runtime="0.037902601" duration="43.335674">
                <section id="0" start.x="6" start.y="7" goal.x="7" goal.y="7" duration="1" g-value="1"/>
                <section id="1" start.x="7" start.y="7" goal.x="7" goal.y="7" duration="2.6142135" g-value="3.6142135"/>
                <section id="2" start.x="7" start.y="7" goal.x="7" goal.y="8" duration="1" g-value="4.6142135"/>
                <section id="3" start.x="7" start.y="8" goal.x="7" goal.y="9" duration="1" g-value="5.6142135"/>
                <section id="4" start.x="7" start.y="9" goal.x="7" goal.y="9" duration="2.1186407" g-value="7.7328544"/>
                <section id="5" start.x="7" start.y="9" goal.x="6" goal.y="9" duration="1" g-value="8.7328539"/>
                <section id="6" start.x="6" start.y="9" goal.x="6" goal.y="9" duration="2.7172678" g-value="11.450122"/>
                <section id="7" start.x="6" start.y="9" goal.x="6" goal.y="11" duration="2" g-value="13.450122"/>
                <section id="8" start.x="6" start.y="11" goal.x="6" goal.y="11" duration="0.15000001" g-value="13.600122"/>
                <section id="9" start.x="6" start.y="11" goal.x="7" goal.y="12" duration="1.4142135" g-value="15.014336"/>
                <section id="10" start.x="7" start.y="12" goal.x="7" goal.y="12" duration="3.992183" g-value="19.006519"/>
                <section id="11" start.x="7" start.y="12" goal.x="7" goal.y="13" duration="1" g-value="20.006519"/>
                <section id="12" start.x="7" start.y="13" goal.x="8" goal.y="13" duration="1" g-value="21.006519"/>
                <section id="13" start.x="8" start.y="13" goal.x="8" goal.y="14" duration="1" g-value="22.006519"/>
                <section id="14" start.x="8" start.y="14" goal.x="8" goal.y="14" duration="8.5849409" g-value="30.591459"/>
                <section id="15" start.x="8" start.y="14" goal.x="9" goal.y="13" duration="1.4142135" g-value="32.005672"/>
                <section id="16" start.x="9" start.y="13" goal.x="13" goal.y="13" duration="4" g-value="36.005672"/>
                <section id="17" start.x="13" start.y="13" goal.x="13" goal.y="13" duration="0.33000001" g-value="36.335674"/>
                <section id="18" start.x="13" start.y="13" goal.x="14" goal.y="13" duration="1" g-value="37.335674"/>
                <section id="19" start.x="14" start.y="13" goal.x="14" goal.y="14" duration="1" g-value="38.335674"/>
                <section id="20" start.x="14" start.y="14" goal.x="18" goal.y="14" duration="4" g-value="42.335674"/>
                <section id="21" start.x="18" start.y="14" goal.x="18" goal.y="15" duration="1" g-value="43.335674"/>
            </path>
        </agent>
    </log>
</root>
