<?xml version="1.0" ?>
<root>
    <log>
        <taskfilename>D:/GitHub/AA-SIPP_optimal_2019/Instances/32x32_20/128/118_task.xml</taskfilename>
        <mapfilename>32x32_20.xml</mapfilename>
        <configfilename>config.xml</configfilename>
        <obstaclesfilename>D:/GitHub/AA-SIPP_optimal_2019/Instances/32x32_20/128/118_task_obs.xml</obstaclesfilename>
        <summary runtime="0.0237018" tries="1" agentssolved="1 (100.000000%)" flowtime="48.230072" makespan="48.230072"/>
        <path>
            <row number="0">0 0 0 0 0 0 0 0 0 0 1 0 0 0 0 0 0 1 0 0 0 1 0 1 0 0 0 0 0 0 0 0 </row>
            <row number="1">1 0 0 0 1 0 1 1 0 0 0 0 0 0 0 0 0 0 0 1 0 1 0 0 0 1 0 0 0 0 0 0 </row>
            <row number="2">0 0 0 0 0 0 0 0 0 0 0 0 0 0 1 0 0 0 0 0 0 0 0 1 1 0 0 0 1 0 0 0 </row>
            <row number="3">0 0 0 0 0 1 0 1 0 0 0 0 0 * * * * 0 1 0 0 0 0 0 0 0 0 0 0 1 0 0 </row>
            <row number="4">0 1 1 0 0 0 0 0 0 0 0 0 0 * 1 1 * 1 0 0 * * * * 1 0 0 1 0 0 0 0 </row>
            <row number="5">0 0 0 0 0 0 1 0 0 1 0 1 0 * 1 1 * * * * 0 0 1 0 0 0 0 1 0 0 1 1 </row>
            <row number="6">0 0 0 0 0 0 1 0 0 1 1 0 * 0 0 0 0 0 0 1 0 0 0 0 0 0 0 1 0 0 0 1 </row>
            <row number="7">0 1 0 0 0 1 0 0 0 0 0 0 * 0 0 0 0 0 0 0 0 1 1 0 0 0 1 0 0 1 0 0 </row>
            <row number="8">0 0 0 0 0 0 1 0 0 0 0 0 * 0 0 0 1 0 0 0 0 0 0 0 1 0 1 0 0 0 0 0 </row>
            <row number="9">0 0 1 0 1 0 0 0 0 0 0 * 0 0 0 0 0 1 0 1 0 0 0 0 0 0 0 1 1 0 0 0 </row>
            <row number="10">1 0 1 0 0 0 0 0 0 0 0 * 1 0 1 0 0 0 0 0 0 0 1 0 0 0 1 0 0 0 0 0 </row>
            <row number="11">0 0 0 0 0 0 0 0 0 0 0 * 1 0 0 0 0 0 1 0 1 0 1 0 0 0 0 0 0 0 1 0 </row>
            <row number="12">0 0 1 0 0 0 0 0 1 0 1 * 1 1 0 1 0 0 0 0 0 0 0 0 0 0 1 0 0 0 0 0 </row>
            <row number="13">0 1 0 0 0 0 0 0 0 0 0 * 0 0 0 0 0 0 1 0 1 0 0 0 0 0 1 0 0 0 1 0 </row>
            <row number="14">0 0 0 1 1 1 0 0 0 0 0 * 0 1 0 0 0 0 0 0 0 0 0 1 0 0 0 0 0 0 0 0 </row>
            <row number="15">0 0 0 0 0 0 0 0 1 0 0 * 0 1 0 1 0 1 0 0 1 0 0 0 0 0 0 0 0 0 0 0 </row>
            <row number="16">0 0 1 0 0 0 1 0 0 0 0 * 0 0 0 1 0 0 0 0 1 0 0 1 1 1 0 0 0 0 1 0 </row>
            <row number="17">0 1 0 0 0 0 0 0 1 1 1 * 0 1 0 1 0 0 1 0 1 0 0 1 1 0 0 0 0 1 1 1 </row>
            <row number="18">1 0 0 0 0 0 0 0 0 0 1 * 0 0 0 0 0 0 0 1 0 0 1 0 0 0 0 0 0 1 1 1 </row>
            <row number="19">0 0 0 0 0 0 1 0 0 0 1 * 0 1 0 0 1 0 1 0 0 0 1 0 0 0 1 0 0 0 0 0 </row>
            <row number="20">0 1 0 1 0 0 0 0 0 0 0 * 1 0 0 0 0 0 0 0 0 0 1 1 0 1 0 0 0 1 0 0 </row>
            <row number="21">0 0 0 0 0 0 0 1 0 1 0 * 0 0 0 0 0 0 1 0 0 1 1 1 0 0 1 1 1 0 0 0 </row>
            <row number="22">0 0 1 0 1 0 0 1 0 0 * 0 1 0 0 0 0 0 0 1 0 0 0 0 0 0 0 0 0 0 1 0 </row>
            <row number="23">0 0 0 0 0 0 0 1 0 * 0 0 0 1 0 0 0 0 1 0 0 0 1 0 1 0 1 1 0 0 0 0 </row>
            <row number="24">0 0 0 0 0 0 0 * * 0 0 0 0 0 0 0 0 1 0 0 0 1 0 1 0 0 1 0 1 0 0 0 </row>
            <row number="25">0 0 0 0 0 0 0 * 0 0 0 0 0 0 0 0 1 0 0 0 0 0 0 0 0 1 0 0 1 0 0 1 </row>
            <row number="26">0 1 0 0 0 0 0 * 1 0 1 0 0 0 0 0 0 0 0 0 1 1 0 0 0 0 0 0 0 0 0 1 </row>
            <row number="27">0 0 1 0 0 1 0 * 1 0 0 0 0 0 0 0 0 0 0 0 0 0 0 0 0 0 0 0 0 0 0 0 </row>
            <row number="28">1 0 0 1 1 0 0 * 0 0 0 1 0 0 0 1 0 0 0 1 0 0 0 0 0 0 0 0 0 1 1 1 </row>
            <row number="29">1 0 0 0 0 1 0 0 * 0 1 0 0 0 0 1 0 1 0 1 0 0 0 1 0 0 0 0 0 0 1 1 </row>
            <row number="30">1 1 0 1 0 0 1 1 * 1 0 1 1 0 0 0 0 0 1 0 0 0 0 0 0 0 0 1 0 0 0 0 </row>
            <row number="31">1 1 0 0 0 0 0 0 * 0 0 0 0 0 0 1 0 0 1 0 0 0 0 0 0 0 0 0 1 0 0 0 </row>
        </path>
        <agent id="0" start.x="23" start.y="4" goal.x="7" goal.y="31" size="0.5" movespeed="1" rotationspeed="1">
            <path pathfound="true" runtime="0.021609399" duration="48.230072">
                <section id="0" start.x="23" start.y="4" goal.x="21" goal.y="4" duration="2" g-value="2"/>
                <section id="1" start.x="21" start.y="4" goal.x="18" goal.y="5" duration="3.1622777" g-value="5.1622777"/>
                <section id="2" start.x="18" start.y="5" goal.x="16" goal.y="5" duration="2" g-value="7.1622777"/>
                <section id="3" start.x="16" start.y="5" goal.x="16" goal.y="5" duration="0.3637903" g-value="7.5260682"/>
                <section id="4" start.x="16" start.y="5" goal.x="16" goal.y="3" duration="2" g-value="9.5260677"/>
                <section id="5" start.x="16" start.y="3" goal.x="16" goal.y="3" duration="0.80950779" g-value="10.335576"/>
                <section id="6" start.x="16" start.y="3" goal.x="13" goal.y="3" duration="3" g-value="13.335576"/>
                <section id="7" start.x="13" start.y="3" goal.x="13" goal.y="3" duration="0.039999999" g-value="13.375576"/>
                <section id="8" start.x="13" start.y="3" goal.x="12" goal.y="8" duration="5.0990195" g-value="18.474596"/>
                <section id="9" start.x="12" start.y="8" goal.x="12" goal.y="8" duration="0.20999999" g-value="18.684595"/>
                <section id="10" start.x="12" start.y="8" goal.x="11" goal.y="9" duration="1.4142135" g-value="20.098808"/>
                <section id="11" start.x="11" start.y="9" goal.x="11" goal.y="9" duration="2.2425556" g-value="22.341364"/>
                <section id="12" start.x="11" start.y="9" goal.x="11" goal.y="19" duration="10" g-value="32.341366"/>
                <section id="13" start.x="11" start.y="19" goal.x="11" goal.y="19" duration="0.02" g-value="32.361366"/>
                <section id="14" start.x="11" start.y="19" goal.x="11" goal.y="20" duration="1" g-value="33.361366"/>
                <section id="15" start.x="11" start.y="20" goal.x="10" goal.y="22" duration="2.236068" g-value="35.597431"/>
                <section id="16" start.x="10" start.y="22" goal.x="10" goal.y="22" duration="0.059999999" g-value="35.657433"/>
                <section id="17" start.x="10" start.y="22" goal.x="8" goal.y="24" duration="2.8284271" g-value="38.485859"/>
                <section id="18" start.x="8" start.y="24" goal.x="8" goal.y="24" duration="0.33000001" g-value="38.815861"/>
                <section id="19" start.x="8" start.y="24" goal.x="7" goal.y="24" duration="1" g-value="39.815861"/>
                <section id="20" start.x="7" start.y="24" goal.x="7" goal.y="28" duration="4" g-value="43.815861"/>
                <section id="21" start.x="7" start.y="28" goal.x="8" goal.y="29" duration="1.4142135" g-value="45.230072"/>
                <section id="22" start.x="8" start.y="29" goal.x="8" goal.y="31" duration="2" g-value="47.230072"/>
                <section id="23" start.x="8" start.y="31" goal.x="7" goal.y="31" duration="1" g-value="48.230072"/>
            </path>
        </agent>
    </log>
</root>
