<?xml version="1.0" ?>
<root>
    <log>
        <taskfilename>D:/GitHub/AA-SIPP_optimal_2019/Instances/32x32_20/128/119_task.xml</taskfilename>
        <mapfilename>32x32_20.xml</mapfilename>
        <configfilename>config.xml</configfilename>
        <obstaclesfilename>D:/GitHub/AA-SIPP_optimal_2019/Instances/32x32_20/128/119_task_obs.xml</obstaclesfilename>
        <summary runtime="0.0189694" tries="1" agentssolved="1 (100.000000%)" flowtime="33.768192" makespan="33.768192"/>
        <path>
            <row number="0">0 0 0 0 0 0 0 0 0 0 1 0 0 0 0 0 0 1 * * * 1 0 1 0 0 0 0 0 0 0 0 </row>
            <row number="1">1 0 0 0 1 0 1 1 0 0 0 * * * * * * * * 1 * 1 0 0 0 1 0 0 0 0 0 0 </row>
            <row number="2">0 0 0 0 0 0 * * * * * 0 0 0 1 0 0 0 0 0 * 0 0 1 1 0 0 0 1 0 0 0 </row>
            <row number="3">0 0 0 0 0 1 * 1 0 0 0 0 0 0 0 0 0 0 1 0 * 0 0 0 0 0 0 0 0 1 0 0 </row>
            <row number="4">0 1 1 0 0 * * 0 0 0 0 0 0 0 1 1 0 1 0 0 * 0 0 0 1 0 0 1 0 0 0 0 </row>
            <row number="5">0 0 0 0 * 0 1 0 0 1 0 1 0 0 1 1 0 0 0 0 0 * 1 0 0 0 0 1 0 0 1 1 </row>
            <row number="6">0 0 0 0 * 0 1 0 0 1 1 0 0 0 0 0 0 0 0 1 0 * * 0 0 0 0 1 0 0 0 1 </row>
            <row number="7">0 1 0 0 * 1 0 0 0 0 0 0 0 0 0 0 0 0 0 0 0 1 1 0 0 0 1 0 0 1 0 0 </row>
            <row number="8">0 * * * * 0 1 0 0 0 0 0 0 0 0 0 1 0 0 0 0 0 0 0 1 0 1 0 0 0 0 0 </row>
            <row number="9">0 0 1 0 1 0 0 0 0 0 0 0 0 0 0 0 0 1 0 1 0 0 0 0 0 0 0 1 1 0 0 0 </row>
            <row number="10">1 0 1 0 0 0 0 0 0 0 0 0 1 0 1 0 0 0 0 0 0 0 1 0 0 0 1 0 0 0 0 0 </row>
            <row number="11">0 0 0 0 0 0 0 0 0 0 0 0 1 0 0 0 0 0 1 0 1 0 1 0 0 0 0 0 0 0 1 0 </row>
            <row number="12">0 0 1 0 0 0 0 0 1 0 1 0 1 1 0 1 0 0 0 0 0 0 0 0 0 0 1 0 0 0 0 0 </row>
            <row number="13">0 1 0 0 0 0 0 0 0 0 0 0 0 0 0 0 0 0 1 0 1 0 0 0 0 0 1 0 0 0 1 0 </row>
            <row number="14">0 0 0 1 1 1 0 0 0 0 0 0 0 1 0 0 0 0 0 0 0 0 0 1 0 0 0 0 0 0 0 0 </row>
            <row number="15">0 0 0 0 0 0 0 0 1 0 0 0 0 1 0 1 0 1 0 0 1 0 0 0 0 0 0 0 0 0 0 0 </row>
            <row number="16">0 0 1 0 0 0 1 0 0 0 0 0 0 0 0 1 0 0 0 0 1 0 0 1 1 1 0 0 0 0 1 0 </row>
            <row number="17">0 1 0 0 0 0 0 0 1 1 1 0 0 1 0 1 0 0 1 0 1 0 0 1 1 0 0 0 0 1 1 1 </row>
            <row number="18">1 0 0 0 0 0 0 0 0 0 1 0 0 0 0 0 0 0 0 1 0 0 1 0 0 0 0 0 0 1 1 1 </row>
            <row number="19">0 0 0 0 0 0 1 0 0 0 1 0 0 1 0 0 1 0 1 0 0 0 1 0 0 0 1 0 0 0 0 0 </row>
            <row number="20">0 1 0 1 0 0 0 0 0 0 0 0 1 0 0 0 0 0 0 0 0 0 1 1 0 1 0 0 0 1 0 0 </row>
            <row number="21">0 0 0 0 0 0 0 1 0 1 0 0 0 0 0 0 0 0 1 0 0 1 1 1 0 0 1 1 1 0 0 0 </row>
            <row number="22">0 0 1 0 1 0 0 1 0 0 0 0 1 0 0 0 0 0 0 1 0 0 0 0 0 0 0 0 0 0 1 0 </row>
            <row number="23">0 0 0 0 0 0 0 1 0 0 0 0 0 1 0 0 0 0 1 0 0 0 1 0 1 0 1 1 0 0 0 0 </row>
            <row number="24">0 0 0 0 0 0 0 0 0 0 0 0 0 0 0 0 0 1 0 0 0 1 0 1 0 0 1 0 1 0 0 0 </row>
            <row number="25">0 0 0 0 0 0 0 0 0 0 0 0 0 0 0 0 1 0 0 0 0 0 0 0 0 1 0 0 1 0 0 1 </row>
            <row number="26">0 1 0 0 0 0 0 0 1 0 1 0 0 0 0 0 0 0 0 0 1 1 0 0 0 0 0 0 0 0 0 1 </row>
            <row number="27">0 0 1 0 0 1 0 0 1 0 0 0 0 0 0 0 0 0 0 0 0 0 0 0 0 0 0 0 0 0 0 0 </row>
            <row number="28">1 0 0 1 1 0 0 0 0 0 0 1 0 0 0 1 0 0 0 1 0 0 0 0 0 0 0 0 0 1 1 1 </row>
            <row number="29">1 0 0 0 0 1 0 0 0 0 1 0 0 0 0 1 0 1 0 1 0 0 0 1 0 0 0 0 0 0 1 1 </row>
            <row number="30">1 1 0 1 0 0 1 1 0 1 0 1 1 0 0 0 0 0 1 0 0 0 0 0 0 0 0 1 0 0 0 0 </row>
            <row number="31">1 1 0 0 0 0 0 0 0 0 0 0 0 0 0 1 0 0 1 0 0 0 0 0 0 0 0 0 1 0 0 0 </row>
        </path>
        <agent id="0" start.x="1" start.y="8" goal.x="23" goal.y="6" size="0.5" movespeed="1" rotationspeed="1">
            <path pathfound="true" runtime="0.017031699" duration="33.768192">
                <section id="0" start.x="1" start.y="8" goal.x="4" goal.y="8" duration="3" g-value="3"/>
                <section id="1" start.x="4" start.y="8" goal.x="4" goal.y="6" duration="2" g-value="5"/>
                <section id="2" start.x="4" start.y="6" goal.x="5" goal.y="4" duration="2.236068" g-value="7.2360678"/>
                <section id="3" start.x="5" start.y="4" goal.x="6" goal.y="4" duration="1" g-value="8.2360678"/>
                <section id="4" start.x="6" start.y="4" goal.x="6" goal.y="2" duration="2" g-value="10.236068"/>
                <section id="5" start.x="6" start.y="2" goal.x="8" goal.y="2" duration="2" g-value="12.236068"/>
                <section id="6" start.x="8" start.y="2" goal.x="13" goal.y="1" duration="5.0990195" g-value="17.335087"/>
                <section id="7" start.x="13" start.y="1" goal.x="13" goal.y="1" duration="0.31" g-value="17.645088"/>
                <section id="8" start.x="13" start.y="1" goal.x="18" goal.y="1" duration="5" g-value="22.645088"/>
                <section id="9" start.x="18" start.y="1" goal.x="18" goal.y="0" duration="1" g-value="23.645088"/>
                <section id="10" start.x="18" start.y="0" goal.x="20" goal.y="0" duration="2" g-value="25.645088"/>
                <section id="11" start.x="20" start.y="0" goal.x="20" goal.y="2" duration="2" g-value="27.645088"/>
                <section id="12" start.x="20" start.y="2" goal.x="21" goal.y="6" duration="4.1231055" g-value="31.768192"/>
                <section id="13" start.x="21" start.y="6" goal.x="23" goal.y="6" duration="2" g-value="33.768192"/>
            </path>
        </agent>
    </log>
</root>
