<?xml version="1.0" ?>
<root>
    <log>
        <taskfilename>D:/GitHub/AA-SIPP_optimal_2019/Instances/32x32_20/128/11_task.xml</taskfilename>
        <mapfilename>32x32_20.xml</mapfilename>
        <configfilename>config.xml</configfilename>
        <obstaclesfilename>D:/GitHub/AA-SIPP_optimal_2019/Instances/32x32_20/128/11_task_obs.xml</obstaclesfilename>
        <summary runtime="0.042858999" tries="1" agentssolved="1 (100.000000%)" flowtime="51.312168" makespan="51.312168"/>
        <path>
            <row number="0">0 0 0 0 0 0 0 0 0 0 1 0 0 0 0 0 0 1 0 0 0 1 0 1 0 0 0 0 0 0 0 0 </row>
            <row number="1">1 0 0 0 1 0 1 1 0 0 0 0 0 0 0 0 0 0 0 1 0 1 0 0 0 1 0 0 0 0 0 0 </row>
            <row number="2">0 0 0 0 0 0 0 0 0 0 0 0 0 0 1 0 0 0 0 0 0 0 0 1 1 0 0 0 1 0 0 0 </row>
            <row number="3">0 0 0 0 0 1 0 1 0 0 0 0 0 0 0 0 0 0 1 0 0 0 0 * * * * * * 1 0 0 </row>
            <row number="4">0 1 1 0 0 0 0 0 0 0 0 0 0 0 1 1 0 1 0 0 0 * * 0 1 0 0 1 * 0 0 0 </row>
            <row number="5">0 0 0 0 0 0 1 0 0 1 0 1 0 0 1 1 0 0 0 0 0 * 1 0 0 0 0 1 * 0 1 1 </row>
            <row number="6">0 0 0 0 0 0 1 0 0 1 1 0 0 0 0 0 0 0 0 1 0 0 0 0 0 0 0 1 * 0 0 1 </row>
            <row number="7">0 1 0 0 0 1 0 0 0 0 0 0 0 0 0 0 0 0 0 0 0 1 1 0 0 0 1 0 * 1 0 0 </row>
            <row number="8">0 0 0 0 0 0 1 0 0 0 0 0 0 0 0 0 1 0 0 0 0 0 0 0 1 0 1 0 * * 0 0 </row>
            <row number="9">0 0 1 0 1 0 0 0 0 0 0 0 0 0 0 0 0 1 0 1 0 0 0 0 0 0 0 1 1 * 0 0 </row>
            <row number="10">1 0 1 0 0 0 0 0 0 0 0 0 1 0 1 0 0 0 0 0 0 0 1 0 0 0 1 0 0 * 0 0 </row>
            <row number="11">0 0 0 0 0 0 0 0 0 0 0 0 1 0 0 0 0 0 1 0 1 0 1 0 0 0 0 0 0 * 1 0 </row>
            <row number="12">0 0 1 0 0 0 0 0 1 0 1 0 1 1 0 1 0 0 0 0 0 0 0 0 0 0 1 0 0 * 0 0 </row>
            <row number="13">0 1 0 0 0 0 0 0 0 0 0 0 0 0 0 0 0 0 1 0 1 0 0 0 0 0 1 0 * 0 1 0 </row>
            <row number="14">0 0 0 1 1 1 0 0 0 0 0 0 0 1 0 0 0 0 0 0 0 0 0 1 0 0 0 0 * 0 0 0 </row>
            <row number="15">0 0 0 0 0 0 0 0 1 0 0 0 0 1 0 1 0 1 0 0 1 0 0 0 0 0 0 0 * 0 0 0 </row>
            <row number="16">0 0 1 0 0 0 1 0 0 0 0 0 0 0 0 1 0 0 0 0 1 0 0 1 1 1 0 0 * 0 1 0 </row>
            <row number="17">0 1 0 0 0 0 0 0 1 1 1 0 0 1 0 1 0 0 1 0 1 0 0 1 1 0 0 0 * 1 1 1 </row>
            <row number="18">1 0 0 0 0 0 0 0 0 0 1 0 0 0 0 0 0 0 0 1 0 0 1 0 0 0 0 0 * 1 1 1 </row>
            <row number="19">0 0 0 0 0 0 1 0 0 0 1 0 0 1 0 0 1 0 1 0 0 0 1 0 0 0 1 0 * * * 0 </row>
            <row number="20">0 1 0 1 0 0 0 0 0 0 0 0 1 0 0 0 0 0 0 0 0 0 1 1 0 1 0 0 0 1 * 0 </row>
            <row number="21">0 0 0 0 0 0 0 1 0 1 0 0 0 0 0 0 0 0 1 0 0 1 1 1 0 0 1 1 1 * * 0 </row>
            <row number="22">0 0 1 0 1 0 0 1 0 0 0 0 1 0 0 0 0 0 0 1 0 0 0 0 0 0 0 0 0 * 1 0 </row>
            <row number="23">0 0 0 0 0 0 0 1 0 0 0 0 0 1 0 0 0 0 1 0 0 0 1 0 1 0 1 1 0 * 0 0 </row>
            <row number="24">0 0 0 0 0 0 0 0 0 0 0 0 0 0 0 0 0 1 0 0 0 1 0 1 0 0 1 0 1 * 0 0 </row>
            <row number="25">0 0 0 0 0 0 0 0 0 0 0 0 0 0 0 0 1 0 0 0 0 0 0 0 0 1 0 0 1 0 * 1 </row>
            <row number="26">0 1 0 0 0 0 0 0 1 0 1 0 0 0 0 0 0 0 0 0 1 1 0 0 0 0 0 * * * * 1 </row>
            <row number="27">0 0 1 0 0 1 0 0 1 0 0 0 0 0 0 0 0 0 0 0 0 0 0 0 0 * * 0 0 0 0 0 </row>
            <row number="28">1 0 0 1 1 0 0 0 0 0 0 1 0 0 0 1 0 0 0 1 0 0 0 0 0 * 0 0 0 1 1 1 </row>
            <row number="29">1 0 0 0 0 1 0 0 0 0 1 0 0 0 0 1 0 1 0 1 0 0 0 1 0 0 0 0 0 0 1 1 </row>
            <row number="30">1 1 0 1 0 0 1 1 0 1 0 1 1 0 0 0 0 0 1 0 0 0 0 0 0 0 0 1 0 0 0 0 </row>
            <row number="31">1 1 0 0 0 0 0 0 0 0 0 0 0 0 0 1 0 0 1 0 0 0 0 0 0 0 0 0 1 0 0 0 </row>
        </path>
        <agent id="0" start.x="21" start.y="5" goal.x="25" goal.y="29" size="0.5" movespeed="1" rotationspeed="1">
            <path pathfound="true" runtime="0.0403983" duration="51.312168">
                <section id="0" start.x="21" start.y="5" goal.x="21" goal.y="5" duration="3.4922776" g-value="3.4922776"/>
                <section id="1" start.x="21" start.y="5" goal.x="21" goal.y="4" duration="1" g-value="4.4922776"/>
                <section id="2" start.x="21" start.y="4" goal.x="23" goal.y="3" duration="2.236068" g-value="6.7283459"/>
                <section id="3" start.x="23" start.y="3" goal.x="23" goal.y="3" duration="0.37" g-value="7.0983458"/>
                <section id="4" start.x="23" start.y="3" goal.x="28" goal.y="3" duration="5" g-value="12.098346"/>
                <section id="5" start.x="28" start.y="3" goal.x="28" goal.y="8" duration="5" g-value="17.098345"/>
                <section id="6" start.x="28" start.y="8" goal.x="29" goal.y="8" duration="1" g-value="18.098345"/>
                <section id="7" start.x="29" start.y="8" goal.x="29" goal.y="12" duration="4" g-value="22.098345"/>
                <section id="8" start.x="29" start.y="12" goal.x="28" goal.y="13" duration="1.4142135" g-value="23.51256"/>
                <section id="9" start.x="28" start.y="13" goal.x="28" goal.y="13" duration="3.4348872" g-value="26.947447"/>
                <section id="10" start.x="28" start.y="13" goal.x="28" goal.y="19" duration="6" g-value="32.947445"/>
                <section id="11" start.x="28" start.y="19" goal.x="30" goal.y="19" duration="2" g-value="34.947445"/>
                <section id="12" start.x="30" start.y="19" goal.x="30" goal.y="21" duration="2" g-value="36.947445"/>
                <section id="13" start.x="30" start.y="21" goal.x="29" goal.y="21" duration="1" g-value="37.947445"/>
                <section id="14" start.x="29" start.y="21" goal.x="29" goal.y="23" duration="2" g-value="39.947445"/>
                <section id="15" start.x="29" start.y="23" goal.x="30" goal.y="26" duration="3.1622777" g-value="43.109726"/>
                <section id="16" start.x="30" start.y="26" goal.x="30" goal.y="26" duration="1.07934" g-value="44.189064"/>
                <section id="17" start.x="30" start.y="26" goal.x="29" goal.y="26" duration="1" g-value="45.189064"/>
                <section id="18" start.x="29" start.y="26" goal.x="25" goal.y="27" duration="4.1231055" g-value="49.312168"/>
                <section id="19" start.x="25" start.y="27" goal.x="25" goal.y="29" duration="2" g-value="51.312168"/>
            </path>
        </agent>
    </log>
</root>
