<?xml version="1.0" ?>
<root>
    <log>
        <taskfilename>D:/GitHub/AA-SIPP_optimal_2019/Instances/32x32_20/128/120_task.xml</taskfilename>
        <mapfilename>32x32_20.xml</mapfilename>
        <configfilename>config.xml</configfilename>
        <obstaclesfilename>D:/GitHub/AA-SIPP_optimal_2019/Instances/32x32_20/128/120_task_obs.xml</obstaclesfilename>
        <summary runtime="0.0086773001" tries="1" agentssolved="1 (100.000000%)" flowtime="18.676853" makespan="18.676853"/>
        <path>
            <row number="0">0 0 0 0 0 0 0 0 0 0 1 0 0 0 0 0 0 1 0 0 0 1 0 1 0 0 0 0 0 0 0 0 </row>
            <row number="1">1 0 0 0 1 0 1 1 0 0 0 0 0 0 0 0 0 0 0 1 0 1 0 0 0 1 0 0 0 0 0 0 </row>
            <row number="2">0 0 0 0 0 0 0 0 0 0 0 0 0 0 1 0 0 0 0 0 0 0 0 1 1 0 0 0 1 0 0 0 </row>
            <row number="3">0 0 0 0 0 1 0 1 0 0 0 0 0 0 0 0 0 0 1 0 0 0 0 0 0 0 0 0 0 1 0 0 </row>
            <row number="4">0 1 1 0 0 0 0 0 0 0 0 0 0 0 1 1 0 1 0 0 0 0 0 0 1 0 0 1 0 0 0 0 </row>
            <row number="5">0 0 0 0 0 0 1 0 0 1 0 1 0 0 1 1 0 0 0 0 0 0 1 0 0 0 0 1 0 0 1 1 </row>
            <row number="6">0 0 0 0 0 0 1 0 0 1 1 0 0 0 0 0 0 0 0 1 0 0 0 0 0 0 0 1 0 0 0 1 </row>
            <row number="7">0 1 0 0 0 1 0 0 0 0 0 0 * * * 0 0 0 0 0 0 1 1 0 0 0 1 0 0 1 0 0 </row>
            <row number="8">0 0 0 0 0 0 1 0 0 0 0 * * 0 0 0 1 0 0 0 0 0 0 0 1 0 1 0 0 0 0 0 </row>
            <row number="9">0 0 1 0 1 0 0 0 0 0 * 0 0 0 0 0 0 1 0 1 0 0 0 0 0 0 0 1 1 0 0 0 </row>
            <row number="10">1 0 1 0 0 0 0 0 0 * 0 0 1 0 1 0 0 0 0 0 0 0 1 0 0 0 1 0 0 0 0 0 </row>
            <row number="11">0 0 0 0 0 0 0 0 0 * 0 0 1 0 0 0 0 0 1 0 1 0 1 0 0 0 0 0 0 0 1 0 </row>
            <row number="12">0 0 1 0 0 0 0 0 1 * 1 0 1 1 0 1 0 0 0 0 0 0 0 0 0 0 1 0 0 0 0 0 </row>
            <row number="13">0 1 0 0 0 0 0 0 0 * 0 0 0 0 0 0 0 0 1 0 1 0 0 0 0 0 1 0 0 0 1 0 </row>
            <row number="14">0 0 0 1 1 1 0 0 0 * 0 0 0 1 0 0 0 0 0 0 0 0 0 1 0 0 0 0 0 0 0 0 </row>
            <row number="15">0 0 0 0 0 0 0 0 1 0 * 0 0 1 0 1 0 1 0 0 1 0 0 0 0 0 0 0 0 0 0 0 </row>
            <row number="16">0 0 1 0 0 0 1 0 0 0 * * 0 0 0 1 0 0 0 0 1 0 0 1 1 1 0 0 0 0 1 0 </row>
            <row number="17">0 1 0 0 0 0 0 0 1 1 1 0 * 1 0 1 0 0 1 0 1 0 0 1 1 0 0 0 0 1 1 1 </row>
            <row number="18">1 0 0 0 0 0 0 0 0 0 1 0 * 0 0 0 0 0 0 1 0 0 1 0 0 0 0 0 0 1 1 1 </row>
            <row number="19">0 0 0 0 0 0 1 0 0 0 1 0 0 1 0 0 1 0 1 0 0 0 1 0 0 0 1 0 0 0 0 0 </row>
            <row number="20">0 1 0 1 0 0 0 0 0 0 0 0 1 0 0 0 0 0 0 0 0 0 1 1 0 1 0 0 0 1 0 0 </row>
            <row number="21">0 0 0 0 0 0 0 1 0 1 0 0 0 0 0 0 0 0 1 0 0 1 1 1 0 0 1 1 1 0 0 0 </row>
            <row number="22">0 0 1 0 1 0 0 1 0 0 0 0 1 0 0 0 0 0 0 1 0 0 0 0 0 0 0 0 0 0 1 0 </row>
            <row number="23">0 0 0 0 0 0 0 1 0 0 0 0 0 1 0 0 0 0 1 0 0 0 1 0 1 0 1 1 0 0 0 0 </row>
            <row number="24">0 0 0 0 0 0 0 0 0 0 0 0 0 0 0 0 0 1 0 0 0 1 0 1 0 0 1 0 1 0 0 0 </row>
            <row number="25">0 0 0 0 0 0 0 0 0 0 0 0 0 0 0 0 1 0 0 0 0 0 0 0 0 1 0 0 1 0 0 1 </row>
            <row number="26">0 1 0 0 0 0 0 0 1 0 1 0 0 0 0 0 0 0 0 0 1 1 0 0 0 0 0 0 0 0 0 1 </row>
            <row number="27">0 0 1 0 0 1 0 0 1 0 0 0 0 0 0 0 0 0 0 0 0 0 0 0 0 0 0 0 0 0 0 0 </row>
            <row number="28">1 0 0 1 1 0 0 0 0 0 0 1 0 0 0 1 0 0 0 1 0 0 0 0 0 0 0 0 0 1 1 1 </row>
            <row number="29">1 0 0 0 0 1 0 0 0 0 1 0 0 0 0 1 0 1 0 1 0 0 0 1 0 0 0 0 0 0 1 1 </row>
            <row number="30">1 1 0 1 0 0 1 1 0 1 0 1 1 0 0 0 0 0 1 0 0 0 0 0 0 0 0 1 0 0 0 0 </row>
            <row number="31">1 1 0 0 0 0 0 0 0 0 0 0 0 0 0 1 0 0 1 0 0 0 0 0 0 0 0 0 1 0 0 0 </row>
        </path>
        <agent id="0" start.x="12" start.y="18" goal.x="14" goal.y="8" size="0.5" movespeed="1" rotationspeed="1">
            <path pathfound="true" runtime="0.0068187001" duration="18.676853">
                <section id="0" start.x="12" start.y="18" goal.x="11" goal.y="16" duration="2.236068" g-value="2.236068"/>
                <section id="1" start.x="11" start.y="16" goal.x="10" goal.y="16" duration="1" g-value="3.236068"/>
                <section id="2" start.x="10" start.y="16" goal.x="10" goal.y="16" duration="1.3562911" g-value="4.5923591"/>
                <section id="3" start.x="10" start.y="16" goal.x="9" goal.y="14" duration="2.236068" g-value="6.8284268"/>
                <section id="4" start.x="9" start.y="14" goal.x="9" goal.y="14" duration="0.090000004" g-value="6.918427"/>
                <section id="5" start.x="9" start.y="14" goal.x="9" goal.y="11" duration="3" g-value="9.9184275"/>
                <section id="6" start.x="9" start.y="11" goal.x="10" goal.y="9" duration="2.236068" g-value="12.154495"/>
                <section id="7" start.x="10" start.y="9" goal.x="10" goal.y="9" duration="0.10814552" g-value="12.262641"/>
                <section id="8" start.x="10" start.y="9" goal.x="11" goal.y="8" duration="1.4142135" g-value="13.676854"/>
                <section id="9" start.x="11" start.y="8" goal.x="12" goal.y="8" duration="1" g-value="14.676854"/>
                <section id="10" start.x="12" start.y="8" goal.x="12" goal.y="7" duration="1" g-value="15.676854"/>
                <section id="11" start.x="12" start.y="7" goal.x="14" goal.y="7" duration="2" g-value="17.676853"/>
                <section id="12" start.x="14" start.y="7" goal.x="14" goal.y="8" duration="1" g-value="18.676853"/>
            </path>
        </agent>
    </log>
</root>
