<?xml version="1.0" ?>
<root>
    <log>
        <taskfilename>D:/GitHub/AA-SIPP_optimal_2019/Instances/32x32_20/128/121_task.xml</taskfilename>
        <mapfilename>32x32_20.xml</mapfilename>
        <configfilename>config.xml</configfilename>
        <obstaclesfilename>D:/GitHub/AA-SIPP_optimal_2019/Instances/32x32_20/128/121_task_obs.xml</obstaclesfilename>
        <summary runtime="0.032252502" tries="1" agentssolved="1 (100.000000%)" flowtime="41.902607" makespan="41.902607"/>
        <path>
            <row number="0">0 0 0 0 0 0 0 0 0 0 1 0 0 0 0 0 0 1 0 0 0 1 0 1 0 0 0 0 0 0 0 0 </row>
            <row number="1">1 0 0 0 1 0 1 1 0 0 0 0 0 0 0 0 0 0 0 1 0 1 0 0 0 1 0 0 0 0 0 0 </row>
            <row number="2">0 0 0 0 0 0 0 0 0 0 0 0 0 0 1 0 0 0 0 0 0 0 0 1 1 0 0 0 1 0 0 0 </row>
            <row number="3">0 0 0 0 0 1 0 1 0 0 0 0 0 0 0 0 0 0 1 0 0 0 0 0 0 0 0 0 0 1 0 0 </row>
            <row number="4">0 1 1 0 0 0 0 0 0 0 0 0 0 0 1 1 0 1 0 0 0 0 0 0 1 0 0 1 0 0 0 0 </row>
            <row number="5">0 0 0 0 0 0 1 0 0 1 0 1 0 0 1 1 0 0 0 0 0 0 1 0 0 0 0 1 0 0 1 1 </row>
            <row number="6">0 0 0 0 0 0 1 0 0 1 1 0 0 0 0 0 0 0 0 1 0 0 0 0 0 0 0 1 0 0 0 1 </row>
            <row number="7">0 1 0 0 0 1 0 0 0 0 0 0 0 0 0 0 0 0 0 0 0 1 1 0 0 0 1 0 0 1 0 0 </row>
            <row number="8">0 0 0 0 0 0 1 0 0 0 0 0 0 0 0 0 1 0 0 0 0 0 0 0 1 0 1 0 0 0 0 0 </row>
            <row number="9">0 0 1 0 1 0 0 0 0 0 0 * * * * * 0 1 0 1 0 0 0 0 0 0 0 1 1 0 0 0 </row>
            <row number="10">1 0 1 0 0 0 0 0 0 * * 0 1 0 1 0 * 0 0 0 0 0 1 0 0 0 1 0 0 0 0 0 </row>
            <row number="11">0 0 0 0 0 0 0 * * 0 0 0 1 0 0 0 * 0 1 0 1 0 1 0 0 0 0 0 0 0 1 0 </row>
            <row number="12">0 0 1 0 0 0 0 * 1 0 1 0 1 1 0 1 0 * * * 0 0 0 0 0 0 1 0 0 0 0 0 </row>
            <row number="13">0 1 0 0 0 0 0 * 0 0 0 0 0 0 0 0 0 0 1 * 1 0 0 0 0 0 1 0 0 0 1 0 </row>
            <row number="14">0 0 0 1 1 1 0 * 0 0 0 0 0 1 0 0 0 0 0 * * * * 1 0 0 0 0 0 0 0 0 </row>
            <row number="15">0 0 0 0 0 * * 0 1 0 0 0 0 1 0 1 0 1 0 0 1 0 * * * * * 0 0 0 0 0 </row>
            <row number="16">0 0 1 * * 0 1 0 0 0 0 0 0 0 0 1 0 0 0 0 1 0 0 1 1 1 0 0 0 0 1 0 </row>
            <row number="17">0 1 0 * 0 0 0 0 1 1 1 0 0 1 0 1 0 0 1 0 1 0 0 1 1 0 0 0 0 1 1 1 </row>
            <row number="18">1 0 0 0 0 0 0 0 0 0 1 0 0 0 0 0 0 0 0 1 0 0 1 0 0 0 0 0 0 1 1 1 </row>
            <row number="19">0 0 0 0 0 0 1 0 0 0 1 0 0 1 0 0 1 0 1 0 0 0 1 0 0 0 1 0 0 0 0 0 </row>
            <row number="20">0 1 0 1 0 0 0 0 0 0 0 0 1 0 0 0 0 0 0 0 0 0 1 1 0 1 0 0 0 1 0 0 </row>
            <row number="21">0 0 0 0 0 0 0 1 0 1 0 0 0 0 0 0 0 0 1 0 0 1 1 1 0 0 1 1 1 0 0 0 </row>
            <row number="22">0 0 1 0 1 0 0 1 0 0 0 0 1 0 0 0 0 0 0 1 0 0 0 0 0 0 0 0 0 0 1 0 </row>
            <row number="23">0 0 0 0 0 0 0 1 0 0 0 0 0 1 0 0 0 0 1 0 0 0 1 0 1 0 1 1 0 0 0 0 </row>
            <row number="24">0 0 0 0 0 0 0 0 0 0 0 0 0 0 0 0 0 1 0 0 0 1 0 1 0 0 1 0 1 0 0 0 </row>
            <row number="25">0 0 0 0 0 0 0 0 0 0 0 0 0 0 0 0 1 0 0 0 0 0 0 0 0 1 0 0 1 0 0 1 </row>
            <row number="26">0 1 0 0 0 0 0 0 1 0 1 0 0 0 0 0 0 0 0 0 1 1 0 0 0 0 0 0 0 0 0 1 </row>
            <row number="27">0 0 1 0 0 1 0 0 1 0 0 0 0 0 0 0 0 0 0 0 0 0 0 0 0 0 0 0 0 0 0 0 </row>
            <row number="28">1 0 0 1 1 0 0 0 0 0 0 1 0 0 0 1 0 0 0 1 0 0 0 0 0 0 0 0 0 1 1 1 </row>
            <row number="29">1 0 0 0 0 1 0 0 0 0 1 0 0 0 0 1 0 1 0 1 0 0 0 1 0 0 0 0 0 0 1 1 </row>
            <row number="30">1 1 0 1 0 0 1 1 0 1 0 1 1 0 0 0 0 0 1 0 0 0 0 0 0 0 0 1 0 0 0 0 </row>
            <row number="31">1 1 0 0 0 0 0 0 0 0 0 0 0 0 0 1 0 0 1 0 0 0 0 0 0 0 0 0 1 0 0 0 </row>
        </path>
        <agent id="0" start.x="26" start.y="15" goal.x="3" goal.y="18" size="0.5" movespeed="1" rotationspeed="1">
            <path pathfound="true" runtime="0.0306943" duration="41.902607">
                <section id="0" start.x="26" start.y="15" goal.x="26" goal.y="15" duration="2.2522776" g-value="2.2522776"/>
                <section id="1" start.x="26" start.y="15" goal.x="22" goal.y="15" duration="4" g-value="6.2522779"/>
                <section id="2" start.x="22" start.y="15" goal.x="22" goal.y="14" duration="1" g-value="7.2522779"/>
                <section id="3" start.x="22" start.y="14" goal.x="22" goal.y="14" duration="5.6398582" g-value="12.892136"/>
                <section id="4" start.x="22" start.y="14" goal.x="19" goal.y="14" duration="3" g-value="15.892136"/>
                <section id="5" start.x="19" start.y="14" goal.x="19" goal.y="12" duration="2" g-value="17.892136"/>
                <section id="6" start.x="19" start.y="12" goal.x="17" goal.y="12" duration="2" g-value="19.892136"/>
                <section id="7" start.x="17" start.y="12" goal.x="15" goal.y="9" duration="3.6055512" g-value="23.497686"/>
                <section id="8" start.x="15" start.y="9" goal.x="11" goal.y="9" duration="4" g-value="27.497686"/>
                <section id="9" start.x="11" start.y="9" goal.x="10" goal.y="10" duration="1.4142135" g-value="28.911901"/>
                <section id="10" start.x="10" start.y="10" goal.x="7" goal.y="11" duration="3.1622777" g-value="32.074177"/>
                <section id="11" start.x="7" start.y="11" goal.x="7" goal.y="14" duration="3" g-value="35.074177"/>
                <section id="12" start.x="7" start.y="14" goal.x="6" goal.y="15" duration="1.4142135" g-value="36.488392"/>
                <section id="13" start.x="6" start.y="15" goal.x="5" goal.y="15" duration="1" g-value="37.488392"/>
                <section id="14" start.x="5" start.y="15" goal.x="4" goal.y="16" duration="1.4142135" g-value="38.902607"/>
                <section id="15" start.x="4" start.y="16" goal.x="3" goal.y="16" duration="1" g-value="39.902607"/>
                <section id="16" start.x="3" start.y="16" goal.x="3" goal.y="18" duration="2" g-value="41.902607"/>
            </path>
        </agent>
    </log>
</root>
