<?xml version="1.0" ?>
<root>
    <log>
        <taskfilename>D:/GitHub/AA-SIPP_optimal_2019/Instances/32x32_20/128/122_task.xml</taskfilename>
        <mapfilename>32x32_20.xml</mapfilename>
        <configfilename>config.xml</configfilename>
        <obstaclesfilename>D:/GitHub/AA-SIPP_optimal_2019/Instances/32x32_20/128/122_task_obs.xml</obstaclesfilename>
        <summary runtime="0.029529801" tries="1" agentssolved="1 (100.000000%)" flowtime="47.339073" makespan="47.339073"/>
        <path>
            <row number="0">0 0 0 0 0 0 0 0 0 0 1 0 0 0 0 0 0 1 0 0 0 1 0 1 0 0 0 0 0 0 0 0 </row>
            <row number="1">1 0 0 0 1 0 1 1 0 0 0 0 0 0 0 0 0 0 0 1 0 1 0 0 0 1 0 0 0 0 0 0 </row>
            <row number="2">0 0 0 0 0 0 0 0 0 0 0 0 0 0 1 0 0 0 0 0 0 0 0 1 1 0 0 0 1 0 0 0 </row>
            <row number="3">0 0 0 0 0 1 0 1 0 0 0 0 0 0 0 0 0 0 1 0 0 0 0 0 0 0 0 0 0 1 0 0 </row>
            <row number="4">0 1 1 0 0 0 0 0 0 0 0 0 0 0 1 1 0 1 0 0 0 0 0 0 1 0 0 1 0 0 0 0 </row>
            <row number="5">0 0 0 0 0 0 1 0 0 1 0 1 0 0 1 1 0 0 0 0 0 0 1 0 0 0 0 1 0 0 1 1 </row>
            <row number="6">0 0 0 0 0 0 1 0 0 1 1 0 0 0 0 0 0 0 0 1 0 0 0 0 0 0 0 1 0 0 0 1 </row>
            <row number="7">0 1 0 0 0 1 0 0 0 0 0 0 0 0 0 0 0 0 0 0 0 1 1 0 0 0 1 0 0 1 0 0 </row>
            <row number="8">0 0 0 0 0 0 1 0 0 0 0 0 0 0 0 0 1 0 0 0 0 0 0 0 1 0 1 0 0 0 0 0 </row>
            <row number="9">0 0 1 0 1 0 0 0 0 0 0 0 0 0 0 0 0 1 0 1 0 0 0 0 0 0 0 1 1 0 0 0 </row>
            <row number="10">1 0 1 0 0 0 0 0 0 0 0 0 1 0 1 0 0 0 0 0 0 0 1 0 0 0 1 0 0 0 0 0 </row>
            <row number="11">0 0 0 0 0 0 0 0 0 0 0 0 1 0 0 0 0 0 1 0 1 0 1 0 0 0 0 0 0 0 1 0 </row>
            <row number="12">0 0 1 0 0 0 0 0 1 0 1 0 1 1 0 1 0 0 0 0 0 0 0 0 0 0 1 0 0 0 0 0 </row>
            <row number="13">0 1 0 0 0 0 0 0 0 0 0 0 0 0 0 0 0 0 1 0 1 0 0 0 0 0 1 0 0 0 1 0 </row>
            <row number="14">0 0 0 1 1 1 0 0 0 0 0 0 0 1 0 0 0 0 0 0 0 0 0 1 0 0 0 0 0 0 0 0 </row>
            <row number="15">0 0 0 0 0 0 0 0 1 0 0 0 0 1 0 1 0 1 0 0 1 0 0 0 0 0 0 0 0 0 0 0 </row>
            <row number="16">0 0 1 0 0 0 1 0 0 0 0 0 0 0 0 1 0 0 0 0 1 0 0 1 1 1 0 0 0 0 1 0 </row>
            <row number="17">0 1 0 0 0 0 0 0 1 1 1 0 0 1 0 1 0 0 1 0 1 0 0 1 1 0 0 0 0 1 1 1 </row>
            <row number="18">1 0 0 0 0 0 0 0 0 0 1 0 0 0 0 0 0 0 0 1 0 0 1 0 0 0 0 0 0 1 1 1 </row>
            <row number="19">0 0 0 0 0 0 1 0 0 0 1 0 0 1 0 0 1 0 1 0 0 0 1 0 0 0 1 0 0 0 0 0 </row>
            <row number="20">0 1 0 1 0 0 0 0 0 0 0 0 1 0 0 0 0 * * * * 0 1 1 0 1 0 0 0 1 0 0 </row>
            <row number="21">0 0 0 0 0 0 0 1 0 1 0 0 0 0 0 0 0 * 1 0 0 1 1 1 0 0 1 1 1 0 0 0 </row>
            <row number="22">0 0 1 0 1 0 0 1 0 0 0 0 1 0 0 0 0 * 0 1 0 0 0 0 0 0 0 0 0 0 1 0 </row>
            <row number="23">0 0 0 0 0 0 0 1 0 0 0 0 0 1 0 0 * * 1 0 0 0 1 0 1 0 1 1 0 0 0 0 </row>
            <row number="24">0 * * * * * * * * * * 0 0 0 0 * 0 1 0 0 0 1 0 1 0 0 1 0 1 0 0 0 </row>
            <row number="25">* 0 0 0 0 0 0 0 0 0 0 * * 0 0 * 1 0 0 0 0 0 0 0 0 1 0 0 1 0 0 1 </row>
            <row number="26">* 1 0 0 0 0 0 0 1 0 1 0 * * * * 0 0 0 0 1 1 0 0 0 0 0 0 0 0 0 1 </row>
            <row number="27">* * 1 0 0 1 0 0 1 0 0 0 0 0 0 * * 0 0 0 0 0 0 0 0 0 0 0 0 0 0 0 </row>
            <row number="28">1 0 0 1 1 0 0 0 0 0 0 1 0 0 0 1 0 0 0 1 0 0 0 0 0 0 0 0 0 1 1 1 </row>
            <row number="29">1 0 0 0 0 1 0 0 0 0 1 0 0 0 0 1 0 1 0 1 0 0 0 1 0 0 0 0 0 0 1 1 </row>
            <row number="30">1 1 0 1 0 0 1 1 0 1 0 1 1 0 0 0 0 0 1 0 0 0 0 0 0 0 0 1 0 0 0 0 </row>
            <row number="31">1 1 0 0 0 0 0 0 0 0 0 0 0 0 0 1 0 0 1 0 0 0 0 0 0 0 0 0 1 0 0 0 </row>
        </path>
        <agent id="0" start.x="20" start.y="20" goal.x="1" goal.y="28" size="0.5" movespeed="1" rotationspeed="1">
            <path pathfound="true" runtime="0.0278007" duration="47.339073">
                <section id="0" start.x="20" start.y="20" goal.x="20" goal.y="20" duration="4.4200001" g-value="4.4200001"/>
                <section id="1" start.x="20" start.y="20" goal.x="17" goal.y="20" duration="3" g-value="7.4200001"/>
                <section id="2" start.x="17" start.y="20" goal.x="17" goal.y="20" duration="0.15000001" g-value="7.5700002"/>
                <section id="3" start.x="17" start.y="20" goal.x="17" goal.y="23" duration="3" g-value="10.57"/>
                <section id="4" start.x="17" start.y="23" goal.x="16" goal.y="23" duration="1" g-value="11.57"/>
                <section id="5" start.x="16" start.y="23" goal.x="16" goal.y="23" duration="4.2618546" g-value="15.831855"/>
                <section id="6" start.x="16" start.y="23" goal.x="15" goal.y="24" duration="1.4142135" g-value="17.246067"/>
                <section id="7" start.x="15" start.y="24" goal.x="15" goal.y="26" duration="2" g-value="19.246067"/>
                <section id="8" start.x="15" start.y="26" goal.x="16" goal.y="27" duration="1.4142135" g-value="20.660282"/>
                <section id="9" start.x="16" start.y="27" goal.x="16" goal.y="27" duration="3.3916142" g-value="24.051895"/>
                <section id="10" start.x="16" start.y="27" goal.x="13" goal.y="26" duration="3.1622777" g-value="27.214174"/>
                <section id="11" start.x="13" start.y="26" goal.x="12" goal.y="26" duration="1" g-value="28.214174"/>
                <section id="12" start.x="12" start.y="26" goal.x="12" goal.y="25" duration="1" g-value="29.214174"/>
                <section id="13" start.x="12" start.y="25" goal.x="12" goal.y="25" duration="0.21814555" g-value="29.43232"/>
                <section id="14" start.x="12" start.y="25" goal.x="10" goal.y="24" duration="2.236068" g-value="31.668386"/>
                <section id="15" start.x="10" start.y="24" goal.x="10" goal.y="24" duration="0.74520475" g-value="32.413593"/>
                <section id="16" start.x="10" start.y="24" goal.x="9" goal.y="24" duration="1" g-value="33.413593"/>
                <section id="17" start.x="9" start.y="24" goal.x="9" goal.y="24" duration="0.68941355" g-value="34.103004"/>
                <section id="18" start.x="9" start.y="24" goal.x="7" goal.y="24" duration="2" g-value="36.103004"/>
                <section id="19" start.x="7" start.y="24" goal.x="2" goal.y="24" duration="5" g-value="41.103004"/>
                <section id="20" start.x="2" start.y="24" goal.x="0" goal.y="25" duration="2.236068" g-value="43.339073"/>
                <section id="21" start.x="0" start.y="25" goal.x="0" goal.y="27" duration="2" g-value="45.339073"/>
                <section id="22" start.x="0" start.y="27" goal.x="1" goal.y="27" duration="1" g-value="46.339073"/>
                <section id="23" start.x="1" start.y="27" goal.x="1" goal.y="28" duration="1" g-value="47.339073"/>
            </path>
        </agent>
    </log>
</root>
