<?xml version="1.0" ?>
<root>
    <log>
        <taskfilename>D:/GitHub/AA-SIPP_optimal_2019/Instances/32x32_20/128/124_task.xml</taskfilename>
        <mapfilename>32x32_20.xml</mapfilename>
        <configfilename>config.xml</configfilename>
        <obstaclesfilename>D:/GitHub/AA-SIPP_optimal_2019/Instances/32x32_20/128/124_task_obs.xml</obstaclesfilename>
        <summary runtime="0.036141898" tries="1" agentssolved="1 (100.000000%)" flowtime="50.158989" makespan="50.158989"/>
        <path>
            <row number="0">0 0 0 0 0 0 0 0 0 0 1 0 0 0 0 0 0 1 0 0 0 1 0 1 0 0 0 0 0 0 0 0 </row>
            <row number="1">1 0 0 0 1 0 1 1 0 0 0 0 0 0 0 0 0 0 0 1 0 1 0 0 0 1 0 0 0 0 0 0 </row>
            <row number="2">0 0 0 0 0 0 0 0 0 0 0 0 0 0 1 0 0 0 0 0 0 0 0 1 1 0 0 0 1 0 0 0 </row>
            <row number="3">0 0 0 0 0 1 0 1 0 0 0 0 0 0 0 0 0 0 1 0 0 0 0 0 0 0 0 0 0 1 0 0 </row>
            <row number="4">0 1 1 0 0 0 0 0 0 0 0 0 0 0 1 1 0 1 0 0 0 0 0 0 1 0 0 1 0 0 0 0 </row>
            <row number="5">0 0 0 0 0 0 1 0 0 1 0 1 0 0 1 1 0 0 0 0 0 0 1 0 0 0 0 1 0 0 1 1 </row>
            <row number="6">0 0 0 0 0 0 1 0 0 1 1 0 0 0 0 0 0 0 0 1 0 0 0 0 0 0 0 1 0 0 0 1 </row>
            <row number="7">0 1 0 0 0 1 0 0 0 0 0 0 0 0 0 0 0 0 0 0 0 1 1 0 0 0 1 0 0 1 0 0 </row>
            <row number="8">0 0 0 0 0 0 1 0 0 0 0 0 0 0 0 0 1 0 0 0 0 0 0 0 1 0 1 0 0 0 0 0 </row>
            <row number="9">0 0 1 0 1 0 0 0 0 0 0 0 0 0 0 0 0 1 0 1 0 * * * * * 0 1 1 0 0 0 </row>
            <row number="10">1 0 1 0 0 0 0 0 0 0 0 0 1 0 1 0 0 0 0 * * * 1 * 0 0 1 0 0 0 0 0 </row>
            <row number="11">0 0 0 0 0 0 0 0 0 0 0 0 1 0 0 0 0 0 1 * 1 0 1 * 0 0 0 0 0 0 1 0 </row>
            <row number="12">0 0 1 0 0 0 0 0 1 0 1 0 1 1 0 1 0 * * * 0 0 0 * 0 0 1 0 0 0 0 0 </row>
            <row number="13">0 1 0 0 0 0 0 0 0 0 0 0 0 0 0 0 0 * 1 0 1 0 * * 0 0 1 0 0 0 1 0 </row>
            <row number="14">0 0 0 1 1 1 0 0 0 0 0 0 0 1 * * * 0 0 0 0 0 * 1 0 0 0 0 0 0 0 0 </row>
            <row number="15">0 0 0 0 0 0 0 0 1 0 0 0 0 1 * 1 0 1 0 0 1 0 * 0 0 0 0 0 0 0 0 0 </row>
            <row number="16">0 0 1 0 0 0 1 0 0 0 0 * * * * 1 0 0 0 0 1 0 * 1 1 1 0 0 0 0 1 0 </row>
            <row number="17">0 1 0 0 0 0 0 0 1 1 1 * 0 1 0 1 0 0 1 0 1 0 * 1 1 0 0 0 0 1 1 1 </row>
            <row number="18">1 0 0 0 0 0 0 0 0 0 1 * 0 0 0 0 0 0 0 1 0 0 1 0 0 0 0 0 0 1 1 1 </row>
            <row number="19">0 0 0 0 0 0 1 0 0 0 1 * 0 1 0 0 1 0 1 0 0 0 1 0 0 0 1 0 0 0 0 0 </row>
            <row number="20">0 1 0 1 0 0 0 0 0 * * * 1 0 0 0 0 0 0 0 0 0 1 1 0 1 0 0 0 1 0 0 </row>
            <row number="21">0 0 0 0 0 0 0 1 0 1 0 0 0 0 0 0 0 0 1 0 0 1 1 1 0 0 1 1 1 0 0 0 </row>
            <row number="22">0 0 1 0 1 0 0 1 0 0 0 0 1 0 0 0 0 0 0 1 0 0 0 0 0 0 0 0 0 0 1 0 </row>
            <row number="23">0 0 0 0 0 0 0 1 0 0 0 0 0 1 0 0 0 0 1 0 0 0 1 0 1 0 1 1 0 0 0 0 </row>
            <row number="24">0 0 0 0 0 0 0 0 0 0 0 0 0 0 0 0 0 1 0 0 0 1 0 1 0 0 1 0 1 0 0 0 </row>
            <row number="25">0 0 0 0 0 0 0 0 0 0 0 0 0 0 0 0 1 0 0 0 0 0 0 0 0 1 0 0 1 0 0 1 </row>
            <row number="26">0 1 0 0 0 0 0 0 1 0 1 0 0 0 0 0 0 0 0 0 1 1 0 0 0 0 0 0 0 0 0 1 </row>
            <row number="27">0 0 1 0 0 1 0 0 1 0 0 0 0 0 0 0 0 0 0 0 0 0 0 0 0 0 0 0 0 0 0 0 </row>
            <row number="28">1 0 0 1 1 0 0 0 0 0 0 1 0 0 0 1 0 0 0 1 0 0 0 0 0 0 0 0 0 1 1 1 </row>
            <row number="29">1 0 0 0 0 1 0 0 0 0 1 0 0 0 0 1 0 1 0 1 0 0 0 1 0 0 0 0 0 0 1 1 </row>
            <row number="30">1 1 0 1 0 0 1 1 0 1 0 1 1 0 0 0 0 0 1 0 0 0 0 0 0 0 0 1 0 0 0 0 </row>
            <row number="31">1 1 0 0 0 0 0 0 0 0 0 0 0 0 0 1 0 0 1 0 0 0 0 0 0 0 0 0 1 0 0 0 </row>
        </path>
        <agent id="0" start.x="22" start.y="17" goal.x="8" goal.y="20" size="0.5" movespeed="1" rotationspeed="1">
            <path pathfound="true" runtime="0.034238402" duration="50.158989">
                <section id="0" start.x="22" start.y="17" goal.x="22" goal.y="13" duration="4" g-value="4"/>
                <section id="1" start.x="22" start.y="13" goal.x="23" goal.y="13" duration="1" g-value="5"/>
                <section id="2" start.x="23" start.y="13" goal.x="23" goal.y="13" duration="2.2526405" g-value="7.2526407"/>
                <section id="3" start.x="23" start.y="13" goal.x="23" goal.y="10" duration="3" g-value="10.252641"/>
                <section id="4" start.x="23" start.y="10" goal.x="23" goal.y="10" duration="0.050000001" g-value="10.302641"/>
                <section id="5" start.x="23" start.y="10" goal.x="24" goal.y="9" duration="1.4142135" g-value="11.716854"/>
                <section id="6" start.x="24" start.y="9" goal.x="24" goal.y="9" duration="0.14" g-value="11.856854"/>
                <section id="7" start.x="24" start.y="9" goal.x="25" goal.y="9" duration="1" g-value="12.856854"/>
                <section id="8" start.x="25" start.y="9" goal.x="21" goal.y="9" duration="4" g-value="16.856853"/>
                <section id="9" start.x="21" start.y="9" goal.x="21" goal.y="10" duration="1" g-value="17.856853"/>
                <section id="10" start.x="21" start.y="10" goal.x="21" goal.y="10" duration="7.863709" g-value="25.720562"/>
                <section id="11" start.x="21" start.y="10" goal.x="20" goal.y="10" duration="1" g-value="26.720562"/>
                <section id="12" start.x="20" start.y="10" goal.x="19" goal.y="10" duration="1" g-value="27.720562"/>
                <section id="13" start.x="19" start.y="10" goal.x="19" goal.y="10" duration="1.5923593" g-value="29.312922"/>
                <section id="14" start.x="19" start.y="10" goal.x="19" goal.y="12" duration="2" g-value="31.312922"/>
                <section id="15" start.x="19" start.y="12" goal.x="17" goal.y="12" duration="2" g-value="33.312923"/>
                <section id="16" start.x="17" start.y="12" goal.x="16" goal.y="14" duration="2.236068" g-value="35.548988"/>
                <section id="17" start.x="16" start.y="14" goal.x="14" goal.y="14" duration="2" g-value="37.548988"/>
                <section id="18" start.x="14" start.y="14" goal.x="14" goal.y="16" duration="2" g-value="39.548988"/>
                <section id="19" start.x="14" start.y="16" goal.x="11" goal.y="16" duration="3" g-value="42.548988"/>
                <section id="20" start.x="11" start.y="16" goal.x="11" goal.y="16" duration="0.57999992" g-value="43.12899"/>
                <section id="21" start.x="11" start.y="16" goal.x="11" goal.y="18" duration="2" g-value="45.12899"/>
                <section id="22" start.x="11" start.y="18" goal.x="11" goal.y="18" duration="0.029999999" g-value="45.158989"/>
                <section id="23" start.x="11" start.y="18" goal.x="11" goal.y="20" duration="2" g-value="47.158989"/>
                <section id="24" start.x="11" start.y="20" goal.x="8" goal.y="20" duration="3" g-value="50.158989"/>
            </path>
        </agent>
    </log>
</root>
