<?xml version="1.0" ?>
<root>
    <log>
        <taskfilename>D:/GitHub/AA-SIPP_optimal_2019/Instances/32x32_20/128/125_task.xml</taskfilename>
        <mapfilename>32x32_20.xml</mapfilename>
        <configfilename>config.xml</configfilename>
        <obstaclesfilename>D:/GitHub/AA-SIPP_optimal_2019/Instances/32x32_20/128/125_task_obs.xml</obstaclesfilename>
        <summary runtime="0.053723" tries="1" agentssolved="1 (100.000000%)" flowtime="55.065201" makespan="55.065201"/>
        <path>
            <row number="0">0 0 0 0 0 0 0 0 0 0 1 0 0 0 0 0 0 1 0 0 0 1 0 1 0 0 0 0 0 0 0 0 </row>
            <row number="1">1 0 0 0 1 0 1 1 0 0 0 0 0 0 0 0 0 0 0 1 0 1 0 0 0 1 0 0 0 0 0 0 </row>
            <row number="2">0 0 0 0 0 0 0 0 0 0 0 0 0 0 1 0 0 0 0 0 0 0 0 1 1 0 0 0 1 0 0 0 </row>
            <row number="3">0 0 0 0 0 1 0 1 0 0 0 0 0 0 0 0 0 0 1 0 0 0 0 0 0 0 0 0 0 1 0 0 </row>
            <row number="4">0 1 1 0 0 0 0 0 0 0 0 0 0 0 1 1 0 1 0 0 0 0 0 0 1 0 0 1 0 0 0 0 </row>
            <row number="5">0 0 0 0 0 0 1 0 0 1 0 1 0 0 1 1 0 0 0 0 0 0 1 0 0 0 0 1 0 0 1 1 </row>
            <row number="6">0 0 0 0 0 0 1 0 0 1 1 0 0 0 0 0 0 0 0 1 0 0 0 0 0 0 0 1 0 0 0 1 </row>
            <row number="7">0 1 0 0 0 1 0 0 0 0 0 0 0 0 0 0 0 0 0 0 0 1 1 0 0 0 1 0 0 1 0 0 </row>
            <row number="8">0 0 0 0 0 0 1 0 0 0 0 0 0 0 0 0 1 0 0 0 0 0 0 0 1 0 1 0 0 0 0 0 </row>
            <row number="9">0 0 1 0 1 0 0 0 0 0 0 0 0 0 0 0 0 1 0 1 0 0 0 0 0 0 0 1 1 0 0 0 </row>
            <row number="10">1 0 1 0 0 0 0 0 0 0 0 0 1 0 1 0 0 0 0 0 0 0 1 0 0 0 1 0 0 0 0 0 </row>
            <row number="11">0 * * * * 0 0 0 0 0 0 0 1 0 0 0 0 0 1 0 1 0 1 0 0 0 0 0 0 0 1 0 </row>
            <row number="12">0 0 1 0 0 * * 0 1 0 1 0 1 1 0 1 0 0 0 0 0 0 0 0 0 0 1 0 0 0 0 0 </row>
            <row number="13">0 1 0 0 0 0 0 * * 0 0 0 0 0 0 0 0 0 1 0 1 0 0 0 0 0 1 0 0 0 1 0 </row>
            <row number="14">0 0 0 1 1 1 0 0 0 * * * * 1 0 0 0 0 0 0 0 0 0 1 0 0 0 0 0 0 0 0 </row>
            <row number="15">0 0 0 0 0 0 0 0 1 * * * * 1 0 1 0 1 0 0 1 0 0 0 0 0 0 0 0 0 0 0 </row>
            <row number="16">0 0 1 0 0 0 1 0 0 0 * * 0 0 0 1 0 0 0 0 1 0 0 1 1 1 0 0 0 0 1 0 </row>
            <row number="17">0 1 0 0 0 0 0 0 1 1 1 * 0 1 0 1 0 0 1 0 1 0 0 1 1 0 0 0 0 1 1 1 </row>
            <row number="18">1 0 0 0 0 0 0 0 0 0 1 * 0 0 0 0 0 0 0 1 0 0 1 0 0 0 0 0 0 1 1 1 </row>
            <row number="19">0 0 0 0 0 0 1 0 0 0 1 * 0 1 0 0 1 0 1 0 0 0 1 0 0 0 1 0 0 0 0 0 </row>
            <row number="20">0 1 0 1 0 0 0 0 0 0 0 * 1 0 0 0 0 0 0 0 0 0 1 1 0 1 0 0 0 1 0 0 </row>
            <row number="21">0 0 0 0 0 0 0 1 0 1 0 * 0 0 0 0 0 0 1 0 0 1 1 1 0 0 1 1 1 0 0 0 </row>
            <row number="22">0 0 1 0 1 0 0 1 0 0 0 * 1 0 0 0 0 0 0 1 0 0 0 0 0 0 0 0 0 0 1 0 </row>
            <row number="23">0 0 0 0 0 0 0 1 0 0 0 * 0 1 0 0 0 0 1 0 0 0 1 0 1 0 1 1 0 0 0 0 </row>
            <row number="24">0 0 0 0 0 0 0 0 0 0 0 * 0 0 0 0 0 1 0 0 0 1 0 1 0 0 1 0 1 0 0 0 </row>
            <row number="25">0 0 0 0 0 0 0 0 0 0 0 0 * * * 0 1 0 0 0 0 0 0 0 0 1 0 0 1 0 0 1 </row>
            <row number="26">0 1 0 0 0 0 0 0 1 0 1 0 0 0 0 * * * 0 0 1 1 0 0 0 0 0 0 0 0 0 1 </row>
            <row number="27">0 0 1 0 0 1 0 0 1 0 0 0 0 0 0 0 0 0 * * * 0 0 0 0 0 0 0 0 0 0 0 </row>
            <row number="28">1 0 0 1 1 0 0 0 0 0 0 1 0 0 0 1 0 0 0 1 0 * 0 0 0 0 0 0 0 1 1 1 </row>
            <row number="29">1 0 0 0 0 1 0 0 0 0 1 0 0 0 0 1 0 1 0 1 0 * 0 1 * * 0 0 0 0 1 1 </row>
            <row number="30">1 1 0 1 0 0 1 1 0 1 0 1 1 0 0 0 0 0 1 0 0 0 * * * 0 0 1 0 0 0 0 </row>
            <row number="31">1 1 0 0 0 0 0 0 0 0 0 0 0 0 0 1 0 0 1 0 0 0 0 0 0 0 0 0 1 0 0 0 </row>
        </path>
        <agent id="0" start.x="1" start.y="11" goal.x="26" goal.y="29" size="0.5" movespeed="1" rotationspeed="1">
            <path pathfound="true" runtime="0.051605798" duration="55.065201">
                <section id="0" start.x="1" start.y="11" goal.x="3" goal.y="11" duration="2" g-value="2"/>
                <section id="1" start.x="3" start.y="11" goal.x="6" goal.y="12" duration="3.1622777" g-value="5.1622777"/>
                <section id="2" start.x="6" start.y="12" goal.x="7" goal.y="13" duration="1.4142135" g-value="6.5764914"/>
                <section id="3" start.x="7" start.y="13" goal.x="9" goal.y="14" duration="2.236068" g-value="8.8125591"/>
                <section id="4" start.x="9" start.y="14" goal.x="11" goal.y="15" duration="2.236068" g-value="11.048627"/>
                <section id="5" start.x="11" start.y="15" goal.x="11" goal.y="15" duration="0.16245681" g-value="11.211084"/>
                <section id="6" start.x="11" start.y="15" goal.x="11" goal.y="14" duration="1" g-value="12.211084"/>
                <section id="7" start.x="11" start.y="14" goal.x="11" goal.y="14" duration="0.78332973" g-value="12.994413"/>
                <section id="8" start.x="11" start.y="14" goal.x="11" goal.y="16" duration="2" g-value="14.994413"/>
                <section id="9" start.x="11" start.y="16" goal.x="10" goal.y="16" duration="1" g-value="15.994413"/>
                <section id="10" start.x="10" start.y="16" goal.x="10" goal.y="16" duration="0.079999998" g-value="16.074413"/>
                <section id="11" start.x="10" start.y="16" goal.x="9" goal.y="15" duration="1.4142135" g-value="17.488626"/>
                <section id="12" start.x="9" start.y="15" goal.x="12" goal.y="15" duration="3" g-value="20.488626"/>
                <section id="13" start.x="12" start.y="15" goal.x="12" goal.y="14" duration="1" g-value="21.488626"/>
                <section id="14" start.x="12" start.y="14" goal.x="12" goal.y="14" duration="0.25" g-value="21.738626"/>
                <section id="15" start.x="12" start.y="14" goal.x="10" goal.y="14" duration="2" g-value="23.738626"/>
                <section id="16" start.x="10" start.y="14" goal.x="11" goal.y="16" duration="2.236068" g-value="25.974695"/>
                <section id="17" start.x="11" start.y="16" goal.x="11" goal.y="16" duration="0.83220071" g-value="26.806896"/>
                <section id="18" start.x="11" start.y="16" goal.x="11" goal.y="24" duration="8" g-value="34.806896"/>
                <section id="19" start.x="11" start.y="24" goal.x="11" goal.y="24" duration="0.57064772" g-value="35.377544"/>
                <section id="20" start.x="11" start.y="24" goal.x="12" goal.y="25" duration="1.4142135" g-value="36.791756"/>
                <section id="21" start.x="12" start.y="25" goal.x="14" goal.y="25" duration="2" g-value="38.791756"/>
                <section id="22" start.x="14" start.y="25" goal.x="15" goal.y="26" duration="1.4142135" g-value="40.205971"/>
                <section id="23" start.x="15" start.y="26" goal.x="15" goal.y="26" duration="1.1305726" g-value="41.336544"/>
                <section id="24" start.x="15" start.y="26" goal.x="19" goal.y="27" duration="4.1231055" g-value="45.459648"/>
                <section id="25" start.x="19" start.y="27" goal.x="20" goal.y="27" duration="1" g-value="46.459648"/>
                <section id="26" start.x="20" start.y="27" goal.x="22" goal.y="30" duration="3.6055512" g-value="50.065201"/>
                <section id="27" start.x="22" start.y="30" goal.x="24" goal.y="30" duration="2" g-value="52.065201"/>
                <section id="28" start.x="24" start.y="30" goal.x="24" goal.y="29" duration="1" g-value="53.065201"/>
                <section id="29" start.x="24" start.y="29" goal.x="26" goal.y="29" duration="2" g-value="55.065201"/>
            </path>
        </agent>
    </log>
</root>
