<?xml version="1.0" ?>
<root>
    <log>
        <taskfilename>D:/GitHub/AA-SIPP_optimal_2019/Instances/32x32_20/128/126_task.xml</taskfilename>
        <mapfilename>32x32_20.xml</mapfilename>
        <configfilename>config.xml</configfilename>
        <obstaclesfilename>D:/GitHub/AA-SIPP_optimal_2019/Instances/32x32_20/128/126_task_obs.xml</obstaclesfilename>
        <summary runtime="0.0225794" tries="1" agentssolved="1 (100.000000%)" flowtime="33.362236" makespan="33.362236"/>
        <path>
            <row number="0">0 0 0 0 0 0 0 0 0 0 1 0 0 0 0 0 0 1 0 0 0 1 0 1 0 0 0 0 0 0 0 0 </row>
            <row number="1">1 0 0 0 1 0 1 1 0 0 0 0 0 0 0 0 0 0 0 1 0 1 0 0 0 1 0 0 0 0 0 0 </row>
            <row number="2">0 0 0 0 0 0 0 0 0 0 0 0 0 0 1 0 0 0 0 0 0 0 0 1 1 0 0 0 1 0 0 0 </row>
            <row number="3">0 0 0 0 0 1 0 1 0 0 0 0 0 0 0 0 0 0 1 0 0 0 0 0 0 0 0 0 0 1 0 0 </row>
            <row number="4">0 1 1 0 0 0 0 0 0 0 0 0 0 0 1 1 0 1 0 0 0 0 0 0 1 0 0 1 0 0 0 0 </row>
            <row number="5">0 0 0 0 0 0 1 0 0 1 0 1 0 0 1 1 0 0 0 0 0 0 1 0 0 0 0 1 0 0 1 1 </row>
            <row number="6">0 0 0 0 0 0 1 0 0 1 1 0 * * * 0 0 0 0 1 0 0 0 0 0 0 0 1 0 0 0 1 </row>
            <row number="7">0 1 0 0 0 1 0 0 0 0 0 * 0 0 0 * 0 0 0 0 0 1 1 0 0 0 1 0 0 1 0 0 </row>
            <row number="8">0 0 0 0 0 0 1 0 0 0 0 * 0 0 0 * 1 0 0 0 0 0 0 0 1 0 1 0 0 0 0 0 </row>
            <row number="9">0 0 1 0 1 0 0 0 0 0 * 0 0 0 0 0 0 1 0 1 0 0 0 0 0 0 0 1 1 0 0 0 </row>
            <row number="10">1 * 1 0 0 0 0 0 0 0 * 0 1 0 1 0 0 0 0 0 0 0 1 0 0 0 1 0 0 0 0 0 </row>
            <row number="11">0 * * * * * * * * * * * 1 0 0 0 0 0 1 0 1 0 1 0 0 0 0 0 0 0 1 0 </row>
            <row number="12">0 0 1 0 0 0 * 0 1 * 1 0 1 1 0 1 0 0 0 0 0 0 0 0 0 0 1 0 0 0 0 0 </row>
            <row number="13">0 1 0 0 0 0 0 0 0 0 0 0 0 0 0 0 0 0 1 0 1 0 0 0 0 0 1 0 0 0 1 0 </row>
            <row number="14">0 0 0 1 1 1 0 0 0 0 0 0 0 1 0 0 0 0 0 0 0 0 0 1 0 0 0 0 0 0 0 0 </row>
            <row number="15">0 0 0 0 0 0 0 0 1 0 0 0 0 1 0 1 0 1 0 0 1 0 0 0 0 0 0 0 0 0 0 0 </row>
            <row number="16">0 0 1 0 0 0 1 0 0 0 0 0 0 0 0 1 0 0 0 0 1 0 0 1 1 1 0 0 0 0 1 0 </row>
            <row number="17">0 1 0 0 0 0 0 0 1 1 1 0 0 1 0 1 0 0 1 0 1 0 0 1 1 0 0 0 0 1 1 1 </row>
            <row number="18">1 0 0 0 0 0 0 0 0 0 1 0 0 0 0 0 0 0 0 1 0 0 1 0 0 0 0 0 0 1 1 1 </row>
            <row number="19">0 0 0 0 0 0 1 0 0 0 1 0 0 1 0 0 1 0 1 0 0 0 1 0 0 0 1 0 0 0 0 0 </row>
            <row number="20">0 1 0 1 0 0 0 0 0 0 0 0 1 0 0 0 0 0 0 0 0 0 1 1 0 1 0 0 0 1 0 0 </row>
            <row number="21">0 0 0 0 0 0 0 1 0 1 0 0 0 0 0 0 0 0 1 0 0 1 1 1 0 0 1 1 1 0 0 0 </row>
            <row number="22">0 0 1 0 1 0 0 1 0 0 0 0 1 0 0 0 0 0 0 1 0 0 0 0 0 0 0 0 0 0 1 0 </row>
            <row number="23">0 0 0 0 0 0 0 1 0 0 0 0 0 1 0 0 0 0 1 0 0 0 1 0 1 0 1 1 0 0 0 0 </row>
            <row number="24">0 0 0 0 0 0 0 0 0 0 0 0 0 0 0 0 0 1 0 0 0 1 0 1 0 0 1 0 1 0 0 0 </row>
            <row number="25">0 0 0 0 0 0 0 0 0 0 0 0 0 0 0 0 1 0 0 0 0 0 0 0 0 1 0 0 1 0 0 1 </row>
            <row number="26">0 1 0 0 0 0 0 0 1 0 1 0 0 0 0 0 0 0 0 0 1 1 0 0 0 0 0 0 0 0 0 1 </row>
            <row number="27">0 0 1 0 0 1 0 0 1 0 0 0 0 0 0 0 0 0 0 0 0 0 0 0 0 0 0 0 0 0 0 0 </row>
            <row number="28">1 0 0 1 1 0 0 0 0 0 0 1 0 0 0 1 0 0 0 1 0 0 0 0 0 0 0 0 0 1 1 1 </row>
            <row number="29">1 0 0 0 0 1 0 0 0 0 1 0 0 0 0 1 0 1 0 1 0 0 0 1 0 0 0 0 0 0 1 1 </row>
            <row number="30">1 1 0 1 0 0 1 1 0 1 0 1 1 0 0 0 0 0 1 0 0 0 0 0 0 0 0 1 0 0 0 0 </row>
            <row number="31">1 1 0 0 0 0 0 0 0 0 0 0 0 0 0 1 0 0 1 0 0 0 0 0 0 0 0 0 1 0 0 0 </row>
        </path>
        <agent id="0" start.x="15" start.y="8" goal.x="1" goal.y="9" size="0.5" movespeed="1" rotationspeed="1">
            <path pathfound="true" runtime="0.0205217" duration="33.362236">
                <section id="0" start.x="15" start.y="8" goal.x="14" goal.y="6" duration="2.236068" g-value="2.236068"/>
                <section id="1" start.x="14" start.y="6" goal.x="14" goal.y="6" duration="1.3603538" g-value="3.596422"/>
                <section id="2" start.x="14" start.y="6" goal.x="13" goal.y="6" duration="1" g-value="4.5964217"/>
                <section id="3" start.x="13" start.y="6" goal.x="13" goal.y="6" duration="0.089470066" g-value="4.6858921"/>
                <section id="4" start.x="13" start.y="6" goal.x="11" goal.y="7" duration="2.236068" g-value="6.9219599"/>
                <section id="5" start.x="11" start.y="7" goal.x="11" goal.y="7" duration="0.10851224" g-value="7.0304723"/>
                <section id="6" start.x="11" start.y="7" goal.x="10" goal.y="9" duration="2.236068" g-value="9.2665405"/>
                <section id="7" start.x="10" start.y="9" goal.x="10" goal.y="11" duration="2" g-value="11.266541"/>
                <section id="8" start.x="10" start.y="11" goal.x="10" goal.y="11" duration="0.44017711" g-value="11.706717"/>
                <section id="9" start.x="10" start.y="11" goal.x="11" goal.y="11" duration="1" g-value="12.706717"/>
                <section id="10" start.x="11" start.y="11" goal.x="10" goal.y="10" duration="1.4142135" g-value="14.120931"/>
                <section id="11" start.x="10" start.y="10" goal.x="9" goal.y="11" duration="1.4142135" g-value="15.535144"/>
                <section id="12" start.x="9" start.y="11" goal.x="9" goal.y="12" duration="1" g-value="16.535145"/>
                <section id="13" start.x="9" start.y="12" goal.x="9" goal.y="12" duration="0.019564353" g-value="16.554708"/>
                <section id="14" start.x="9" start.y="12" goal.x="9" goal.y="11" duration="1" g-value="17.554708"/>
                <section id="15" start.x="9" start.y="11" goal.x="9" goal.y="11" duration="0.95942688" g-value="18.514135"/>
                <section id="16" start.x="9" start.y="11" goal.x="6" goal.y="11" duration="3" g-value="21.514135"/>
                <section id="17" start.x="6" start.y="11" goal.x="6" goal.y="11" duration="1.2138883" g-value="22.728024"/>
                <section id="18" start.x="6" start.y="11" goal.x="6" goal.y="12" duration="1" g-value="23.728024"/>
                <section id="19" start.x="6" start.y="12" goal.x="6" goal.y="12" duration="0.22" g-value="23.948025"/>
                <section id="20" start.x="6" start.y="12" goal.x="7" goal.y="11" duration="1.4142135" g-value="25.362238"/>
                <section id="21" start.x="7" start.y="11" goal.x="1" goal.y="11" duration="6" g-value="31.362238"/>
                <section id="22" start.x="1" start.y="11" goal.x="1" goal.y="9" duration="2" g-value="33.362236"/>
            </path>
        </agent>
    </log>
</root>
