<?xml version="1.0" ?>
<root>
    <log>
        <taskfilename>D:/GitHub/AA-SIPP_optimal_2019/Instances/32x32_20/128/128_task.xml</taskfilename>
        <mapfilename>32x32_20.xml</mapfilename>
        <configfilename>config.xml</configfilename>
        <obstaclesfilename>D:/GitHub/AA-SIPP_optimal_2019/Instances/32x32_20/128/128_task_obs.xml</obstaclesfilename>
        <summary runtime="0.0322657" tries="1" agentssolved="1 (100.000000%)" flowtime="47.680363" makespan="47.680363"/>
        <path>
            <row number="0">0 0 0 0 0 0 0 0 0 0 1 0 0 0 0 0 0 1 0 0 0 1 0 1 0 0 0 0 0 0 0 0 </row>
            <row number="1">1 0 0 0 1 0 1 1 0 0 0 0 0 0 0 0 0 0 0 1 0 1 0 0 0 1 0 0 0 0 0 0 </row>
            <row number="2">0 0 0 0 0 0 0 0 0 0 0 0 0 0 1 0 0 0 0 0 0 0 0 1 1 0 0 0 1 0 0 0 </row>
            <row number="3">0 0 0 0 0 1 0 1 0 0 0 0 0 0 0 0 0 0 1 0 0 0 0 0 0 0 0 0 0 1 0 0 </row>
            <row number="4">0 1 1 0 0 0 0 0 0 0 0 0 0 0 1 1 0 1 0 0 0 0 0 0 1 0 0 1 0 0 0 0 </row>
            <row number="5">0 0 0 0 0 0 1 0 0 1 0 1 0 0 1 1 0 0 0 0 0 0 1 0 0 0 0 1 0 0 1 1 </row>
            <row number="6">0 0 0 0 0 0 1 0 0 1 1 0 0 0 0 0 0 0 0 1 0 0 0 0 0 0 0 1 0 0 0 1 </row>
            <row number="7">0 1 0 0 0 1 0 0 0 0 0 0 0 0 0 0 0 0 0 0 0 1 1 0 0 0 1 0 0 1 0 0 </row>
            <row number="8">0 0 0 0 0 0 1 0 0 0 0 0 0 0 0 0 1 0 0 0 0 0 0 0 1 0 1 0 0 0 0 0 </row>
            <row number="9">0 0 1 0 1 0 0 0 0 0 0 0 0 0 0 0 0 1 0 1 0 0 0 0 0 0 0 1 1 0 0 0 </row>
            <row number="10">1 0 1 0 0 0 0 0 0 0 0 0 1 0 1 0 0 0 0 0 0 0 1 0 0 0 1 0 0 0 0 0 </row>
            <row number="11">0 0 0 0 * 0 0 0 0 0 0 0 1 0 0 0 0 0 1 0 1 0 1 0 0 0 0 0 0 0 1 0 </row>
            <row number="12">0 0 1 0 * * * * 1 0 1 0 1 1 0 1 0 0 0 0 0 0 0 0 0 0 1 0 0 0 0 0 </row>
            <row number="13">0 1 0 0 0 0 0 * 0 0 0 0 0 0 0 0 0 0 1 0 1 0 0 0 0 0 1 0 0 0 1 0 </row>
            <row number="14">0 0 0 1 1 1 * 0 0 0 0 0 0 1 0 0 0 0 0 0 0 0 0 1 0 0 0 0 0 0 0 0 </row>
            <row number="15">0 0 0 0 0 * * 0 1 0 0 0 0 1 0 1 0 1 0 0 1 0 0 0 0 0 0 0 0 0 0 0 </row>
            <row number="16">0 0 1 0 * 0 1 0 0 0 0 0 0 0 0 1 0 0 0 0 1 0 0 1 1 1 0 0 0 0 1 0 </row>
            <row number="17">0 1 0 0 * 0 0 0 1 1 1 0 0 1 0 1 0 0 1 0 1 0 0 1 1 0 0 0 0 1 1 1 </row>
            <row number="18">1 0 0 0 * 0 0 0 0 0 1 0 0 0 0 0 0 0 0 1 0 0 1 0 0 0 0 0 0 1 1 1 </row>
            <row number="19">0 0 0 0 0 * 1 0 0 0 1 0 0 1 0 0 1 0 1 0 0 0 1 0 0 0 1 0 0 0 0 0 </row>
            <row number="20">0 1 0 1 * * * 0 0 0 0 0 1 0 0 0 0 0 0 0 0 0 1 1 0 1 0 0 0 1 0 0 </row>
            <row number="21">0 0 0 0 * 0 * 1 0 1 0 0 0 0 0 0 0 0 1 0 0 1 1 1 0 0 1 1 1 0 0 0 </row>
            <row number="22">0 0 1 0 1 0 * 1 0 0 0 0 1 0 0 0 0 0 0 1 0 0 0 0 0 0 0 0 0 0 1 0 </row>
            <row number="23">0 0 0 0 0 0 * 1 0 0 0 0 0 1 0 0 0 0 1 0 0 0 1 0 1 0 1 1 0 0 0 0 </row>
            <row number="24">0 0 0 0 0 0 * 0 0 0 0 0 0 0 0 0 0 1 0 0 0 1 0 1 0 0 1 0 1 0 0 0 </row>
            <row number="25">0 0 0 0 0 0 * 0 0 0 0 0 0 0 0 0 1 0 0 0 0 0 0 0 0 1 0 0 1 0 0 1 </row>
            <row number="26">0 1 0 0 0 0 0 * 1 0 1 0 0 0 0 0 0 0 0 0 1 1 0 0 0 0 0 0 0 0 0 1 </row>
            <row number="27">0 0 1 0 0 1 0 * 1 0 * * * * * * * * * * * * 0 0 0 0 0 0 0 0 0 0 </row>
            <row number="28">1 0 0 1 1 0 0 * * * 0 1 0 0 0 1 0 0 0 1 0 * 0 0 0 0 0 0 0 1 1 1 </row>
            <row number="29">1 0 0 0 0 1 0 0 0 0 1 0 0 0 0 1 0 1 0 1 0 0 * 1 0 0 0 0 0 0 1 1 </row>
            <row number="30">1 1 0 1 0 0 1 1 0 1 0 1 1 0 0 0 0 0 1 0 0 0 * 0 0 0 0 1 0 0 0 0 </row>
            <row number="31">1 1 0 0 0 0 0 0 0 0 0 0 0 0 0 1 0 0 1 0 0 0 0 0 0 0 0 0 1 0 0 0 </row>
        </path>
        <agent id="0" start.x="4" start.y="11" goal.x="23" goal.y="30" size="0.5" movespeed="1" rotationspeed="1">
            <path pathfound="true" runtime="0.0303479" duration="47.680363">
                <section id="0" start.x="4" start.y="11" goal.x="4" goal.y="12" duration="1" g-value="1"/>
                <section id="1" start.x="4" start.y="12" goal.x="4" goal.y="12" duration="0.82999998" g-value="1.83"/>
                <section id="2" start.x="4" start.y="12" goal.x="7" goal.y="12" duration="3" g-value="4.8299999"/>
                <section id="3" start.x="7" start.y="12" goal.x="7" goal.y="12" duration="0.58421361" g-value="5.4142137"/>
                <section id="4" start.x="7" start.y="12" goal.x="6" goal.y="14" duration="2.236068" g-value="7.6502814"/>
                <section id="5" start.x="6" start.y="14" goal.x="6" goal.y="14" duration="0.41999999" g-value="8.070282"/>
                <section id="6" start.x="6" start.y="14" goal.x="6" goal.y="15" duration="1" g-value="9.070282"/>
                <section id="7" start.x="6" start.y="15" goal.x="5" goal.y="15" duration="1" g-value="10.070282"/>
                <section id="8" start.x="5" start.y="15" goal.x="4" goal.y="16" duration="1.4142135" g-value="11.484495"/>
                <section id="9" start.x="4" start.y="16" goal.x="4" goal.y="17" duration="1" g-value="12.484495"/>
                <section id="10" start.x="4" start.y="17" goal.x="4" goal.y="17" duration="0.050000001" g-value="12.534495"/>
                <section id="11" start.x="4" start.y="17" goal.x="5" goal.y="19" duration="2.236068" g-value="14.770563"/>
                <section id="12" start.x="5" start.y="19" goal.x="4" goal.y="20" duration="1.4142135" g-value="16.184776"/>
                <section id="13" start.x="4" start.y="20" goal.x="4" goal.y="21" duration="1" g-value="17.184776"/>
                <section id="14" start.x="4" start.y="21" goal.x="4" goal.y="20" duration="1" g-value="18.184776"/>
                <section id="15" start.x="4" start.y="20" goal.x="6" goal.y="20" duration="2" g-value="20.184776"/>
                <section id="16" start.x="6" start.y="20" goal.x="6" goal.y="24" duration="4" g-value="24.184776"/>
                <section id="17" start.x="6" start.y="24" goal.x="7" goal.y="27" duration="3.1622777" g-value="27.347054"/>
                <section id="18" start.x="7" start.y="27" goal.x="7" goal.y="28" duration="1" g-value="28.347054"/>
                <section id="19" start.x="7" start.y="28" goal.x="9" goal.y="28" duration="2" g-value="30.347054"/>
                <section id="20" start.x="9" start.y="28" goal.x="10" goal.y="27" duration="1.4142135" g-value="31.761269"/>
                <section id="21" start.x="10" start.y="27" goal.x="10" goal.y="27" duration="0.50488144" g-value="32.266148"/>
                <section id="22" start.x="10" start.y="27" goal.x="21" goal.y="27" duration="11" g-value="43.266148"/>
                <section id="23" start.x="21" start.y="27" goal.x="21" goal.y="28" duration="1" g-value="44.266148"/>
                <section id="24" start.x="21" start.y="28" goal.x="22" goal.y="29" duration="1.4142135" g-value="45.680363"/>
                <section id="25" start.x="22" start.y="29" goal.x="22" goal.y="30" duration="1" g-value="46.680363"/>
                <section id="26" start.x="22" start.y="30" goal.x="23" goal.y="30" duration="1" g-value="47.680363"/>
            </path>
        </agent>
    </log>
</root>
