<?xml version="1.0" ?>
<root>
    <log>
        <taskfilename>D:/GitHub/AA-SIPP_optimal_2019/Instances/32x32_20/128/12_task.xml</taskfilename>
        <mapfilename>32x32_20.xml</mapfilename>
        <configfilename>config.xml</configfilename>
        <obstaclesfilename>D:/GitHub/AA-SIPP_optimal_2019/Instances/32x32_20/128/12_task_obs.xml</obstaclesfilename>
        <summary runtime="0.0299551" tries="1" agentssolved="1 (100.000000%)" flowtime="51.84663" makespan="51.84663"/>
        <path>
            <row number="0">0 0 0 0 0 0 0 0 0 0 1 0 0 0 0 0 0 1 0 0 0 1 0 1 0 0 0 0 0 0 0 0 </row>
            <row number="1">1 0 0 0 1 0 1 1 0 * * * 0 0 0 0 0 0 0 1 0 1 0 0 0 1 0 0 0 0 0 0 </row>
            <row number="2">0 0 0 0 0 0 0 0 0 0 0 * 0 0 1 0 0 0 0 0 0 0 0 1 1 0 0 0 1 0 0 0 </row>
            <row number="3">0 0 0 0 0 1 0 1 0 0 0 0 * * * * * 0 1 0 0 0 0 0 0 0 0 0 0 1 0 0 </row>
            <row number="4">0 1 1 0 0 0 0 0 0 0 0 0 0 0 1 1 * 1 0 0 0 0 0 0 1 0 0 1 0 0 0 0 </row>
            <row number="5">0 0 0 0 0 0 1 0 0 1 0 1 0 0 1 1 * 0 0 0 0 0 1 0 0 0 0 1 0 0 1 1 </row>
            <row number="6">0 0 0 0 0 0 1 0 0 1 1 0 0 0 0 0 0 * 0 1 0 0 0 0 0 0 0 1 0 0 0 1 </row>
            <row number="7">0 1 0 0 0 1 0 0 0 0 0 0 0 0 0 0 0 0 * * 0 1 1 0 0 0 1 0 0 1 0 0 </row>
            <row number="8">0 0 0 0 0 0 1 0 0 0 0 0 0 0 0 0 1 0 0 0 * 0 0 0 1 0 1 0 0 0 0 0 </row>
            <row number="9">0 0 1 0 1 0 0 0 0 0 0 0 0 0 0 0 0 1 0 1 * 0 0 0 0 0 0 1 1 0 0 0 </row>
            <row number="10">1 0 1 0 0 0 0 0 0 0 0 0 1 0 1 0 0 0 0 0 0 * 1 0 0 0 1 0 0 0 0 0 </row>
            <row number="11">0 0 0 0 0 0 0 0 0 0 0 0 1 0 0 0 0 0 1 0 1 * 1 0 0 0 0 0 0 0 1 0 </row>
            <row number="12">0 0 1 0 0 0 0 0 1 0 1 0 1 1 0 1 0 0 0 0 0 * 0 0 0 0 1 0 0 0 0 0 </row>
            <row number="13">0 1 0 0 0 0 0 0 0 0 0 0 0 0 0 0 0 0 1 0 1 0 * 0 0 0 1 0 0 0 1 0 </row>
            <row number="14">0 0 0 1 1 1 0 0 0 0 0 0 0 1 0 0 0 0 0 0 0 0 * 1 0 * * * * 0 0 0 </row>
            <row number="15">0 0 0 0 0 0 0 0 1 0 0 0 0 1 0 1 0 1 0 0 1 0 * * * 0 0 0 * 0 0 0 </row>
            <row number="16">0 0 1 0 0 0 1 0 0 0 0 0 0 0 0 1 0 0 0 0 1 0 0 1 1 1 0 * 0 0 1 0 </row>
            <row number="17">0 1 0 0 0 0 0 0 1 1 1 0 0 1 0 1 0 0 1 0 1 0 0 1 1 0 * * 0 1 1 1 </row>
            <row number="18">1 0 0 0 0 0 0 0 0 0 1 0 0 0 0 0 0 0 0 1 0 0 1 0 0 0 0 0 * 1 1 1 </row>
            <row number="19">0 0 0 0 0 0 1 0 0 0 1 0 0 1 0 0 1 0 1 0 0 0 1 0 0 0 1 0 * * * 0 </row>
            <row number="20">0 1 0 1 0 0 0 0 0 0 0 0 1 0 0 0 0 0 0 0 0 0 1 1 0 1 0 0 0 1 0 * </row>
            <row number="21">0 0 0 0 0 0 0 1 0 1 0 0 0 0 0 0 0 0 1 0 0 1 1 1 0 0 1 1 1 0 0 * </row>
            <row number="22">0 0 1 0 1 0 0 1 0 0 0 0 1 0 0 0 0 0 0 1 0 0 0 0 0 0 0 0 0 0 1 0 </row>
            <row number="23">0 0 0 0 0 0 0 1 0 0 0 0 0 1 0 0 0 0 1 0 0 0 1 0 1 0 1 1 0 0 0 0 </row>
            <row number="24">0 0 0 0 0 0 0 0 0 0 0 0 0 0 0 0 0 1 0 0 0 1 0 1 0 0 1 0 1 0 0 0 </row>
            <row number="25">0 0 0 0 0 0 0 0 0 0 0 0 0 0 0 0 1 0 0 0 0 0 0 0 0 1 0 0 1 0 0 1 </row>
            <row number="26">0 1 0 0 0 0 0 0 1 0 1 0 0 0 0 0 0 0 0 0 1 1 0 0 0 0 0 0 0 0 0 1 </row>
            <row number="27">0 0 1 0 0 1 0 0 1 0 0 0 0 0 0 0 0 0 0 0 0 0 0 0 0 0 0 0 0 0 0 0 </row>
            <row number="28">1 0 0 1 1 0 0 0 0 0 0 1 0 0 0 1 0 0 0 1 0 0 0 0 0 0 0 0 0 1 1 1 </row>
            <row number="29">1 0 0 0 0 1 0 0 0 0 1 0 0 0 0 1 0 1 0 1 0 0 0 1 0 0 0 0 0 0 1 1 </row>
            <row number="30">1 1 0 1 0 0 1 1 0 1 0 1 1 0 0 0 0 0 1 0 0 0 0 0 0 0 0 1 0 0 0 0 </row>
            <row number="31">1 1 0 0 0 0 0 0 0 0 0 0 0 0 0 1 0 0 1 0 0 0 0 0 0 0 0 0 1 0 0 0 </row>
        </path>
        <agent id="0" start.x="31" start.y="21" goal.x="8" goal.y="0" size="0.5" movespeed="1" rotationspeed="1">
            <path pathfound="true" runtime="0.027441701" duration="51.84663">
                <section id="0" start.x="31" start.y="21" goal.x="30" goal.y="19" duration="2.236068" g-value="2.236068"/>
                <section id="1" start.x="30" start.y="19" goal.x="28" goal.y="19" duration="2" g-value="4.2360678"/>
                <section id="2" start.x="28" start.y="19" goal.x="27" goal.y="17" duration="2.236068" g-value="6.472136"/>
                <section id="3" start.x="27" start.y="17" goal.x="26" goal.y="17" duration="1" g-value="7.472136"/>
                <section id="4" start.x="26" start.y="17" goal.x="26" goal.y="17" duration="1.3662912" g-value="8.8384275"/>
                <section id="5" start.x="26" start.y="17" goal.x="27" goal.y="17" duration="1" g-value="9.8384275"/>
                <section id="6" start.x="27" start.y="17" goal.x="27" goal.y="17" duration="0.15000001" g-value="9.9884272"/>
                <section id="7" start.x="27" start.y="17" goal.x="28" goal.y="14" duration="3.1622777" g-value="13.150704"/>
                <section id="8" start.x="28" start.y="14" goal.x="28" goal.y="14" duration="3.9243915" g-value="17.075096"/>
                <section id="9" start.x="28" start.y="14" goal.x="26" goal.y="14" duration="2" g-value="19.075096"/>
                <section id="10" start.x="26" start.y="14" goal.x="24" goal.y="15" duration="2.236068" g-value="21.311165"/>
                <section id="11" start.x="24" start.y="15" goal.x="22" goal.y="15" duration="2" g-value="23.311165"/>
                <section id="12" start.x="22" start.y="15" goal.x="22" goal.y="15" duration="3.4159715" g-value="26.727137"/>
                <section id="13" start.x="22" start.y="15" goal.x="22" goal.y="13" duration="2" g-value="28.727137"/>
                <section id="14" start.x="22" start.y="13" goal.x="21" goal.y="12" duration="1.4142135" g-value="30.14135"/>
                <section id="15" start.x="21" start.y="12" goal.x="21" goal.y="10" duration="2" g-value="32.14135"/>
                <section id="16" start.x="21" start.y="10" goal.x="21" goal.y="10" duration="0.02" g-value="32.16135"/>
                <section id="17" start.x="21" start.y="10" goal.x="20" goal.y="9" duration="1.4142135" g-value="33.575562"/>
                <section id="18" start.x="20" start.y="9" goal.x="20" goal.y="8" duration="1" g-value="34.575562"/>
                <section id="19" start.x="20" start.y="8" goal.x="19" goal.y="7" duration="1.4142135" g-value="35.989777"/>
                <section id="20" start.x="19" start.y="7" goal.x="18" goal.y="7" duration="1" g-value="36.989777"/>
                <section id="21" start.x="18" start.y="7" goal.x="18" goal.y="7" duration="0.2" g-value="37.189777"/>
                <section id="22" start.x="18" start.y="7" goal.x="16" goal.y="5" duration="2.8284271" g-value="40.018204"/>
                <section id="23" start.x="16" start.y="5" goal.x="16" goal.y="3" duration="2" g-value="42.018204"/>
                <section id="24" start.x="16" start.y="3" goal.x="12" goal.y="3" duration="4" g-value="46.018204"/>
                <section id="25" start.x="12" start.y="3" goal.x="11" goal.y="2" duration="1.4142135" g-value="47.432419"/>
                <section id="26" start.x="11" start.y="2" goal.x="11" goal.y="1" duration="1" g-value="48.432419"/>
                <section id="27" start.x="11" start.y="1" goal.x="9" goal.y="1" duration="2" g-value="50.432419"/>
                <section id="28" start.x="9" start.y="1" goal.x="8" goal.y="0" duration="1.4142135" g-value="51.84663"/>
            </path>
        </agent>
    </log>
</root>
