<?xml version="1.0" ?>
<root>
    <log>
        <taskfilename>D:/GitHub/AA-SIPP_optimal_2019/Instances/32x32_20/128/130_task.xml</taskfilename>
        <mapfilename>32x32_20.xml</mapfilename>
        <configfilename>config.xml</configfilename>
        <obstaclesfilename>D:/GitHub/AA-SIPP_optimal_2019/Instances/32x32_20/128/130_task_obs.xml</obstaclesfilename>
        <summary runtime="0.079804197" tries="1" agentssolved="1 (100.000000%)" flowtime="65.194366" makespan="65.194366"/>
        <path>
            <row number="0">0 0 0 0 0 0 0 0 0 0 1 0 0 0 0 0 0 1 0 0 0 1 0 1 0 0 0 0 0 0 0 0 </row>
            <row number="1">1 0 0 0 1 0 1 1 0 0 0 0 0 0 0 0 0 0 0 1 0 1 0 0 0 1 0 0 0 0 0 0 </row>
            <row number="2">0 0 0 0 0 0 0 0 0 0 0 0 0 0 1 0 0 0 0 0 0 0 0 1 1 0 0 0 1 0 0 0 </row>
            <row number="3">0 0 0 0 0 1 0 1 0 0 0 0 0 0 0 0 0 0 1 0 0 0 0 0 0 0 0 0 0 1 0 0 </row>
            <row number="4">0 1 1 0 0 0 0 0 0 0 0 0 0 0 1 1 0 1 0 0 0 0 0 0 1 0 0 1 0 0 0 0 </row>
            <row number="5">0 0 0 0 0 0 1 0 0 1 0 1 0 0 1 1 0 0 0 0 0 0 1 0 0 0 0 1 0 0 1 1 </row>
            <row number="6">0 0 0 0 0 0 1 0 0 1 1 0 0 0 0 0 0 0 0 1 0 0 0 0 0 * 0 1 0 0 0 1 </row>
            <row number="7">0 1 0 0 0 1 0 0 0 0 0 0 0 0 0 0 0 0 0 0 0 1 1 0 0 * 1 0 0 1 0 0 </row>
            <row number="8">0 0 0 0 0 0 1 0 0 0 0 0 0 0 0 0 1 0 0 0 0 0 0 0 1 * 1 0 0 0 0 0 </row>
            <row number="9">0 0 1 0 1 0 0 * * * * * 0 0 0 0 0 1 0 1 0 * * * * * 0 1 1 0 0 0 </row>
            <row number="10">1 0 1 0 * * * 0 0 0 0 * 1 0 1 0 0 0 0 0 0 * 1 0 0 0 1 0 0 0 0 0 </row>
            <row number="11">0 0 0 * 0 0 0 0 0 0 0 * 1 0 0 0 * 0 1 0 1 * 1 0 0 0 0 0 0 0 1 0 </row>
            <row number="12">0 0 1 * 0 0 0 0 1 0 1 * 1 1 0 1 * * * * * * 0 0 0 0 1 0 0 0 0 0 </row>
            <row number="13">0 1 * * 0 0 0 0 0 0 0 * * * * 0 * 0 1 0 1 0 0 0 0 0 1 0 0 0 1 0 </row>
            <row number="14">0 0 * 1 1 1 0 0 0 0 0 0 0 1 * * * 0 0 0 0 0 0 1 0 0 0 0 0 0 0 0 </row>
            <row number="15">0 0 * * 0 0 0 0 1 0 0 0 0 1 0 1 0 1 0 0 1 0 0 0 0 0 0 0 0 0 0 0 </row>
            <row number="16">0 0 1 * 0 0 1 0 0 0 0 0 0 0 0 1 0 0 0 0 1 0 0 1 1 1 0 0 0 0 1 0 </row>
            <row number="17">0 1 0 * 0 0 0 0 1 1 1 0 0 1 0 1 0 0 1 0 1 0 0 1 1 0 0 0 0 1 1 1 </row>
            <row number="18">1 0 0 0 0 0 0 0 0 0 1 0 0 0 0 0 0 0 0 1 0 0 1 0 0 0 0 0 0 1 1 1 </row>
            <row number="19">0 0 0 0 0 0 1 0 0 0 1 0 0 1 0 0 1 0 1 0 0 0 1 0 0 0 1 0 0 0 0 0 </row>
            <row number="20">0 1 0 1 0 0 0 0 0 0 0 0 1 0 0 0 0 0 0 0 0 0 1 1 0 1 0 0 0 1 0 0 </row>
            <row number="21">0 0 0 0 0 0 0 1 0 1 0 0 0 0 0 0 0 0 1 0 0 1 1 1 0 0 1 1 1 0 0 0 </row>
            <row number="22">0 0 1 0 1 0 0 1 0 0 0 0 1 0 0 0 0 0 0 1 0 0 0 0 0 0 0 0 0 0 1 0 </row>
            <row number="23">0 0 0 0 0 0 0 1 0 0 0 0 0 1 0 0 0 0 1 0 0 0 1 0 1 0 1 1 0 0 0 0 </row>
            <row number="24">0 0 0 0 0 0 0 0 0 0 0 0 0 0 0 0 0 1 0 0 0 1 0 1 0 0 1 0 1 0 0 0 </row>
            <row number="25">0 0 0 0 0 0 0 0 0 0 0 0 0 0 0 0 1 0 0 0 0 0 0 0 0 1 0 0 1 0 0 1 </row>
            <row number="26">0 1 0 0 0 0 0 0 1 0 1 0 0 0 0 0 0 0 0 0 1 1 0 0 0 0 0 0 0 0 0 1 </row>
            <row number="27">0 0 1 0 0 1 0 0 1 0 0 0 0 0 0 0 0 0 0 0 0 0 0 0 0 0 0 0 0 0 0 0 </row>
            <row number="28">1 0 0 1 1 0 0 0 0 0 0 1 0 0 0 1 0 0 0 1 0 0 0 0 0 0 0 0 0 1 1 1 </row>
            <row number="29">1 0 0 0 0 1 0 0 0 0 1 0 0 0 0 1 0 1 0 1 0 0 0 1 0 0 0 0 0 0 1 1 </row>
            <row number="30">1 1 0 1 0 0 1 1 0 1 0 1 1 0 0 0 0 0 1 0 0 0 0 0 0 0 0 1 0 0 0 0 </row>
            <row number="31">1 1 0 0 0 0 0 0 0 0 0 0 0 0 0 1 0 0 1 0 0 0 0 0 0 0 0 0 1 0 0 0 </row>
        </path>
        <agent id="0" start.x="3" start.y="17" goal.x="26" goal.y="5" size="0.5" movespeed="1" rotationspeed="1">
            <path pathfound="true" runtime="0.077625997" duration="65.194366">
                <section id="0" start.x="3" start.y="17" goal.x="3" goal.y="15" duration="2" g-value="2"/>
                <section id="1" start.x="3" start.y="15" goal.x="2" goal.y="15" duration="1" g-value="3"/>
                <section id="2" start.x="2" start.y="15" goal.x="2" goal.y="15" duration="0.65606803" g-value="3.6560681"/>
                <section id="3" start.x="2" start.y="15" goal.x="2" goal.y="13" duration="2" g-value="5.6560678"/>
                <section id="4" start.x="2" start.y="13" goal.x="3" goal.y="13" duration="1" g-value="6.6560678"/>
                <section id="5" start.x="3" start.y="13" goal.x="3" goal.y="11" duration="2" g-value="8.6560678"/>
                <section id="6" start.x="3" start.y="11" goal.x="3" goal.y="11" duration="1.9198474" g-value="10.575915"/>
                <section id="7" start.x="3" start.y="11" goal.x="4" goal.y="10" duration="1.4142135" g-value="11.990129"/>
                <section id="8" start.x="4" start.y="10" goal.x="4" goal.y="10" duration="3.2291532" g-value="15.219282"/>
                <section id="9" start.x="4" start.y="10" goal.x="6" goal.y="10" duration="2" g-value="17.219282"/>
                <section id="10" start.x="6" start.y="10" goal.x="6" goal.y="10" duration="0.15610117" g-value="17.375383"/>
                <section id="11" start.x="6" start.y="10" goal.x="7" goal.y="9" duration="1.4142135" g-value="18.789597"/>
                <section id="12" start.x="7" start.y="9" goal.x="11" goal.y="9" duration="4" g-value="22.789597"/>
                <section id="13" start.x="11" start.y="9" goal.x="11" goal.y="9" duration="6.6662369" g-value="29.455833"/>
                <section id="14" start.x="11" start.y="9" goal.x="11" goal.y="10" duration="1" g-value="30.455833"/>
                <section id="15" start.x="11" start.y="10" goal.x="11" goal.y="13" duration="3" g-value="33.455833"/>
                <section id="16" start.x="11" start.y="13" goal.x="14" goal.y="13" duration="3" g-value="36.455833"/>
                <section id="17" start.x="14" start.y="13" goal.x="14" goal.y="14" duration="1" g-value="37.455833"/>
                <section id="18" start.x="14" start.y="14" goal.x="16" goal.y="14" duration="2" g-value="39.455833"/>
                <section id="19" start.x="16" start.y="14" goal.x="16" goal.y="11" duration="3" g-value="42.455833"/>
                <section id="20" start.x="16" start.y="11" goal.x="16" goal.y="11" duration="3.5801032" g-value="46.035938"/>
                <section id="21" start.x="16" start.y="11" goal.x="17" goal.y="12" duration="1.4142135" g-value="47.45015"/>
                <section id="22" start.x="17" start.y="12" goal.x="17" goal.y="12" duration="2.3299999" g-value="49.780151"/>
                <section id="23" start.x="17" start.y="12" goal.x="21" goal.y="12" duration="4" g-value="53.780151"/>
                <section id="24" start.x="21" start.y="12" goal.x="21" goal.y="9" duration="3" g-value="56.780151"/>
                <section id="25" start.x="21" start.y="9" goal.x="25" goal.y="9" duration="4" g-value="60.780151"/>
                <section id="26" start.x="25" start.y="9" goal.x="25" goal.y="6" duration="3" g-value="63.780151"/>
                <section id="27" start.x="25" start.y="6" goal.x="26" goal.y="5" duration="1.4142135" g-value="65.194366"/>
            </path>
        </agent>
    </log>
</root>
