<?xml version="1.0" ?>
<root>
    <log>
        <taskfilename>D:/GitHub/AA-SIPP_optimal_2019/Instances/32x32_20/128/131_task.xml</taskfilename>
        <mapfilename>32x32_20.xml</mapfilename>
        <configfilename>config.xml</configfilename>
        <obstaclesfilename>D:/GitHub/AA-SIPP_optimal_2019/Instances/32x32_20/128/131_task_obs.xml</obstaclesfilename>
        <summary runtime="0.033115599" tries="1" agentssolved="1 (100.000000%)" flowtime="41.429165" makespan="41.429165"/>
        <path>
            <row number="0">0 0 0 0 0 0 0 0 0 0 1 0 0 0 0 0 0 1 0 0 0 1 0 1 0 0 0 0 0 0 0 0 </row>
            <row number="1">1 0 0 0 1 0 1 1 0 0 0 0 0 0 0 0 0 0 0 1 0 1 0 0 0 1 0 0 0 0 0 0 </row>
            <row number="2">0 0 0 0 0 0 0 0 0 0 0 0 0 0 1 0 0 0 0 0 0 0 0 1 1 0 0 0 1 0 0 0 </row>
            <row number="3">0 0 0 0 0 1 0 1 0 0 0 0 0 0 0 0 0 0 1 0 0 0 0 0 0 0 0 0 0 1 0 0 </row>
            <row number="4">0 1 1 0 0 0 0 0 0 0 0 0 0 0 1 1 0 1 0 0 0 0 0 0 1 0 0 1 0 0 0 0 </row>
            <row number="5">0 0 0 0 0 0 1 0 0 1 0 1 0 0 1 1 0 0 0 0 0 0 1 0 0 0 0 1 0 0 1 1 </row>
            <row number="6">0 0 0 0 0 0 1 0 0 1 1 0 0 0 0 0 0 0 0 1 0 0 0 0 0 0 0 1 0 0 0 1 </row>
            <row number="7">0 1 0 0 0 1 0 0 0 0 0 0 0 0 0 0 0 0 0 0 0 1 1 0 0 0 1 0 0 1 0 0 </row>
            <row number="8">0 0 0 0 0 0 1 0 0 0 0 0 0 0 0 0 1 0 0 0 0 0 0 0 1 0 1 0 0 0 0 0 </row>
            <row number="9">0 0 1 0 1 0 0 0 0 0 0 0 0 0 0 0 0 1 0 1 0 0 0 0 0 0 0 1 1 0 0 0 </row>
            <row number="10">1 0 1 0 0 0 0 0 0 0 0 0 1 0 1 0 0 0 0 0 0 0 1 0 0 0 1 0 0 0 0 0 </row>
            <row number="11">0 0 0 0 0 0 0 0 0 0 0 0 1 0 0 0 0 0 1 0 1 0 1 0 0 * * * 0 0 1 0 </row>
            <row number="12">0 0 1 0 0 0 0 0 1 0 1 0 1 1 0 1 0 0 0 0 0 0 0 0 0 * 1 * 0 0 0 0 </row>
            <row number="13">0 1 0 0 0 0 0 0 0 0 0 0 0 0 0 0 0 0 1 0 1 0 0 0 0 * 1 0 * 0 1 0 </row>
            <row number="14">0 0 0 1 1 1 0 0 0 0 0 0 0 1 0 0 0 0 0 0 0 0 0 1 0 * 0 0 * 0 0 0 </row>
            <row number="15">0 0 0 0 0 0 0 0 1 0 0 0 0 1 0 1 0 1 0 0 1 0 * * * * 0 0 * 0 0 0 </row>
            <row number="16">0 0 1 0 0 0 1 0 0 0 0 0 0 0 0 1 0 0 0 0 1 0 * 1 1 1 0 0 0 0 1 0 </row>
            <row number="17">0 1 0 0 0 0 0 0 1 1 1 0 0 1 0 1 0 0 1 0 1 * 0 1 1 0 0 0 0 1 1 1 </row>
            <row number="18">1 0 0 0 0 0 0 0 0 0 1 0 0 0 0 0 0 0 0 1 0 * 1 0 0 0 0 0 0 1 1 1 </row>
            <row number="19">0 0 0 0 0 0 1 0 0 0 1 0 0 1 0 0 1 0 1 0 0 * 1 0 0 0 1 0 0 0 0 0 </row>
            <row number="20">0 1 0 1 0 0 0 0 0 0 0 0 1 0 0 0 0 0 0 0 * 0 1 1 0 1 0 0 0 1 0 0 </row>
            <row number="21">0 0 0 0 0 0 0 1 0 1 0 0 0 0 0 0 0 0 1 0 * 1 1 1 0 0 1 1 1 0 0 0 </row>
            <row number="22">0 0 1 0 1 0 0 1 0 0 0 0 1 0 0 0 0 0 0 1 * 0 0 0 0 0 0 0 0 0 1 0 </row>
            <row number="23">0 0 0 0 0 0 0 1 0 0 0 0 0 1 0 0 0 0 1 0 * 0 1 0 1 0 1 1 0 0 0 0 </row>
            <row number="24">0 0 0 0 0 0 0 0 0 0 0 0 0 0 0 0 0 1 0 * 0 1 0 1 0 0 1 0 1 0 0 0 </row>
            <row number="25">0 0 0 0 0 0 0 0 0 0 0 0 0 * * 0 1 0 * 0 0 0 0 0 0 1 0 0 1 0 0 1 </row>
            <row number="26">0 1 0 0 0 0 0 0 1 0 1 0 0 0 0 * * * 0 0 1 1 0 0 0 0 0 0 0 0 0 1 </row>
            <row number="27">0 0 1 0 0 1 0 0 1 0 0 0 0 0 0 0 0 0 0 0 0 0 0 0 0 0 0 0 0 0 0 0 </row>
            <row number="28">1 0 0 1 1 0 0 0 0 0 0 1 0 0 0 1 0 0 0 1 0 0 0 0 0 0 0 0 0 1 1 1 </row>
            <row number="29">1 0 0 0 0 1 0 0 0 0 1 0 0 0 0 1 0 1 0 1 0 0 0 1 0 0 0 0 0 0 1 1 </row>
            <row number="30">1 1 0 1 0 0 1 1 0 1 0 1 1 0 0 0 0 0 1 0 0 0 0 0 0 0 0 1 0 0 0 0 </row>
            <row number="31">1 1 0 0 0 0 0 0 0 0 0 0 0 0 0 1 0 0 1 0 0 0 0 0 0 0 0 0 1 0 0 0 </row>
        </path>
        <agent id="0" start.x="28" start.y="15" goal.x="12" goal.y="24" size="0.5" movespeed="1" rotationspeed="1">
            <path pathfound="true" runtime="0.031142499" duration="41.429165">
                <section id="0" start.x="28" start.y="15" goal.x="28" goal.y="15" duration="1.4142135" g-value="1.4142135"/>
                <section id="1" start.x="28" start.y="15" goal.x="28" goal.y="14" duration="1" g-value="2.4142137"/>
                <section id="2" start.x="28" start.y="14" goal.x="28" goal.y="13" duration="1" g-value="3.4142137"/>
                <section id="3" start.x="28" start.y="13" goal.x="27" goal.y="12" duration="1.4142135" g-value="4.8284273"/>
                <section id="4" start.x="27" start.y="12" goal.x="27" goal.y="12" duration="2.4199998" g-value="7.2484269"/>
                <section id="5" start.x="27" start.y="12" goal.x="27" goal.y="11" duration="1" g-value="8.2484274"/>
                <section id="6" start.x="27" start.y="11" goal.x="25" goal.y="11" duration="2" g-value="10.248427"/>
                <section id="7" start.x="25" start.y="11" goal.x="25" goal.y="11" duration="0.38901535" g-value="10.637443"/>
                <section id="8" start.x="25" start.y="11" goal.x="25" goal.y="14" duration="3" g-value="13.637443"/>
                <section id="9" start.x="25" start.y="14" goal.x="25" goal.y="15" duration="1" g-value="14.637443"/>
                <section id="10" start.x="25" start.y="15" goal.x="25" goal.y="15" duration="0.21028006" g-value="14.847722"/>
                <section id="11" start.x="25" start.y="15" goal.x="23" goal.y="15" duration="2" g-value="16.847723"/>
                <section id="12" start.x="23" start.y="15" goal.x="23" goal.y="15" duration="0.17" g-value="17.017723"/>
                <section id="13" start.x="23" start.y="15" goal.x="22" goal.y="15" duration="1" g-value="18.017723"/>
                <section id="14" start.x="22" start.y="15" goal.x="21" goal.y="17" duration="2.236068" g-value="20.25379"/>
                <section id="15" start.x="21" start.y="17" goal.x="21" goal.y="18" duration="1" g-value="21.25379"/>
                <section id="16" start.x="21" start.y="18" goal.x="21" goal.y="18" duration="0.0020424074" g-value="21.255833"/>
                <section id="17" start.x="21" start.y="18" goal.x="20" goal.y="20" duration="2.236068" g-value="23.491901"/>
                <section id="18" start.x="20" start.y="20" goal.x="20" goal.y="23" duration="3" g-value="26.491901"/>
                <section id="19" start.x="20" start.y="23" goal.x="20" goal.y="23" duration="4.9090719" g-value="31.400972"/>
                <section id="20" start.x="20" start.y="23" goal.x="17" goal.y="26" duration="4.2426405" g-value="35.643612"/>
                <section id="21" start.x="17" start.y="26" goal.x="17" goal.y="26" duration="0.18000001" g-value="35.823612"/>
                <section id="22" start.x="17" start.y="26" goal.x="15" goal.y="26" duration="2" g-value="37.823612"/>
                <section id="23" start.x="15" start.y="26" goal.x="12" goal.y="24" duration="3.6055512" g-value="41.429165"/>
            </path>
        </agent>
    </log>
</root>
