<?xml version="1.0" ?>
<root>
    <log>
        <taskfilename>D:/GitHub/AA-SIPP_optimal_2019/Instances/32x32_20/128/132_task.xml</taskfilename>
        <mapfilename>32x32_20.xml</mapfilename>
        <configfilename>config.xml</configfilename>
        <obstaclesfilename>D:/GitHub/AA-SIPP_optimal_2019/Instances/32x32_20/128/132_task_obs.xml</obstaclesfilename>
        <summary runtime="0.045473799" tries="1" agentssolved="1 (100.000000%)" flowtime="53.203857" makespan="53.203857"/>
        <path>
            <row number="0">0 0 0 0 0 0 0 0 0 0 1 0 0 0 0 0 0 1 0 0 0 1 0 1 0 0 0 0 0 0 0 0 </row>
            <row number="1">1 0 0 0 1 0 1 1 0 0 0 0 0 0 0 0 0 0 0 1 0 1 0 0 0 1 0 0 0 0 0 0 </row>
            <row number="2">0 0 0 0 0 0 0 0 0 0 0 0 0 0 1 0 0 0 0 0 0 0 0 1 1 0 0 0 1 0 0 0 </row>
            <row number="3">0 0 0 0 0 1 0 1 0 0 0 0 0 0 0 0 0 0 1 0 0 0 0 0 0 0 0 0 0 1 0 0 </row>
            <row number="4">0 1 1 0 0 0 0 0 0 0 0 0 0 0 1 1 0 1 0 0 0 0 0 0 1 0 0 1 0 0 0 0 </row>
            <row number="5">0 0 0 0 0 0 1 0 0 1 0 1 0 0 1 1 0 0 0 0 0 0 1 0 0 0 0 1 0 0 1 1 </row>
            <row number="6">0 0 0 0 0 0 1 0 0 1 1 0 0 0 0 0 0 0 0 1 0 0 0 0 0 0 0 1 0 0 0 1 </row>
            <row number="7">0 1 0 0 0 1 0 0 0 0 0 0 0 0 0 0 0 0 0 0 0 1 1 0 0 0 1 0 0 1 0 0 </row>
            <row number="8">0 0 0 0 0 0 1 0 0 0 0 0 0 0 0 0 1 0 0 0 0 0 0 0 1 0 1 0 0 0 0 0 </row>
            <row number="9">0 0 1 0 1 0 0 0 0 0 0 0 0 0 0 0 0 1 0 1 0 * * 0 0 0 0 1 1 0 0 0 </row>
            <row number="10">1 0 1 0 0 0 0 0 0 0 0 0 1 0 1 0 0 0 0 0 0 * 1 0 0 0 1 0 0 0 0 0 </row>
            <row number="11">0 0 0 0 0 0 0 0 0 0 0 0 1 0 0 0 0 0 1 0 1 * 1 0 0 0 0 0 0 0 1 0 </row>
            <row number="12">0 0 1 0 0 0 0 0 1 * 1 0 1 1 0 1 0 * * * * * 0 0 0 0 1 0 0 0 0 0 </row>
            <row number="13">0 1 0 0 0 0 0 0 0 * * * * * * * * 0 1 0 1 0 0 0 0 0 1 0 0 0 1 0 </row>
            <row number="14">0 0 0 1 1 1 0 0 0 0 * * 0 1 0 0 0 0 0 0 0 0 0 1 0 0 0 0 0 0 0 0 </row>
            <row number="15">0 0 0 0 0 0 0 0 1 0 0 0 * 1 0 1 0 1 0 0 1 0 0 0 0 0 0 0 0 0 0 0 </row>
            <row number="16">0 0 1 0 0 0 1 0 0 0 0 0 * * 0 1 0 0 0 0 1 0 0 1 1 1 0 0 0 0 1 0 </row>
            <row number="17">0 1 0 0 0 0 0 0 1 1 1 * 0 1 0 1 0 0 1 0 1 0 0 1 1 0 0 0 0 1 1 1 </row>
            <row number="18">1 0 0 0 0 0 0 0 0 0 1 * 0 0 0 0 0 0 0 1 0 0 1 0 0 0 0 0 0 1 1 1 </row>
            <row number="19">0 0 0 0 0 0 1 0 0 0 1 * 0 1 0 0 1 0 1 0 0 0 1 0 0 0 1 0 0 0 0 0 </row>
            <row number="20">0 1 0 1 0 0 0 0 * * * * 1 0 0 0 0 0 0 0 0 0 1 1 0 1 0 0 0 1 0 0 </row>
            <row number="21">0 0 0 0 0 0 0 1 * 1 0 0 0 0 0 0 0 0 1 0 0 1 1 1 0 0 1 1 1 0 0 0 </row>
            <row number="22">0 0 1 0 1 0 0 1 * 0 0 0 1 0 0 0 0 0 0 1 0 0 0 0 0 0 0 0 0 0 1 0 </row>
            <row number="23">0 0 0 0 0 0 0 1 * 0 0 0 0 1 0 0 0 0 1 0 0 0 1 0 1 0 1 1 0 0 0 0 </row>
            <row number="24">0 0 0 0 0 0 0 0 0 * 0 0 0 0 0 0 0 1 0 0 0 1 0 1 0 0 1 0 1 0 0 0 </row>
            <row number="25">0 0 0 0 0 0 0 0 0 * 0 0 0 0 0 0 1 0 0 0 0 0 0 0 0 1 0 0 1 0 0 1 </row>
            <row number="26">0 1 0 0 0 0 0 0 1 * 1 0 0 0 0 0 0 0 0 0 1 1 0 0 0 0 0 0 0 0 0 1 </row>
            <row number="27">0 0 1 0 0 1 0 0 1 * 0 0 0 0 0 0 0 0 0 0 0 0 0 0 0 0 0 0 0 0 0 0 </row>
            <row number="28">1 0 0 1 1 0 0 0 0 * 0 1 0 0 0 1 0 0 0 1 0 0 0 0 0 0 0 0 0 1 1 1 </row>
            <row number="29">1 0 0 0 0 1 0 0 * * 1 0 0 0 0 1 0 1 0 1 0 0 0 1 0 0 0 0 0 0 1 1 </row>
            <row number="30">1 1 0 1 0 0 1 1 * 1 0 1 1 0 0 0 0 0 1 0 0 0 0 0 0 0 0 1 0 0 0 0 </row>
            <row number="31">1 1 0 0 0 0 0 0 0 0 0 0 0 0 0 1 0 0 1 0 0 0 0 0 0 0 0 0 1 0 0 0 </row>
        </path>
        <agent id="0" start.x="8" start.y="30" goal.x="23" goal.y="8" size="0.5" movespeed="1" rotationspeed="1">
            <path pathfound="true" runtime="0.043353099" duration="53.203857">
                <section id="0" start.x="8" start.y="30" goal.x="8" goal.y="29" duration="1" g-value="1"/>
                <section id="1" start.x="8" start.y="29" goal.x="9" goal.y="29" duration="1" g-value="2"/>
                <section id="2" start.x="9" start.y="29" goal.x="9" goal.y="29" duration="0.0099999998" g-value="2.01"/>
                <section id="3" start.x="9" start.y="29" goal.x="9" goal.y="26" duration="3" g-value="5.0100002"/>
                <section id="4" start.x="9" start.y="26" goal.x="9" goal.y="26" duration="0.0099999998" g-value="5.02"/>
                <section id="5" start.x="9" start.y="26" goal.x="9" goal.y="25" duration="1" g-value="6.02"/>
                <section id="6" start.x="9" start.y="25" goal.x="8" goal.y="22" duration="3.1622777" g-value="9.1822777"/>
                <section id="7" start.x="8" start.y="22" goal.x="8" goal.y="22" duration="1.6519358" g-value="10.834213"/>
                <section id="8" start.x="8" start.y="22" goal.x="8" goal.y="20" duration="2" g-value="12.834213"/>
                <section id="9" start.x="8" start.y="20" goal.x="8" goal.y="20" duration="0.55000001" g-value="13.384213"/>
                <section id="10" start.x="8" start.y="20" goal.x="11" goal.y="20" duration="3" g-value="16.384214"/>
                <section id="11" start.x="11" start.y="20" goal.x="11" goal.y="20" duration="2.0968964" g-value="18.48111"/>
                <section id="12" start.x="11" start.y="20" goal.x="11" goal.y="18" duration="2" g-value="20.48111"/>
                <section id="13" start.x="11" start.y="18" goal.x="12" goal.y="16" duration="2.236068" g-value="22.717178"/>
                <section id="14" start.x="12" start.y="16" goal.x="13" goal.y="16" duration="1" g-value="23.717178"/>
                <section id="15" start.x="13" start.y="16" goal.x="13" goal.y="16" duration="0.60966605" g-value="24.326843"/>
                <section id="16" start.x="13" start.y="16" goal.x="12" goal.y="16" duration="1" g-value="25.326843"/>
                <section id="17" start.x="12" start.y="16" goal.x="12" goal.y="15" duration="1" g-value="26.326843"/>
                <section id="18" start.x="12" start.y="15" goal.x="11" goal.y="14" duration="1.4142135" g-value="27.741058"/>
                <section id="19" start.x="11" start.y="14" goal.x="11" goal.y="14" duration="0.059999999" g-value="27.801058"/>
                <section id="20" start.x="11" start.y="14" goal.x="10" goal.y="14" duration="1" g-value="28.801058"/>
                <section id="21" start.x="10" start.y="14" goal.x="10" goal.y="13" duration="1" g-value="29.801058"/>
                <section id="22" start.x="10" start.y="13" goal.x="9" goal.y="13" duration="1" g-value="30.801058"/>
                <section id="23" start.x="9" start.y="13" goal.x="9" goal.y="12" duration="1" g-value="31.801058"/>
                <section id="24" start.x="9" start.y="12" goal.x="9" goal.y="12" duration="2.672519" g-value="34.473576"/>
                <section id="25" start.x="9" start.y="12" goal.x="9" goal.y="13" duration="1" g-value="35.473576"/>
                <section id="26" start.x="9" start.y="13" goal.x="9" goal.y="13" duration="0.079999998" g-value="35.553577"/>
                <section id="27" start.x="9" start.y="13" goal.x="16" goal.y="13" duration="7" g-value="42.553577"/>
                <section id="28" start.x="16" start.y="13" goal.x="17" goal.y="12" duration="1.4142135" g-value="43.967789"/>
                <section id="29" start.x="17" start.y="12" goal.x="21" goal.y="12" duration="4" g-value="47.967789"/>
                <section id="30" start.x="21" start.y="12" goal.x="21" goal.y="9" duration="3" g-value="50.967789"/>
                <section id="31" start.x="21" start.y="9" goal.x="23" goal.y="8" duration="2.236068" g-value="53.203857"/>
            </path>
        </agent>
    </log>
</root>
