<?xml version="1.0" ?>
<root>
    <log>
        <taskfilename>D:/GitHub/AA-SIPP_optimal_2019/Instances/32x32_20/128/133_task.xml</taskfilename>
        <mapfilename>32x32_20.xml</mapfilename>
        <configfilename>config.xml</configfilename>
        <obstaclesfilename>D:/GitHub/AA-SIPP_optimal_2019/Instances/32x32_20/128/133_task_obs.xml</obstaclesfilename>
        <summary runtime="0.046506599" tries="1" agentssolved="1 (100.000000%)" flowtime="54.272228" makespan="54.272228"/>
        <path>
            <row number="0">0 0 0 0 0 0 0 0 0 0 1 0 0 0 0 0 0 1 0 0 0 1 0 1 0 0 0 0 0 0 0 0 </row>
            <row number="1">1 0 0 0 1 0 1 1 0 0 0 0 0 0 0 0 0 0 0 1 0 1 0 0 0 1 0 0 0 0 0 0 </row>
            <row number="2">0 0 0 0 0 0 0 0 0 0 0 0 0 0 1 0 0 0 0 0 0 0 0 1 1 0 * 0 1 0 0 0 </row>
            <row number="3">0 0 0 0 0 1 0 1 0 0 0 0 0 0 0 0 0 0 1 0 0 0 0 * * * 0 0 0 1 0 0 </row>
            <row number="4">0 1 1 0 0 0 0 0 0 0 0 0 0 0 1 1 0 1 0 * * * * 0 1 0 0 1 0 0 0 0 </row>
            <row number="5">0 0 0 0 0 0 1 0 0 1 0 1 0 0 1 1 0 0 * 0 0 0 1 0 0 0 0 1 0 0 1 1 </row>
            <row number="6">0 0 0 0 0 0 1 0 0 1 1 0 0 0 0 0 * * 0 1 0 0 0 0 0 0 0 1 0 0 0 1 </row>
            <row number="7">0 1 0 0 0 1 0 0 0 0 0 0 0 0 0 * 0 0 0 0 0 1 1 0 0 0 1 0 0 1 0 0 </row>
            <row number="8">0 0 0 0 0 0 1 0 0 0 0 0 * 0 0 * 1 0 0 0 0 0 0 0 1 0 1 0 0 0 0 0 </row>
            <row number="9">0 0 1 0 1 0 0 0 0 0 0 * * * * 0 0 1 0 1 0 0 0 0 0 0 0 1 1 0 0 0 </row>
            <row number="10">1 0 1 0 0 0 0 0 0 0 0 * 1 0 1 0 0 0 0 0 0 0 1 0 0 0 1 0 0 0 0 0 </row>
            <row number="11">0 0 0 0 0 0 0 0 0 * * 0 1 0 0 0 0 0 1 0 1 0 1 0 0 0 0 0 0 0 1 0 </row>
            <row number="12">0 0 1 0 0 0 0 0 1 * 1 0 1 1 0 1 0 0 0 0 0 0 0 0 0 0 1 0 0 0 0 0 </row>
            <row number="13">0 1 0 0 0 0 0 0 0 * 0 0 0 0 0 0 0 0 1 0 1 0 0 0 0 0 1 0 0 0 1 0 </row>
            <row number="14">0 0 0 1 1 1 * * * 0 0 0 0 1 0 0 0 0 0 0 0 0 0 1 0 0 0 0 0 0 0 0 </row>
            <row number="15">0 0 0 0 0 * * 0 1 0 0 0 0 1 0 1 0 1 0 0 1 0 0 0 0 0 0 0 0 0 0 0 </row>
            <row number="16">0 0 1 0 0 * 1 0 0 0 0 0 0 0 0 1 0 0 0 0 1 0 0 1 1 1 0 0 0 0 1 0 </row>
            <row number="17">0 1 0 0 0 * 0 0 1 1 1 0 0 1 0 1 0 0 1 0 1 0 0 1 1 0 0 0 0 1 1 1 </row>
            <row number="18">1 0 0 0 * 0 0 0 0 0 1 0 0 0 0 0 0 0 0 1 0 0 1 0 0 0 0 0 0 1 1 1 </row>
            <row number="19">0 0 0 0 * 0 1 0 0 0 1 0 0 1 0 0 1 0 1 0 0 0 1 0 0 0 1 0 0 0 0 0 </row>
            <row number="20">0 1 0 1 * 0 0 0 0 0 0 0 1 0 0 0 0 0 0 0 0 0 1 1 0 1 0 0 0 1 0 0 </row>
            <row number="21">0 0 0 * * 0 0 1 0 1 0 0 0 0 0 0 0 0 1 0 0 1 1 1 0 0 1 1 1 0 0 0 </row>
            <row number="22">0 0 1 * 1 0 0 1 0 0 0 0 1 0 0 0 0 0 0 1 0 0 0 0 0 0 0 0 0 0 1 0 </row>
            <row number="23">0 0 0 * 0 0 0 1 0 0 0 0 0 1 0 0 0 0 1 0 0 0 1 0 1 0 1 1 0 0 0 0 </row>
            <row number="24">0 0 0 * 0 0 0 0 0 0 0 0 0 0 0 0 0 1 0 0 0 1 0 1 0 0 1 0 1 0 0 0 </row>
            <row number="25">0 0 0 * 0 0 0 0 0 0 0 0 0 0 0 0 1 0 0 0 0 0 0 0 0 1 0 0 1 0 0 1 </row>
            <row number="26">0 1 0 0 0 0 0 0 1 0 1 0 0 0 0 0 0 0 0 0 1 1 0 0 0 0 0 0 0 0 0 1 </row>
            <row number="27">0 0 1 0 0 1 0 0 1 0 0 0 0 0 0 0 0 0 0 0 0 0 0 0 0 0 0 0 0 0 0 0 </row>
            <row number="28">1 0 0 1 1 0 0 0 0 0 0 1 0 0 0 1 0 0 0 1 0 0 0 0 0 0 0 0 0 1 1 1 </row>
            <row number="29">1 0 0 0 0 1 0 0 0 0 1 0 0 0 0 1 0 1 0 1 0 0 0 1 0 0 0 0 0 0 1 1 </row>
            <row number="30">1 1 0 1 0 0 1 1 0 1 0 1 1 0 0 0 0 0 1 0 0 0 0 0 0 0 0 1 0 0 0 0 </row>
            <row number="31">1 1 0 0 0 0 0 0 0 0 0 0 0 0 0 1 0 0 1 0 0 0 0 0 0 0 0 0 1 0 0 0 </row>
        </path>
        <agent id="0" start.x="3" start.y="25" goal.x="26" goal.y="1" size="0.5" movespeed="1" rotationspeed="1">
            <path pathfound="true" runtime="0.0438012" duration="54.272228">
                <section id="0" start.x="3" start.y="25" goal.x="3" goal.y="25" duration="0.41999999" g-value="0.41999999"/>
                <section id="1" start.x="3" start.y="25" goal.x="3" goal.y="21" duration="4" g-value="4.4200001"/>
                <section id="2" start.x="3" start.y="21" goal.x="4" goal.y="21" duration="1" g-value="5.4200001"/>
                <section id="3" start.x="4" start.y="21" goal.x="4" goal.y="21" duration="5.9403429" g-value="11.360343"/>
                <section id="4" start.x="4" start.y="21" goal.x="5" goal.y="15" duration="6.0827627" g-value="17.443106"/>
                <section id="5" start.x="5" start.y="15" goal.x="5" goal.y="15" duration="0.1" g-value="17.543106"/>
                <section id="6" start.x="5" start.y="15" goal.x="6" goal.y="15" duration="1" g-value="18.543106"/>
                <section id="7" start.x="6" start.y="15" goal.x="6" goal.y="14" duration="1" g-value="19.543106"/>
                <section id="8" start.x="6" start.y="14" goal.x="6" goal.y="14" duration="0.097880706" g-value="19.640985"/>
                <section id="9" start.x="6" start.y="14" goal.x="8" goal.y="14" duration="2" g-value="21.640985"/>
                <section id="10" start.x="8" start.y="14" goal.x="8" goal.y="14" duration="0.57143122" g-value="22.212418"/>
                <section id="11" start.x="8" start.y="14" goal.x="9" goal.y="13" duration="1.4142135" g-value="23.626631"/>
                <section id="12" start.x="9" start.y="13" goal.x="9" goal.y="11" duration="2" g-value="25.626631"/>
                <section id="13" start.x="9" start.y="11" goal.x="10" goal.y="11" duration="1" g-value="26.626631"/>
                <section id="14" start.x="10" start.y="11" goal.x="10" goal.y="11" duration="1.861714" g-value="28.488344"/>
                <section id="15" start.x="10" start.y="11" goal.x="11" goal.y="10" duration="1.4142135" g-value="29.902559"/>
                <section id="16" start.x="11" start.y="10" goal.x="11" goal.y="9" duration="1" g-value="30.902559"/>
                <section id="17" start.x="11" start.y="9" goal.x="12" goal.y="9" duration="1" g-value="31.902559"/>
                <section id="18" start.x="12" start.y="9" goal.x="12" goal.y="8" duration="1" g-value="32.902557"/>
                <section id="19" start.x="12" start.y="8" goal.x="12" goal.y="8" duration="2.3051729" g-value="35.207733"/>
                <section id="20" start.x="12" start.y="8" goal.x="12" goal.y="9" duration="1" g-value="36.207733"/>
                <section id="21" start.x="12" start.y="9" goal.x="14" goal.y="9" duration="2" g-value="38.207733"/>
                <section id="22" start.x="14" start.y="9" goal.x="15" goal.y="8" duration="1.4142135" g-value="39.621944"/>
                <section id="23" start.x="15" start.y="8" goal.x="15" goal.y="7" duration="1" g-value="40.621944"/>
                <section id="24" start.x="15" start.y="7" goal.x="19" goal.y="4" duration="5" g-value="45.621944"/>
                <section id="25" start.x="19" start.y="4" goal.x="21" goal.y="4" duration="2" g-value="47.621944"/>
                <section id="26" start.x="21" start.y="4" goal.x="23" goal.y="3" duration="2.236068" g-value="49.858013"/>
                <section id="27" start.x="23" start.y="3" goal.x="25" goal.y="3" duration="2" g-value="51.858013"/>
                <section id="28" start.x="25" start.y="3" goal.x="26" goal.y="2" duration="1.4142135" g-value="53.272228"/>
                <section id="29" start.x="26" start.y="2" goal.x="26" goal.y="1" duration="1" g-value="54.272228"/>
            </path>
        </agent>
    </log>
</root>
