<?xml version="1.0" ?>
<root>
    <log>
        <taskfilename>D:/GitHub/AA-SIPP_optimal_2019/Instances/32x32_20/128/134_task.xml</taskfilename>
        <mapfilename>32x32_20.xml</mapfilename>
        <configfilename>config.xml</configfilename>
        <obstaclesfilename>D:/GitHub/AA-SIPP_optimal_2019/Instances/32x32_20/128/134_task_obs.xml</obstaclesfilename>
        <summary runtime="0.055324402" tries="1" agentssolved="1 (100.000000%)" flowtime="57.967613" makespan="57.967613"/>
        <path>
            <row number="0">0 0 0 0 0 0 0 0 0 0 1 0 0 0 0 0 0 1 0 0 0 1 0 1 0 0 0 0 0 0 0 0 </row>
            <row number="1">1 0 0 0 1 0 1 1 0 0 0 0 0 0 0 0 0 0 0 1 0 1 0 0 0 1 0 0 0 0 0 0 </row>
            <row number="2">0 0 0 0 0 0 0 0 0 0 0 0 0 0 1 0 0 0 0 0 0 0 0 1 1 0 0 0 1 0 0 0 </row>
            <row number="3">0 0 0 0 0 1 0 1 0 0 0 0 0 0 0 0 0 0 1 0 0 0 0 0 0 0 0 0 0 1 0 0 </row>
            <row number="4">0 1 1 0 0 0 0 0 0 0 0 0 0 0 1 1 0 1 0 0 0 0 0 0 1 0 0 1 0 0 0 0 </row>
            <row number="5">* 0 0 0 0 0 1 0 0 1 0 1 0 0 1 1 0 0 0 0 0 0 1 0 0 0 0 1 0 0 1 1 </row>
            <row number="6">* 0 0 0 0 0 1 0 0 1 1 0 0 0 0 0 0 0 0 1 0 0 0 0 0 0 0 1 0 0 0 1 </row>
            <row number="7">* 1 0 0 0 1 0 0 0 0 0 0 0 0 0 0 0 0 0 0 0 1 1 0 0 0 1 0 0 1 0 0 </row>
            <row number="8">* 0 0 0 0 0 1 0 0 0 0 0 0 0 0 0 1 0 0 0 0 0 0 0 1 0 1 0 0 0 0 0 </row>
            <row number="9">* * 1 0 1 0 0 0 0 0 0 0 0 0 0 0 0 1 0 1 0 0 0 0 0 0 0 1 1 0 0 0 </row>
            <row number="10">1 * 1 0 0 0 0 0 0 0 0 0 1 0 1 0 0 0 0 0 0 0 1 0 0 0 1 0 0 0 0 0 </row>
            <row number="11">0 * 0 0 0 0 0 0 0 0 0 0 1 0 0 0 0 0 1 0 1 0 1 0 0 0 0 0 0 0 1 0 </row>
            <row number="12">* 0 1 0 0 0 0 0 1 0 1 0 1 1 0 1 0 0 0 0 0 0 0 0 0 0 1 0 0 0 0 0 </row>
            <row number="13">* 1 0 0 0 0 0 0 0 0 0 0 0 0 0 0 0 0 1 0 1 0 0 0 0 0 1 0 0 0 1 0 </row>
            <row number="14">* 0 0 1 1 1 0 0 0 0 0 0 0 1 0 0 0 0 0 0 0 0 0 1 0 0 0 0 0 0 0 0 </row>
            <row number="15">0 * * * 0 0 0 0 1 0 0 0 0 1 0 1 0 1 0 0 1 0 0 0 0 0 0 0 0 0 0 0 </row>
            <row number="16">0 0 1 0 * 0 1 0 0 0 0 0 0 0 0 1 0 0 0 0 1 0 0 1 1 1 0 0 0 0 1 0 </row>
            <row number="17">0 1 0 0 * 0 0 0 1 1 1 0 0 1 0 1 0 0 1 0 1 0 0 1 1 0 0 0 0 1 1 1 </row>
            <row number="18">1 0 0 0 0 * * * * 0 1 0 0 0 0 0 0 0 0 1 0 0 1 0 0 0 0 0 0 1 1 1 </row>
            <row number="19">0 0 0 0 0 0 1 0 0 * 1 0 0 1 0 0 1 0 1 0 0 0 1 0 0 0 1 0 0 0 0 0 </row>
            <row number="20">0 1 0 1 0 0 0 0 0 * * 0 1 0 0 0 0 0 0 0 0 0 1 1 0 1 0 0 0 1 0 0 </row>
            <row number="21">0 0 0 0 0 0 0 1 0 1 * * * * * 0 0 0 1 0 0 1 1 1 0 0 1 1 1 0 0 0 </row>
            <row number="22">0 0 1 0 1 0 0 1 0 0 0 0 1 0 * 0 0 0 0 1 0 0 0 0 0 0 0 0 0 0 1 0 </row>
            <row number="23">0 0 0 0 0 0 0 1 0 0 0 0 0 1 0 * 0 0 1 0 0 0 1 0 1 0 1 1 0 0 0 0 </row>
            <row number="24">0 0 0 0 0 0 0 0 0 0 0 0 0 0 0 * 0 1 0 0 0 1 0 1 * 0 1 0 1 0 0 0 </row>
            <row number="25">0 0 0 0 0 0 0 0 0 0 0 0 0 0 0 * 1 0 0 * * * * * * 1 0 0 1 0 0 1 </row>
            <row number="26">0 1 0 0 0 0 0 0 1 0 1 0 0 0 0 * * * * 0 1 1 0 0 0 0 0 0 0 0 0 1 </row>
            <row number="27">0 0 1 0 0 1 0 0 1 0 0 0 0 0 0 0 0 0 0 0 0 0 0 0 0 0 0 0 0 0 0 0 </row>
            <row number="28">1 0 0 1 1 0 0 0 0 0 0 1 0 0 0 1 0 0 0 1 0 0 0 0 0 0 0 0 0 1 1 1 </row>
            <row number="29">1 0 0 0 0 1 0 0 0 0 1 0 0 0 0 1 0 1 0 1 0 0 0 1 0 0 0 0 0 0 1 1 </row>
            <row number="30">1 1 0 1 0 0 1 1 0 1 0 1 1 0 0 0 0 0 1 0 0 0 0 0 0 0 0 1 0 0 0 0 </row>
            <row number="31">1 1 0 0 0 0 0 0 0 0 0 0 0 0 0 1 0 0 1 0 0 0 0 0 0 0 0 0 1 0 0 0 </row>
        </path>
        <agent id="0" start.x="0" start.y="5" goal.x="25" goal.y="24" size="0.5" movespeed="1" rotationspeed="1">
            <path pathfound="true" runtime="0.053277001" duration="57.967613">
                <section id="0" start.x="0" start.y="5" goal.x="0" goal.y="9" duration="4" g-value="4"/>
                <section id="1" start.x="0" start.y="9" goal.x="0" goal.y="9" duration="4.0702815" g-value="8.070282"/>
                <section id="2" start.x="0" start.y="9" goal.x="1" goal.y="9" duration="1" g-value="9.070282"/>
                <section id="3" start.x="1" start.y="9" goal.x="1" goal.y="11" duration="2" g-value="11.070282"/>
                <section id="4" start.x="1" start.y="11" goal.x="0" goal.y="12" duration="1.4142135" g-value="12.484495"/>
                <section id="5" start.x="0" start.y="12" goal.x="0" goal.y="14" duration="2" g-value="14.484495"/>
                <section id="6" start.x="0" start.y="14" goal.x="1" goal.y="15" duration="1.4142135" g-value="15.898708"/>
                <section id="7" start.x="1" start.y="15" goal.x="1" goal.y="15" duration="2.7304647" g-value="18.629173"/>
                <section id="8" start.x="1" start.y="15" goal.x="3" goal.y="15" duration="2" g-value="20.629173"/>
                <section id="9" start.x="3" start.y="15" goal.x="3" goal.y="15" duration="1.09" g-value="21.719173"/>
                <section id="10" start.x="3" start.y="15" goal.x="5" goal.y="18" duration="3.6055512" g-value="25.324724"/>
                <section id="11" start.x="5" start.y="18" goal.x="6" goal.y="18" duration="1" g-value="26.324724"/>
                <section id="12" start.x="6" start.y="18" goal.x="6" goal.y="18" duration="2.4618385" g-value="28.786564"/>
                <section id="13" start.x="6" start.y="18" goal.x="8" goal.y="18" duration="2" g-value="30.786564"/>
                <section id="14" start.x="8" start.y="18" goal.x="9" goal.y="19" duration="1.4142135" g-value="32.200775"/>
                <section id="15" start.x="9" start.y="19" goal.x="9" goal.y="20" duration="1" g-value="33.200775"/>
                <section id="16" start.x="9" start.y="20" goal.x="10" goal.y="20" duration="1" g-value="34.200775"/>
                <section id="17" start.x="10" start.y="20" goal.x="10" goal.y="20" duration="1.472064" g-value="35.67284"/>
                <section id="18" start.x="10" start.y="20" goal.x="10" goal.y="21" duration="1" g-value="36.67284"/>
                <section id="19" start.x="10" start.y="21" goal.x="14" goal.y="21" duration="4" g-value="40.67284"/>
                <section id="20" start.x="14" start.y="21" goal.x="15" goal.y="24" duration="3.1622777" g-value="43.835117"/>
                <section id="21" start.x="15" start.y="24" goal.x="15" goal.y="24" duration="0.89642513" g-value="44.731544"/>
                <section id="22" start.x="15" start.y="24" goal.x="15" goal.y="25" duration="1" g-value="45.731544"/>
                <section id="23" start.x="15" start.y="25" goal.x="15" goal.y="26" duration="1" g-value="46.731544"/>
                <section id="24" start.x="15" start.y="26" goal.x="17" goal.y="26" duration="2" g-value="48.731544"/>
                <section id="25" start.x="17" start.y="26" goal.x="19" goal.y="25" duration="2.236068" g-value="50.967613"/>
                <section id="26" start.x="19" start.y="25" goal.x="24" goal.y="25" duration="5" g-value="55.967613"/>
                <section id="27" start.x="24" start.y="25" goal.x="24" goal.y="24" duration="1" g-value="56.967613"/>
                <section id="28" start.x="24" start.y="24" goal.x="25" goal.y="24" duration="1" g-value="57.967613"/>
            </path>
        </agent>
    </log>
</root>
