<?xml version="1.0" ?>
<root>
    <log>
        <taskfilename>D:/GitHub/AA-SIPP_optimal_2019/Instances/32x32_20/128/136_task.xml</taskfilename>
        <mapfilename>32x32_20.xml</mapfilename>
        <configfilename>config.xml</configfilename>
        <obstaclesfilename>D:/GitHub/AA-SIPP_optimal_2019/Instances/32x32_20/128/136_task_obs.xml</obstaclesfilename>
        <summary runtime="0.067032903" tries="1" agentssolved="1 (100.000000%)" flowtime="51.079735" makespan="51.079735"/>
        <path>
            <row number="0">0 0 0 0 0 0 0 0 0 0 1 0 0 0 0 0 0 1 0 0 0 1 0 1 0 0 0 0 0 0 0 0 </row>
            <row number="1">1 0 0 0 1 0 1 1 0 0 0 0 0 0 0 0 0 0 0 1 0 1 0 0 0 1 0 0 0 0 0 0 </row>
            <row number="2">0 0 0 0 0 0 0 0 0 0 0 0 0 0 1 0 0 0 0 0 0 0 0 1 1 0 0 0 1 0 0 0 </row>
            <row number="3">0 0 0 0 0 1 0 1 0 0 0 0 0 0 0 0 0 0 1 0 0 0 0 0 0 0 0 0 0 1 0 0 </row>
            <row number="4">0 1 1 0 0 0 0 0 0 0 0 0 0 0 1 1 0 1 0 0 0 0 0 0 1 0 0 1 0 0 0 0 </row>
            <row number="5">0 0 0 0 0 0 1 0 0 1 0 1 0 0 1 1 0 0 0 0 0 0 1 0 0 0 0 1 0 0 1 1 </row>
            <row number="6">0 0 0 0 0 0 1 0 0 1 1 0 0 0 0 0 0 0 0 1 0 0 0 0 0 0 0 1 0 0 0 1 </row>
            <row number="7">0 1 0 0 0 1 0 0 0 0 0 0 0 0 0 0 0 0 0 0 0 1 1 0 0 0 1 0 0 1 0 0 </row>
            <row number="8">0 0 0 0 0 0 1 0 0 0 0 0 0 0 0 0 1 0 0 0 0 0 0 0 1 0 1 0 0 0 0 0 </row>
            <row number="9">0 0 1 0 1 0 0 0 0 0 0 0 0 0 0 0 0 1 0 1 0 0 0 0 0 0 0 1 1 0 0 0 </row>
            <row number="10">1 0 1 0 0 0 0 0 0 0 0 0 1 0 1 0 0 0 0 0 0 0 1 0 0 0 1 0 0 0 0 0 </row>
            <row number="11">0 * * * 0 0 0 0 0 0 0 0 1 0 0 0 0 0 1 0 1 0 1 0 0 0 0 0 0 0 1 0 </row>
            <row number="12">* 0 1 * 0 0 0 0 1 0 1 0 1 1 0 1 0 0 0 0 0 0 0 0 0 0 1 0 0 0 0 0 </row>
            <row number="13">* 1 0 0 * * * * * 0 0 0 0 0 0 0 0 0 1 0 1 0 0 0 0 0 1 0 0 0 1 0 </row>
            <row number="14">* 0 0 1 1 1 0 0 0 0 0 0 0 1 0 0 0 0 0 0 0 0 0 1 0 0 0 0 0 0 0 0 </row>
            <row number="15">0 * * * 0 0 0 0 1 0 0 0 0 1 0 1 0 1 0 0 1 0 0 0 0 0 0 0 0 0 0 0 </row>
            <row number="16">0 0 1 * 0 0 1 0 0 0 0 0 0 0 0 1 0 0 0 0 1 0 0 1 1 1 0 0 0 0 1 0 </row>
            <row number="17">0 1 0 * 0 0 0 0 1 1 1 0 0 1 0 1 0 0 1 0 1 0 0 1 1 0 0 0 0 1 1 1 </row>
            <row number="18">1 0 0 0 * 0 0 0 0 0 1 0 0 0 0 0 0 0 0 1 0 0 1 0 0 0 0 0 0 1 1 1 </row>
            <row number="19">0 0 0 0 * 0 1 0 0 0 1 0 0 1 0 0 1 0 1 0 0 0 1 0 0 0 1 0 0 0 0 0 </row>
            <row number="20">0 1 0 1 * 0 0 0 0 0 0 0 1 0 0 0 0 0 0 0 0 0 1 1 0 1 0 0 0 1 0 0 </row>
            <row number="21">0 0 0 * * 0 0 1 0 1 0 0 0 0 0 0 0 0 1 0 0 1 1 1 0 0 1 1 1 0 0 0 </row>
            <row number="22">0 0 1 * 1 0 0 1 0 0 0 0 1 0 0 0 0 0 0 1 0 0 0 0 0 0 0 0 0 0 1 0 </row>
            <row number="23">0 0 0 * 0 0 0 1 0 0 0 0 0 1 0 0 0 0 1 0 0 0 1 0 1 0 1 1 0 0 0 0 </row>
            <row number="24">0 0 0 0 * * * 0 0 0 0 0 0 0 0 0 0 1 0 0 0 1 0 1 0 0 1 0 1 0 0 0 </row>
            <row number="25">0 0 0 0 0 0 * 0 0 0 0 0 0 0 0 0 1 * * 0 0 0 0 0 0 1 0 0 1 0 0 1 </row>
            <row number="26">0 1 0 0 0 0 0 * 1 0 1 0 0 * * * * * 0 * 1 1 0 0 0 0 0 0 0 0 0 1 </row>
            <row number="27">0 0 1 0 0 1 0 * 1 0 * * * 0 0 0 0 0 0 0 0 0 0 0 0 0 0 0 0 0 0 0 </row>
            <row number="28">1 0 0 1 1 0 0 * * * * 1 0 0 0 1 0 0 0 1 0 0 0 0 0 0 0 0 0 1 1 1 </row>
            <row number="29">1 0 0 0 0 1 0 0 0 0 1 0 0 0 0 1 0 1 0 1 0 0 0 1 0 0 0 0 0 0 1 1 </row>
            <row number="30">1 1 0 1 0 0 1 1 0 1 0 1 1 0 0 0 0 0 1 0 0 0 0 0 0 0 0 1 0 0 0 0 </row>
            <row number="31">1 1 0 0 0 0 0 0 0 0 0 0 0 0 0 1 0 0 1 0 0 0 0 0 0 0 0 0 1 0 0 0 </row>
        </path>
        <agent id="0" start.x="19" start.y="26" goal.x="9" goal.y="13" size="0.5" movespeed="1" rotationspeed="1">
            <path pathfound="true" runtime="0.064122804" duration="51.079735">
                <section id="0" start.x="19" start.y="26" goal.x="19" goal.y="26" duration="0.49000001" g-value="0.49000001"/>
                <section id="1" start.x="19" start.y="26" goal.x="18" goal.y="25" duration="1.4142135" g-value="1.9042135"/>
                <section id="2" start.x="18" start.y="25" goal.x="17" goal.y="25" duration="1" g-value="2.9042137"/>
                <section id="3" start.x="17" start.y="25" goal.x="17" goal.y="25" duration="0.92999983" g-value="3.8342133"/>
                <section id="4" start.x="17" start.y="25" goal.x="17" goal.y="26" duration="1" g-value="4.8342133"/>
                <section id="5" start.x="17" start.y="26" goal.x="15" goal.y="26" duration="2" g-value="6.8342133"/>
                <section id="6" start.x="15" start.y="26" goal.x="15" goal.y="26" duration="2.052681" g-value="8.8868942"/>
                <section id="7" start.x="15" start.y="26" goal.x="11" goal.y="27" duration="4.1231055" g-value="13.01"/>
                <section id="8" start.x="11" start.y="27" goal.x="10" goal.y="27" duration="1" g-value="14.01"/>
                <section id="9" start.x="10" start.y="27" goal.x="10" goal.y="28" duration="1" g-value="15.01"/>
                <section id="10" start.x="10" start.y="28" goal.x="10" goal.y="28" duration="0.41" g-value="15.42"/>
                <section id="11" start.x="10" start.y="28" goal.x="7" goal.y="28" duration="3" g-value="18.42"/>
                <section id="12" start.x="7" start.y="28" goal.x="6" goal.y="24" duration="4.1231055" g-value="22.543106"/>
                <section id="13" start.x="6" start.y="24" goal.x="5" goal.y="24" duration="1" g-value="23.543106"/>
                <section id="14" start.x="5" start.y="24" goal.x="3" goal.y="23" duration="2.236068" g-value="25.779173"/>
                <section id="15" start.x="3" start.y="23" goal.x="3" goal.y="21" duration="2" g-value="27.779173"/>
                <section id="16" start.x="3" start.y="21" goal.x="4" goal.y="21" duration="1" g-value="28.779173"/>
                <section id="17" start.x="4" start.y="21" goal.x="4" goal.y="19" duration="2" g-value="30.779173"/>
                <section id="18" start.x="4" start.y="19" goal.x="3" goal.y="17" duration="2.236068" g-value="33.01524"/>
                <section id="19" start.x="3" start.y="17" goal.x="3" goal.y="15" duration="2" g-value="35.01524"/>
                <section id="20" start.x="3" start.y="15" goal.x="1" goal.y="15" duration="2" g-value="37.01524"/>
                <section id="21" start.x="1" start.y="15" goal.x="0" goal.y="14" duration="1.4142135" g-value="38.429455"/>
                <section id="22" start.x="0" start.y="14" goal.x="0" goal.y="12" duration="2" g-value="40.429455"/>
                <section id="23" start.x="0" start.y="12" goal.x="1" goal.y="11" duration="1.4142135" g-value="41.84367"/>
                <section id="24" start.x="1" start.y="11" goal.x="3" goal.y="11" duration="2" g-value="43.84367"/>
                <section id="25" start.x="3" start.y="11" goal.x="4" goal.y="13" duration="2.236068" g-value="46.079735"/>
                <section id="26" start.x="4" start.y="13" goal.x="9" goal.y="13" duration="5" g-value="51.079735"/>
            </path>
        </agent>
    </log>
</root>
