<?xml version="1.0" ?>
<root>
    <log>
        <taskfilename>D:/GitHub/AA-SIPP_optimal_2019/Instances/32x32_20/128/137_task.xml</taskfilename>
        <mapfilename>32x32_20.xml</mapfilename>
        <configfilename>config.xml</configfilename>
        <obstaclesfilename>D:/GitHub/AA-SIPP_optimal_2019/Instances/32x32_20/128/137_task_obs.xml</obstaclesfilename>
        <summary runtime="0.028045701" tries="1" agentssolved="1 (100.000000%)" flowtime="42.733707" makespan="42.733707"/>
        <path>
            <row number="0">0 0 0 0 0 0 0 0 0 0 1 0 0 0 0 0 0 1 0 0 0 1 0 1 0 0 0 0 0 0 0 0 </row>
            <row number="1">1 0 0 0 1 0 1 1 0 0 0 0 0 0 0 0 0 0 0 1 0 1 0 0 0 1 0 * * * 0 0 </row>
            <row number="2">0 0 0 0 0 0 0 0 0 0 0 0 0 0 1 0 0 0 0 0 0 0 0 1 1 * * 0 1 * 0 0 </row>
            <row number="3">0 0 0 0 0 1 0 1 0 0 0 0 0 0 0 0 0 0 1 0 0 0 0 0 0 * 0 0 0 1 0 0 </row>
            <row number="4">0 1 1 0 0 0 0 0 0 0 0 0 0 0 1 1 0 1 0 0 0 0 0 0 1 * 0 1 0 0 0 0 </row>
            <row number="5">0 0 0 0 0 0 1 0 0 1 0 1 0 0 1 1 0 0 0 0 0 * 1 0 * * 0 1 0 0 1 1 </row>
            <row number="6">0 0 0 0 0 0 1 0 0 1 1 0 0 0 0 0 0 0 0 1 * * * * 0 0 0 1 0 0 0 1 </row>
            <row number="7">0 1 0 0 0 1 0 0 0 0 0 0 0 0 0 0 0 0 0 0 * 1 1 0 0 0 1 0 0 1 0 0 </row>
            <row number="8">0 0 0 0 0 0 1 0 0 0 0 0 0 0 0 0 1 0 0 0 * 0 0 0 1 0 1 0 0 0 0 0 </row>
            <row number="9">0 0 1 0 1 0 0 0 0 0 0 0 0 * * * 0 1 0 1 * 0 0 0 0 0 0 1 1 0 0 0 </row>
            <row number="10">1 0 1 0 0 0 0 0 0 0 0 0 1 * 1 0 * * * * * 0 1 0 0 0 1 0 0 0 0 0 </row>
            <row number="11">0 0 0 0 0 0 0 0 0 0 0 0 1 * * 0 0 0 1 0 1 0 1 0 0 0 0 0 0 0 1 0 </row>
            <row number="12">0 0 1 0 0 0 0 0 1 0 1 0 1 1 * 1 0 0 0 0 0 0 0 0 0 0 1 0 0 0 0 0 </row>
            <row number="13">0 1 0 0 0 0 0 0 0 0 0 0 0 0 * 0 0 0 1 0 1 0 0 0 0 0 1 0 0 0 1 0 </row>
            <row number="14">0 0 0 1 1 1 0 0 0 0 0 0 0 1 0 0 0 0 0 0 0 0 0 1 0 0 0 0 0 0 0 0 </row>
            <row number="15">0 0 0 0 0 0 0 0 1 0 0 0 0 1 0 1 0 1 0 0 1 0 0 0 0 0 0 0 0 0 0 0 </row>
            <row number="16">0 0 1 0 0 0 1 0 0 0 0 0 0 0 0 1 0 0 0 0 1 0 0 1 1 1 0 0 0 0 1 0 </row>
            <row number="17">0 1 0 0 0 0 0 0 1 1 1 0 0 1 0 1 0 0 1 0 1 0 0 1 1 0 0 0 0 1 1 1 </row>
            <row number="18">1 0 0 0 0 0 0 0 0 0 1 0 0 0 0 0 0 0 0 1 0 0 1 0 0 0 0 0 0 1 1 1 </row>
            <row number="19">0 0 0 0 0 0 1 0 0 0 1 0 0 1 0 0 1 0 1 0 0 0 1 0 0 0 1 0 0 0 0 0 </row>
            <row number="20">0 1 0 1 0 0 0 0 0 0 0 0 1 0 0 0 0 0 0 0 0 0 1 1 0 1 0 0 0 1 0 0 </row>
            <row number="21">0 0 0 0 0 0 0 1 0 1 0 0 0 0 0 0 0 0 1 0 0 1 1 1 0 0 1 1 1 0 0 0 </row>
            <row number="22">0 0 1 0 1 0 0 1 0 0 0 0 1 0 0 0 0 0 0 1 0 0 0 0 0 0 0 0 0 0 1 0 </row>
            <row number="23">0 0 0 0 0 0 0 1 0 0 0 0 0 1 0 0 0 0 1 0 0 0 1 0 1 0 1 1 0 0 0 0 </row>
            <row number="24">0 0 0 0 0 0 0 0 0 0 0 0 0 0 0 0 0 1 0 0 0 1 0 1 0 0 1 0 1 0 0 0 </row>
            <row number="25">0 0 0 0 0 0 0 0 0 0 0 0 0 0 0 0 1 0 0 0 0 0 0 0 0 1 0 0 1 0 0 1 </row>
            <row number="26">0 1 0 0 0 0 0 0 1 0 1 0 0 0 0 0 0 0 0 0 1 1 0 0 0 0 0 0 0 0 0 1 </row>
            <row number="27">0 0 1 0 0 1 0 0 1 0 0 0 0 0 0 0 0 0 0 0 0 0 0 0 0 0 0 0 0 0 0 0 </row>
            <row number="28">1 0 0 1 1 0 0 0 0 0 0 1 0 0 0 1 0 0 0 1 0 0 0 0 0 0 0 0 0 1 1 1 </row>
            <row number="29">1 0 0 0 0 1 0 0 0 0 1 0 0 0 0 1 0 1 0 1 0 0 0 1 0 0 0 0 0 0 1 1 </row>
            <row number="30">1 1 0 1 0 0 1 1 0 1 0 1 1 0 0 0 0 0 1 0 0 0 0 0 0 0 0 1 0 0 0 0 </row>
            <row number="31">1 1 0 0 0 0 0 0 0 0 0 0 0 0 0 1 0 0 1 0 0 0 0 0 0 0 0 0 1 0 0 0 </row>
        </path>
        <agent id="0" start.x="29" start.y="2" goal.x="13" goal.y="13" size="0.5" movespeed="1" rotationspeed="1">
            <path pathfound="true" runtime="0.026102699" duration="42.733707">
                <section id="0" start.x="29" start.y="2" goal.x="29" goal.y="1" duration="1" g-value="1"/>
                <section id="1" start.x="29" start.y="1" goal.x="27" goal.y="1" duration="2" g-value="3"/>
                <section id="2" start.x="27" start.y="1" goal.x="26" goal.y="2" duration="1.4142135" g-value="4.4142137"/>
                <section id="3" start.x="26" start.y="2" goal.x="25" goal.y="2" duration="1" g-value="5.4142137"/>
                <section id="4" start.x="25" start.y="2" goal.x="25" goal.y="2" duration="6.5822778" g-value="11.996491"/>
                <section id="5" start.x="25" start.y="2" goal.x="25" goal.y="5" duration="3" g-value="14.996491"/>
                <section id="6" start.x="25" start.y="5" goal.x="23" goal.y="6" duration="2.236068" g-value="17.232559"/>
                <section id="7" start.x="23" start.y="6" goal.x="21" goal.y="6" duration="2" g-value="19.232559"/>
                <section id="8" start.x="21" start.y="6" goal.x="21" goal.y="5" duration="1" g-value="20.232559"/>
                <section id="9" start.x="21" start.y="5" goal.x="21" goal.y="5" duration="2.7569358" g-value="22.989494"/>
                <section id="10" start.x="21" start.y="5" goal.x="20" goal.y="6" duration="1.4142135" g-value="24.403709"/>
                <section id="11" start.x="20" start.y="6" goal.x="20" goal.y="6" duration="0.49578634" g-value="24.899494"/>
                <section id="12" start.x="20" start.y="6" goal.x="20" goal.y="8" duration="2" g-value="26.899494"/>
                <section id="13" start.x="20" start.y="8" goal.x="20" goal.y="8" duration="0.42000008" g-value="27.319494"/>
                <section id="14" start.x="20" start.y="8" goal.x="20" goal.y="10" duration="2" g-value="29.319494"/>
                <section id="15" start.x="20" start.y="10" goal.x="16" goal.y="10" duration="4" g-value="33.319496"/>
                <section id="16" start.x="16" start.y="10" goal.x="15" goal.y="9" duration="1.4142135" g-value="34.733707"/>
                <section id="17" start.x="15" start.y="9" goal.x="13" goal.y="9" duration="2" g-value="36.733707"/>
                <section id="18" start.x="13" start.y="9" goal.x="13" goal.y="11" duration="2" g-value="38.733707"/>
                <section id="19" start.x="13" start.y="11" goal.x="14" goal.y="11" duration="1" g-value="39.733707"/>
                <section id="20" start.x="14" start.y="11" goal.x="14" goal.y="13" duration="2" g-value="41.733707"/>
                <section id="21" start.x="14" start.y="13" goal.x="13" goal.y="13" duration="1" g-value="42.733707"/>
            </path>
        </agent>
    </log>
</root>
