<?xml version="1.0" ?>
<root>
    <log>
        <taskfilename>D:/GitHub/AA-SIPP_optimal_2019/Instances/32x32_20/128/140_task.xml</taskfilename>
        <mapfilename>32x32_20.xml</mapfilename>
        <configfilename>config.xml</configfilename>
        <obstaclesfilename>D:/GitHub/AA-SIPP_optimal_2019/Instances/32x32_20/128/140_task_obs.xml</obstaclesfilename>
        <summary runtime="0.0353981" tries="1" agentssolved="1 (100.000000%)" flowtime="45.185734" makespan="45.185734"/>
        <path>
            <row number="0">0 0 0 0 0 0 0 0 0 0 1 0 0 0 0 0 0 1 0 0 0 1 0 1 0 0 0 0 0 0 0 0 </row>
            <row number="1">1 0 0 0 1 0 1 1 0 0 0 0 0 * * * * 0 0 1 0 1 0 0 0 1 0 0 0 0 0 0 </row>
            <row number="2">0 0 0 0 0 0 0 0 0 0 0 0 * * 1 0 0 * * * 0 0 0 1 1 0 0 0 1 0 0 0 </row>
            <row number="3">0 0 0 0 0 1 0 1 0 0 * * 0 0 0 0 0 0 1 0 * * 0 0 0 0 0 0 0 1 0 0 </row>
            <row number="4">0 1 1 0 0 0 0 0 * * 0 0 0 0 1 1 0 1 0 0 0 0 * * 1 0 0 1 0 0 0 0 </row>
            <row number="5">0 0 0 0 0 0 1 0 * 1 0 1 0 0 1 1 0 0 0 0 0 0 1 * 0 0 0 1 0 0 1 1 </row>
            <row number="6">0 0 0 0 0 0 1 0 * 1 1 0 0 0 0 0 0 0 0 1 0 0 0 0 * 0 0 1 0 0 0 1 </row>
            <row number="7">0 1 0 0 0 1 0 0 * 0 0 0 0 0 0 0 0 0 0 0 0 1 1 0 0 * 1 0 0 1 0 0 </row>
            <row number="8">0 0 0 0 0 0 1 0 * 0 0 0 0 0 0 0 1 0 0 0 0 0 0 0 1 * 1 0 0 0 0 0 </row>
            <row number="9">0 0 1 0 1 0 0 0 0 0 0 0 0 0 0 0 0 1 0 1 0 0 0 0 0 * 0 1 1 0 0 0 </row>
            <row number="10">1 0 1 0 0 0 0 0 0 0 0 0 1 0 1 0 0 0 0 0 0 0 1 0 0 * 1 0 0 0 0 0 </row>
            <row number="11">0 0 0 0 0 0 0 0 0 0 0 0 1 0 0 0 0 0 1 0 1 0 1 0 0 * * * * 0 1 0 </row>
            <row number="12">0 0 1 0 0 0 0 0 1 0 1 0 1 1 0 1 0 0 0 0 0 0 0 0 0 0 1 0 0 * 0 0 </row>
            <row number="13">0 1 0 0 0 0 0 0 0 0 0 0 0 0 0 0 0 0 1 0 1 0 0 0 0 0 1 0 * 0 1 0 </row>
            <row number="14">0 0 0 1 1 1 0 0 0 0 0 0 0 1 0 0 0 0 0 0 0 0 0 1 0 0 0 0 * 0 0 0 </row>
            <row number="15">0 0 0 0 0 0 0 0 1 0 0 0 0 1 0 1 0 1 0 0 1 0 0 0 0 0 0 0 * 0 0 0 </row>
            <row number="16">0 0 1 0 0 0 1 0 0 0 0 0 0 0 0 1 0 0 0 0 1 0 0 1 1 1 0 * 0 0 1 0 </row>
            <row number="17">0 1 0 0 0 0 0 0 1 1 1 0 0 1 0 1 0 0 1 0 1 0 0 1 1 0 * 0 0 1 1 1 </row>
            <row number="18">1 0 0 0 0 0 0 0 0 0 1 0 0 0 0 0 0 0 0 1 0 0 1 0 0 0 * 0 0 1 1 1 </row>
            <row number="19">0 0 0 0 0 0 1 0 0 0 1 0 0 1 0 0 1 0 1 0 0 0 1 0 0 0 1 0 0 0 0 0 </row>
            <row number="20">0 1 0 1 0 0 0 0 0 0 0 0 1 0 0 0 0 0 0 0 0 0 1 1 0 1 0 0 0 1 0 0 </row>
            <row number="21">0 0 0 0 0 0 0 1 0 1 0 0 0 0 0 0 0 0 1 0 0 1 1 1 0 0 1 1 1 0 0 0 </row>
            <row number="22">0 0 1 0 1 0 0 1 0 0 0 0 1 0 0 0 0 0 0 1 0 0 0 0 0 0 0 0 0 0 1 0 </row>
            <row number="23">0 0 0 0 0 0 0 1 0 0 0 0 0 1 0 0 0 0 1 0 0 0 1 0 1 0 1 1 0 0 0 0 </row>
            <row number="24">0 0 0 0 0 0 0 0 0 0 0 0 0 0 0 0 0 1 0 0 0 1 0 1 0 0 1 0 1 0 0 0 </row>
            <row number="25">0 0 0 0 0 0 0 0 0 0 0 0 0 0 0 0 1 0 0 0 0 0 0 0 0 1 0 0 1 0 0 1 </row>
            <row number="26">0 1 0 0 0 0 0 0 1 0 1 0 0 0 0 0 0 0 0 0 1 1 0 0 0 0 0 0 0 0 0 1 </row>
            <row number="27">0 0 1 0 0 1 0 0 1 0 0 0 0 0 0 0 0 0 0 0 0 0 0 0 0 0 0 0 0 0 0 0 </row>
            <row number="28">1 0 0 1 1 0 0 0 0 0 0 1 0 0 0 1 0 0 0 1 0 0 0 0 0 0 0 0 0 1 1 1 </row>
            <row number="29">1 0 0 0 0 1 0 0 0 0 1 0 0 0 0 1 0 1 0 1 0 0 0 1 0 0 0 0 0 0 1 1 </row>
            <row number="30">1 1 0 1 0 0 1 1 0 1 0 1 1 0 0 0 0 0 1 0 0 0 0 0 0 0 0 1 0 0 0 0 </row>
            <row number="31">1 1 0 0 0 0 0 0 0 0 0 0 0 0 0 1 0 0 1 0 0 0 0 0 0 0 0 0 1 0 0 0 </row>
        </path>
        <agent id="0" start.x="26" start.y="18" goal.x="8" goal.y="9" size="0.5" movespeed="1" rotationspeed="1">
            <path pathfound="true" runtime="0.033135001" duration="45.185734">
                <section id="0" start.x="26" start.y="18" goal.x="26" goal.y="17" duration="1" g-value="1"/>
                <section id="1" start.x="26" start.y="17" goal.x="26" goal.y="17" duration="0.0099999998" g-value="1.01"/>
                <section id="2" start.x="26" start.y="17" goal.x="28" goal.y="15" duration="2.8284271" g-value="3.8384271"/>
                <section id="3" start.x="28" start.y="15" goal.x="28" goal.y="13" duration="2" g-value="5.8384271"/>
                <section id="4" start.x="28" start.y="13" goal.x="29" goal.y="12" duration="1.4142135" g-value="7.2526407"/>
                <section id="5" start.x="29" start.y="12" goal.x="28" goal.y="11" duration="1.4142135" g-value="8.6668539"/>
                <section id="6" start.x="28" start.y="11" goal.x="28" goal.y="11" duration="2.1328557" g-value="10.79971"/>
                <section id="7" start.x="28" start.y="11" goal.x="25" goal.y="11" duration="3" g-value="13.79971"/>
                <section id="8" start.x="25" start.y="11" goal.x="25" goal.y="7" duration="4" g-value="17.799709"/>
                <section id="9" start.x="25" start.y="7" goal.x="23" goal.y="5" duration="2.8284271" g-value="20.628138"/>
                <section id="10" start.x="23" start.y="5" goal.x="23" goal.y="4" duration="1" g-value="21.628138"/>
                <section id="11" start.x="23" start.y="4" goal.x="22" goal.y="4" duration="1" g-value="22.628138"/>
                <section id="12" start.x="22" start.y="4" goal.x="19" goal.y="2" duration="3.6055512" g-value="26.233688"/>
                <section id="13" start.x="19" start.y="2" goal.x="18" goal.y="2" duration="1" g-value="27.233688"/>
                <section id="14" start.x="18" start.y="2" goal.x="15" goal.y="1" duration="3.1622777" g-value="30.395966"/>
                <section id="15" start.x="15" start.y="1" goal.x="13" goal.y="1" duration="2" g-value="32.395966"/>
                <section id="16" start.x="13" start.y="1" goal.x="13" goal.y="2" duration="1" g-value="33.395966"/>
                <section id="17" start.x="13" start.y="2" goal.x="13" goal.y="2" duration="1.3176321" g-value="34.713596"/>
                <section id="18" start.x="13" start.y="2" goal.x="9" goal.y="4" duration="4.472136" g-value="39.185734"/>
                <section id="19" start.x="9" start.y="4" goal.x="8" goal.y="4" duration="1" g-value="40.185734"/>
                <section id="20" start.x="8" start.y="4" goal.x="8" goal.y="9" duration="5" g-value="45.185734"/>
            </path>
        </agent>
    </log>
</root>
