<?xml version="1.0" ?>
<root>
    <log>
        <taskfilename>D:/GitHub/AA-SIPP_optimal_2019/Instances/32x32_20/128/142_task.xml</taskfilename>
        <mapfilename>32x32_20.xml</mapfilename>
        <configfilename>config.xml</configfilename>
        <obstaclesfilename>D:/GitHub/AA-SIPP_optimal_2019/Instances/32x32_20/128/142_task_obs.xml</obstaclesfilename>
        <summary runtime="0.0107823" tries="1" agentssolved="1 (100.000000%)" flowtime="27.559414" makespan="27.559414"/>
        <path>
            <row number="0">0 0 0 0 0 0 0 0 0 0 1 0 0 0 0 0 0 1 0 0 0 1 0 1 0 0 0 0 0 0 0 0 </row>
            <row number="1">1 0 0 0 1 0 1 1 0 0 0 0 0 0 0 0 0 0 0 1 0 1 0 0 0 1 0 0 0 0 0 0 </row>
            <row number="2">0 0 0 0 0 0 0 0 0 0 0 0 0 0 1 0 0 0 0 0 0 0 0 1 1 0 0 0 1 0 0 0 </row>
            <row number="3">0 0 0 0 0 1 0 1 0 0 0 0 0 0 0 0 0 0 1 0 0 0 0 0 0 0 0 0 0 1 0 0 </row>
            <row number="4">0 1 1 0 0 0 0 0 0 0 0 0 0 0 1 1 0 1 0 0 0 0 0 0 1 0 0 1 0 0 0 0 </row>
            <row number="5">0 0 0 0 0 0 1 0 0 1 0 1 0 0 1 1 0 0 0 0 0 0 1 0 0 0 0 1 0 0 1 1 </row>
            <row number="6">0 0 0 0 0 0 1 0 0 1 1 0 0 0 0 0 0 0 0 1 0 0 0 0 0 0 0 1 0 0 0 1 </row>
            <row number="7">0 1 0 0 0 1 0 0 0 0 0 0 0 0 0 0 0 0 0 0 0 1 1 0 0 0 1 0 0 1 0 0 </row>
            <row number="8">0 0 0 0 0 0 1 0 0 0 0 0 0 0 0 0 1 0 0 0 0 0 0 0 1 0 1 0 0 0 0 0 </row>
            <row number="9">0 0 1 0 1 0 0 0 0 0 0 0 0 0 0 0 0 1 0 1 0 0 0 0 0 0 0 1 1 0 0 0 </row>
            <row number="10">1 0 1 0 0 0 0 0 0 0 0 0 1 0 1 0 0 0 0 0 0 0 1 0 0 0 1 0 0 0 0 0 </row>
            <row number="11">0 0 0 0 0 0 0 0 0 0 0 0 1 0 0 0 0 0 1 * 1 0 1 0 0 0 0 0 0 0 1 0 </row>
            <row number="12">0 0 1 0 0 0 0 0 1 0 1 0 1 1 0 1 0 0 0 * 0 0 0 0 0 0 1 0 0 0 0 0 </row>
            <row number="13">0 1 0 0 0 0 0 0 0 0 0 0 0 0 0 0 0 0 1 * 1 0 0 0 0 0 1 0 0 0 1 0 </row>
            <row number="14">0 0 0 1 1 1 0 0 0 0 0 0 0 1 0 0 0 0 0 * 0 0 0 1 0 0 0 0 0 0 0 0 </row>
            <row number="15">0 0 0 0 0 0 0 0 1 0 0 0 0 1 0 1 0 1 0 * 1 0 0 0 0 0 0 0 0 0 0 0 </row>
            <row number="16">0 0 1 0 0 0 1 0 0 0 0 0 0 0 0 1 0 * * 0 1 0 0 1 1 1 0 0 0 0 1 0 </row>
            <row number="17">0 1 0 0 0 0 0 0 1 1 1 0 0 1 0 1 0 * 1 0 1 0 0 1 1 0 0 0 0 1 1 1 </row>
            <row number="18">1 0 0 0 0 0 0 0 0 0 1 0 0 0 0 0 0 * 0 1 0 0 1 0 0 0 0 0 0 1 1 1 </row>
            <row number="19">0 0 0 0 0 0 1 0 0 0 1 0 0 1 0 0 1 * 1 0 0 0 1 0 0 0 1 0 0 0 0 0 </row>
            <row number="20">0 1 0 1 0 0 0 0 0 0 0 0 1 0 0 0 0 * 0 0 0 0 1 1 0 1 0 0 0 1 0 0 </row>
            <row number="21">0 0 0 0 0 0 0 1 0 1 0 0 0 0 0 0 0 * 1 0 0 1 1 1 0 0 1 1 1 0 0 0 </row>
            <row number="22">0 0 1 0 1 0 0 1 0 0 0 0 1 0 0 0 * 0 0 1 0 0 0 0 0 0 0 0 0 0 1 0 </row>
            <row number="23">0 0 0 0 0 0 0 1 0 0 0 0 0 1 * * * 0 1 0 0 0 1 0 1 0 1 1 0 0 0 0 </row>
            <row number="24">0 0 0 0 0 0 0 0 0 0 0 0 * * * 0 0 1 0 0 0 1 0 1 0 0 1 0 1 0 0 0 </row>
            <row number="25">0 0 0 0 0 0 0 0 0 0 0 * 0 0 0 0 1 0 0 0 0 0 0 0 0 1 0 0 1 0 0 1 </row>
            <row number="26">0 1 0 0 0 0 0 0 1 0 1 * 0 0 0 0 0 0 0 0 1 1 0 0 0 0 0 0 0 0 0 1 </row>
            <row number="27">0 0 1 0 0 1 0 0 1 0 0 0 * 0 0 0 0 0 0 0 0 0 0 0 0 0 0 0 0 0 0 0 </row>
            <row number="28">1 0 0 1 1 0 0 0 0 0 0 1 0 0 0 1 0 0 0 1 0 0 0 0 0 0 0 0 0 1 1 1 </row>
            <row number="29">1 0 0 0 0 1 0 0 0 0 1 0 0 0 0 1 0 1 0 1 0 0 0 1 0 0 0 0 0 0 1 1 </row>
            <row number="30">1 1 0 1 0 0 1 1 0 1 0 1 1 0 0 0 0 0 1 0 0 0 0 0 0 0 0 1 0 0 0 0 </row>
            <row number="31">1 1 0 0 0 0 0 0 0 0 0 0 0 0 0 1 0 0 1 0 0 0 0 0 0 0 0 0 1 0 0 0 </row>
        </path>
        <agent id="0" start.x="19" start.y="11" goal.x="12" goal.y="28" size="0.5" movespeed="1" rotationspeed="1">
            <path pathfound="true" runtime="0.0091757001" duration="27.559414">
                <section id="0" start.x="19" start.y="11" goal.x="19" goal.y="15" duration="4" g-value="4"/>
                <section id="1" start.x="19" start.y="15" goal.x="19" goal.y="15" duration="0.0099999998" g-value="4.0100002"/>
                <section id="2" start.x="19" start.y="15" goal.x="18" goal.y="16" duration="1.4142135" g-value="5.4242134"/>
                <section id="3" start.x="18" start.y="16" goal.x="17" goal.y="16" duration="1" g-value="6.4242134"/>
                <section id="4" start.x="17" start.y="16" goal.x="17" goal.y="16" duration="0.057922415" g-value="6.4821358"/>
                <section id="5" start.x="17" start.y="16" goal.x="17" goal.y="17" duration="1" g-value="7.4821358"/>
                <section id="6" start.x="17" start.y="17" goal.x="17" goal.y="17" duration="0.0099999998" g-value="7.492136"/>
                <section id="7" start.x="17" start.y="17" goal.x="17" goal.y="20" duration="3" g-value="10.492136"/>
                <section id="8" start.x="17" start.y="20" goal.x="16" goal.y="23" duration="3.1622777" g-value="13.654413"/>
                <section id="9" start.x="16" start.y="23" goal.x="16" goal.y="23" duration="0.58999997" g-value="14.244413"/>
                <section id="10" start.x="16" start.y="23" goal.x="14" goal.y="23" duration="2" g-value="16.244413"/>
                <section id="11" start.x="14" start.y="23" goal.x="14" goal.y="23" duration="2.1506445" g-value="18.395058"/>
                <section id="12" start.x="14" start.y="23" goal.x="14" goal.y="24" duration="1" g-value="19.395058"/>
                <section id="13" start.x="14" start.y="24" goal.x="12" goal.y="24" duration="2" g-value="21.395058"/>
                <section id="14" start.x="12" start.y="24" goal.x="12" goal.y="24" duration="0.25" g-value="21.645058"/>
                <section id="15" start.x="12" start.y="24" goal.x="11" goal.y="25" duration="1.4142135" g-value="23.059271"/>
                <section id="16" start.x="11" start.y="25" goal.x="11" goal.y="26" duration="1" g-value="24.059271"/>
                <section id="17" start.x="11" start.y="26" goal.x="11" goal.y="26" duration="1.0859282" g-value="25.145201"/>
                <section id="18" start.x="11" start.y="26" goal.x="12" goal.y="27" duration="1.4142135" g-value="26.559414"/>
                <section id="19" start.x="12" start.y="27" goal.x="12" goal.y="28" duration="1" g-value="27.559414"/>
            </path>
        </agent>
    </log>
</root>
