<?xml version="1.0" ?>
<root>
    <log>
        <taskfilename>D:/GitHub/AA-SIPP_optimal_2019/Instances/32x32_20/128/145_task.xml</taskfilename>
        <mapfilename>32x32_20.xml</mapfilename>
        <configfilename>config.xml</configfilename>
        <obstaclesfilename>D:/GitHub/AA-SIPP_optimal_2019/Instances/32x32_20/128/145_task_obs.xml</obstaclesfilename>
        <summary runtime="0.0115751" tries="1" agentssolved="1 (100.000000%)" flowtime="43.611629" makespan="43.611629"/>
        <path>
            <row number="0">0 0 0 0 0 0 0 0 0 0 1 0 0 0 0 0 0 1 0 0 0 1 0 1 0 0 0 0 0 0 0 0 </row>
            <row number="1">1 0 0 0 1 0 1 1 0 0 0 0 0 0 0 0 0 0 0 1 0 1 0 0 0 1 0 0 0 0 0 0 </row>
            <row number="2">0 0 0 0 0 0 0 0 0 0 0 0 0 0 1 0 0 0 0 0 0 0 0 1 1 0 0 0 1 0 0 0 </row>
            <row number="3">0 0 0 0 0 1 0 1 0 0 0 0 0 0 0 0 0 0 1 0 0 0 0 0 0 0 0 0 0 1 0 0 </row>
            <row number="4">0 1 1 0 0 0 0 0 * 0 0 0 0 0 1 1 0 1 0 0 0 0 0 0 1 0 0 1 0 0 0 0 </row>
            <row number="5">0 0 0 0 0 0 1 0 * 1 0 1 0 0 1 1 0 0 0 0 0 0 1 0 0 0 0 1 0 0 1 1 </row>
            <row number="6">0 0 0 0 0 0 1 * 0 1 1 0 0 0 0 0 0 0 0 1 0 0 0 0 0 0 0 1 0 0 0 1 </row>
            <row number="7">0 1 0 0 0 1 0 * 0 0 0 0 0 0 0 0 0 0 0 0 0 1 1 0 0 0 1 0 0 1 0 0 </row>
            <row number="8">0 0 0 0 0 0 1 * 0 0 0 0 0 0 0 0 1 0 0 0 0 0 0 0 1 0 1 0 0 0 0 0 </row>
            <row number="9">0 0 1 0 1 0 0 * 0 0 0 0 0 0 0 0 0 1 0 1 0 0 0 0 0 0 0 1 1 0 0 0 </row>
            <row number="10">1 0 1 0 0 0 0 * 0 0 0 0 1 0 1 0 0 0 0 0 0 0 1 0 0 0 1 0 0 0 0 0 </row>
            <row number="11">0 0 0 0 0 0 0 * 0 0 0 0 1 0 0 0 0 0 1 0 1 0 1 0 0 0 0 0 0 0 1 0 </row>
            <row number="12">0 0 1 0 0 0 0 * 1 0 1 0 1 1 0 1 0 0 0 0 0 0 0 0 0 0 1 0 0 0 0 0 </row>
            <row number="13">0 1 0 0 0 0 0 * 0 0 0 0 0 0 0 0 0 0 1 0 1 0 0 0 0 0 1 0 0 0 1 0 </row>
            <row number="14">0 0 0 1 1 1 0 * 0 0 0 0 0 1 0 0 0 0 0 0 0 0 0 1 0 0 0 0 0 0 0 0 </row>
            <row number="15">0 0 0 0 0 0 0 * 1 0 0 0 0 1 0 1 0 1 0 0 1 0 0 0 0 0 0 0 0 0 0 0 </row>
            <row number="16">0 0 1 0 0 0 1 * 0 0 0 0 0 0 0 1 0 0 0 0 1 0 0 1 1 1 0 0 0 0 1 0 </row>
            <row number="17">0 1 0 0 0 0 0 * 1 1 1 0 0 1 0 1 0 0 1 0 1 0 0 1 1 0 0 0 0 1 1 1 </row>
            <row number="18">1 0 0 0 0 0 0 * 0 0 1 0 0 0 0 0 0 0 0 1 0 0 1 0 0 0 0 0 0 1 1 1 </row>
            <row number="19">0 0 0 0 0 0 1 * 0 0 1 0 0 1 0 0 1 0 1 0 0 0 1 0 0 0 1 0 0 0 0 0 </row>
            <row number="20">0 1 0 1 0 0 * * 0 0 0 0 1 0 0 0 0 0 0 0 0 0 1 1 0 1 0 0 0 1 0 0 </row>
            <row number="21">0 * * * * * 0 1 0 1 0 0 0 0 0 0 0 0 1 0 0 1 1 1 0 0 1 1 1 0 0 0 </row>
            <row number="22">* 0 1 0 1 0 0 1 0 0 0 0 1 0 0 0 0 0 0 1 0 0 0 0 0 0 0 0 0 0 1 0 </row>
            <row number="23">* 0 0 0 0 0 0 1 0 0 0 0 0 1 0 0 0 0 1 0 0 0 1 0 1 0 1 1 0 0 0 0 </row>
            <row number="24">* 0 0 0 0 0 0 0 0 0 0 0 0 0 0 0 0 1 0 0 0 1 0 1 0 0 1 0 1 0 0 0 </row>
            <row number="25">* 0 0 0 0 0 0 0 0 0 0 0 0 0 0 0 1 0 0 0 0 0 0 0 0 1 0 0 1 0 0 1 </row>
            <row number="26">* 1 0 0 0 0 0 0 1 0 1 0 0 0 0 0 0 0 0 0 1 1 0 0 0 0 0 0 0 0 0 1 </row>
            <row number="27">* * 1 0 0 1 0 0 1 0 0 0 0 0 0 0 0 0 0 0 0 0 0 0 0 0 0 0 0 0 0 0 </row>
            <row number="28">1 * 0 1 1 0 0 0 0 0 0 1 0 0 0 1 0 0 0 1 0 0 0 0 0 0 0 0 0 1 1 1 </row>
            <row number="29">1 0 * 0 0 1 0 0 0 0 1 0 0 0 0 1 0 1 0 1 0 0 0 1 0 0 0 0 0 0 1 1 </row>
            <row number="30">1 1 * 1 0 0 1 1 0 1 0 1 1 0 0 0 0 0 1 0 0 0 0 0 0 0 0 1 0 0 0 0 </row>
            <row number="31">1 1 0 0 0 0 0 0 0 0 0 0 0 0 0 1 0 0 1 0 0 0 0 0 0 0 0 0 1 0 0 0 </row>
        </path>
        <agent id="0" start.x="2" start.y="30" goal.x="9" goal.y="4" size="0.5" movespeed="1" rotationspeed="1">
            <path pathfound="true" runtime="0.0097775999" duration="43.611629">
                <section id="0" start.x="2" start.y="30" goal.x="2" goal.y="30" duration="7.8342137" g-value="7.8342137"/>
                <section id="1" start.x="2" start.y="30" goal.x="2" goal.y="29" duration="1" g-value="8.8342133"/>
                <section id="2" start.x="2" start.y="29" goal.x="1" goal.y="28" duration="1.4142135" g-value="10.248427"/>
                <section id="3" start.x="1" start.y="28" goal.x="1" goal.y="27" duration="1" g-value="11.248427"/>
                <section id="4" start.x="1" start.y="27" goal.x="0" goal.y="27" duration="1" g-value="12.248427"/>
                <section id="5" start.x="0" start.y="27" goal.x="0" goal.y="23" duration="4" g-value="16.248426"/>
                <section id="6" start.x="0" start.y="23" goal.x="1" goal.y="21" duration="2.236068" g-value="18.484495"/>
                <section id="7" start.x="1" start.y="21" goal.x="1" goal.y="21" duration="1.0687083" g-value="19.553204"/>
                <section id="8" start.x="1" start.y="21" goal.x="3" goal.y="21" duration="2" g-value="21.553204"/>
                <section id="9" start.x="3" start.y="21" goal.x="3" goal.y="21" duration="0.02" g-value="21.573204"/>
                <section id="10" start.x="3" start.y="21" goal.x="5" goal.y="21" duration="2" g-value="23.573204"/>
                <section id="11" start.x="5" start.y="21" goal.x="6" goal.y="20" duration="1.4142135" g-value="24.987417"/>
                <section id="12" start.x="6" start.y="20" goal.x="6" goal.y="20" duration="0.20999999" g-value="25.197416"/>
                <section id="13" start.x="6" start.y="20" goal.x="7" goal.y="20" duration="1" g-value="26.197416"/>
                <section id="14" start.x="7" start.y="20" goal.x="7" goal.y="6" duration="14" g-value="40.197418"/>
                <section id="15" start.x="7" start.y="6" goal.x="8" goal.y="5" duration="1.4142135" g-value="41.611629"/>
                <section id="16" start.x="8" start.y="5" goal.x="8" goal.y="4" duration="1" g-value="42.611629"/>
                <section id="17" start.x="8" start.y="4" goal.x="9" goal.y="4" duration="1" g-value="43.611629"/>
            </path>
        </agent>
    </log>
</root>
