<?xml version="1.0" ?>
<root>
    <log>
        <taskfilename>D:/GitHub/AA-SIPP_optimal_2019/Instances/32x32_20/128/146_task.xml</taskfilename>
        <mapfilename>32x32_20.xml</mapfilename>
        <configfilename>config.xml</configfilename>
        <obstaclesfilename>D:/GitHub/AA-SIPP_optimal_2019/Instances/32x32_20/128/146_task_obs.xml</obstaclesfilename>
        <summary runtime="0.036962502" tries="1" agentssolved="1 (100.000000%)" flowtime="38.463791" makespan="38.463791"/>
        <path>
            <row number="0">0 0 0 0 0 0 0 0 0 0 1 0 0 0 0 0 0 1 0 0 0 1 0 1 0 0 0 0 0 0 0 0 </row>
            <row number="1">1 0 0 0 1 0 1 1 0 0 0 0 0 0 0 0 0 0 0 1 0 1 0 0 0 1 0 0 0 0 0 0 </row>
            <row number="2">0 0 0 0 0 0 0 0 0 0 0 0 0 0 1 0 0 0 0 0 0 0 0 1 1 0 0 0 1 0 0 0 </row>
            <row number="3">0 0 0 0 0 1 0 1 0 0 0 0 0 0 0 0 0 0 1 0 0 0 0 0 0 0 0 0 0 1 0 0 </row>
            <row number="4">0 1 1 0 0 0 0 0 0 0 0 0 0 0 1 1 0 1 0 0 0 0 0 0 1 0 0 1 0 0 0 0 </row>
            <row number="5">0 0 0 0 0 0 1 0 0 1 0 1 0 0 1 1 0 0 0 0 0 0 1 0 0 0 0 1 0 0 1 1 </row>
            <row number="6">0 0 0 0 0 0 1 0 0 1 1 0 0 0 0 0 0 0 0 1 0 0 0 0 0 0 0 1 0 0 0 1 </row>
            <row number="7">0 1 0 0 0 1 0 0 0 0 0 0 0 0 0 0 0 0 0 0 0 1 1 0 0 0 1 0 0 1 0 0 </row>
            <row number="8">0 0 0 0 0 0 1 0 0 0 0 * 0 0 0 0 1 0 0 0 0 0 0 0 1 0 1 0 0 0 0 0 </row>
            <row number="9">0 0 1 0 1 0 0 0 0 0 * 0 * * * * 0 1 0 1 0 0 0 0 0 0 0 1 1 0 0 0 </row>
            <row number="10">1 0 1 0 0 0 0 0 0 0 * 0 1 0 1 * 0 0 0 0 0 0 1 0 0 0 1 0 0 0 0 0 </row>
            <row number="11">0 0 0 0 0 0 0 * * * 0 0 1 0 0 * * 0 1 0 1 0 1 0 0 0 0 0 0 0 1 0 </row>
            <row number="12">0 0 1 0 0 0 0 * 1 0 1 0 1 1 0 1 0 * * * * * * * * 0 1 0 0 0 0 0 </row>
            <row number="13">0 1 0 0 0 0 0 * 0 0 0 0 0 0 0 0 0 0 1 0 1 0 0 0 * 0 1 0 0 0 1 0 </row>
            <row number="14">0 0 0 1 1 1 0 * 0 0 0 0 0 1 0 0 0 0 0 0 0 0 0 1 0 0 0 0 0 0 0 0 </row>
            <row number="15">0 0 0 0 0 0 0 * 1 0 0 0 0 1 0 1 0 1 0 0 1 0 0 0 0 0 0 0 0 0 0 0 </row>
            <row number="16">0 0 1 0 0 0 1 * 0 0 0 0 0 0 0 1 0 0 0 0 1 0 0 1 1 1 0 0 0 0 1 0 </row>
            <row number="17">0 1 0 0 0 0 0 * 1 1 1 0 0 1 0 1 0 0 1 0 1 0 0 1 1 0 0 0 0 1 1 1 </row>
            <row number="18">1 0 0 0 0 0 0 * 0 0 1 0 0 0 0 0 0 0 0 1 0 0 1 0 0 0 0 0 0 1 1 1 </row>
            <row number="19">0 0 0 0 0 0 1 * * 0 1 0 0 1 0 0 1 0 1 0 0 0 1 0 0 0 1 0 0 0 0 0 </row>
            <row number="20">0 1 0 1 0 0 0 0 0 * 0 0 1 0 0 0 0 0 0 0 0 0 1 1 0 1 0 0 0 1 0 0 </row>
            <row number="21">0 0 0 0 0 0 0 1 0 1 0 0 0 0 0 0 0 0 1 0 0 1 1 1 0 0 1 1 1 0 0 0 </row>
            <row number="22">0 0 1 0 1 0 0 1 0 0 0 0 1 0 0 0 0 0 0 1 0 0 0 0 0 0 0 0 0 0 1 0 </row>
            <row number="23">0 0 0 0 0 0 0 1 0 0 0 0 0 1 0 0 0 0 1 0 0 0 1 0 1 0 1 1 0 0 0 0 </row>
            <row number="24">0 0 0 0 0 0 0 0 0 0 0 0 0 0 0 0 0 1 0 0 0 1 0 1 0 0 1 0 1 0 0 0 </row>
            <row number="25">0 0 0 0 0 0 0 0 0 0 0 0 0 0 0 0 1 0 0 0 0 0 0 0 0 1 0 0 1 0 0 1 </row>
            <row number="26">0 1 0 0 0 0 0 0 1 0 1 0 0 0 0 0 0 0 0 0 1 1 0 0 0 0 0 0 0 0 0 1 </row>
            <row number="27">0 0 1 0 0 1 0 0 1 0 0 0 0 0 0 0 0 0 0 0 0 0 0 0 0 0 0 0 0 0 0 0 </row>
            <row number="28">1 0 0 1 1 0 0 0 0 0 0 1 0 0 0 1 0 0 0 1 0 0 0 0 0 0 0 0 0 1 1 1 </row>
            <row number="29">1 0 0 0 0 1 0 0 0 0 1 0 0 0 0 1 0 1 0 1 0 0 0 1 0 0 0 0 0 0 1 1 </row>
            <row number="30">1 1 0 1 0 0 1 1 0 1 0 1 1 0 0 0 0 0 1 0 0 0 0 0 0 0 0 1 0 0 0 0 </row>
            <row number="31">1 1 0 0 0 0 0 0 0 0 0 0 0 0 0 1 0 0 1 0 0 0 0 0 0 0 0 0 1 0 0 0 </row>
        </path>
        <agent id="0" start.x="9" start.y="20" goal.x="24" goal.y="14" size="0.5" movespeed="1" rotationspeed="1">
            <path pathfound="true" runtime="0.0343078" duration="38.463791">
                <section id="0" start.x="9" start.y="20" goal.x="8" goal.y="19" duration="1.4142135" g-value="1.4142135"/>
                <section id="1" start.x="8" start.y="19" goal.x="7" goal.y="19" duration="1" g-value="2.4142137"/>
                <section id="2" start.x="7" start.y="19" goal.x="7" goal.y="19" duration="0.64578646" g-value="3.0599999"/>
                <section id="3" start.x="7" start.y="19" goal.x="7" goal.y="11" duration="8" g-value="11.06"/>
                <section id="4" start.x="7" start.y="11" goal.x="7" goal.y="11" duration="1.6512327" g-value="12.711233"/>
                <section id="5" start.x="7" start.y="11" goal.x="9" goal.y="11" duration="2" g-value="14.711233"/>
                <section id="6" start.x="9" start.y="11" goal.x="10" goal.y="10" duration="1.4142135" g-value="16.125446"/>
                <section id="7" start.x="10" start.y="10" goal.x="10" goal.y="10" duration="1.4071536" g-value="17.5326"/>
                <section id="8" start.x="10" start.y="10" goal.x="11" goal.y="8" duration="2.236068" g-value="19.768667"/>
                <section id="9" start.x="11" start.y="8" goal.x="12" goal.y="9" duration="1.4142135" g-value="21.182882"/>
                <section id="10" start.x="12" start.y="9" goal.x="12" goal.y="9" duration="0.79195553" g-value="21.974836"/>
                <section id="11" start.x="12" start.y="9" goal.x="15" goal.y="9" duration="3" g-value="24.974836"/>
                <section id="12" start.x="15" start.y="9" goal.x="15" goal.y="11" duration="2" g-value="26.974836"/>
                <section id="13" start.x="15" start.y="11" goal.x="16" goal.y="11" duration="1" g-value="27.974836"/>
                <section id="14" start.x="16" start.y="11" goal.x="17" goal.y="12" duration="1.4142135" g-value="29.389051"/>
                <section id="15" start.x="17" start.y="12" goal.x="17" goal.y="12" duration="0.054741301" g-value="29.443792"/>
                <section id="16" start.x="17" start.y="12" goal.x="22" goal.y="12" duration="5" g-value="34.44379"/>
                <section id="17" start.x="22" start.y="12" goal.x="22" goal.y="12" duration="0.02" g-value="34.463791"/>
                <section id="18" start.x="22" start.y="12" goal.x="24" goal.y="12" duration="2" g-value="36.463791"/>
                <section id="19" start.x="24" start.y="12" goal.x="24" goal.y="14" duration="2" g-value="38.463791"/>
            </path>
        </agent>
    </log>
</root>
