<?xml version="1.0" ?>
<root>
    <log>
        <taskfilename>D:/GitHub/AA-SIPP_optimal_2019/Instances/32x32_20/128/149_task.xml</taskfilename>
        <mapfilename>32x32_20.xml</mapfilename>
        <configfilename>config.xml</configfilename>
        <obstaclesfilename>D:/GitHub/AA-SIPP_optimal_2019/Instances/32x32_20/128/149_task_obs.xml</obstaclesfilename>
        <summary runtime="0.048087299" tries="1" agentssolved="1 (100.000000%)" flowtime="45.85939" makespan="45.85939"/>
        <path>
            <row number="0">0 0 0 0 0 0 0 0 0 0 1 0 0 0 0 0 0 1 0 0 0 1 0 1 0 0 0 0 0 0 0 0 </row>
            <row number="1">1 0 0 0 1 0 1 1 0 0 0 0 0 0 0 0 0 0 0 1 0 1 0 0 0 1 0 0 0 0 0 0 </row>
            <row number="2">0 0 0 0 0 0 0 * * * 0 0 0 0 1 0 0 0 0 0 0 0 0 1 1 0 0 0 1 0 0 0 </row>
            <row number="3">0 0 0 0 0 1 0 1 * 0 * * * * 0 0 0 0 1 0 0 0 0 0 0 0 0 0 0 1 0 0 </row>
            <row number="4">0 1 1 0 0 * * * * 0 0 0 0 * 1 1 0 1 0 0 0 0 0 0 1 0 0 1 0 0 0 0 </row>
            <row number="5">0 0 0 * * 0 1 0 0 1 0 1 0 * 1 1 0 0 0 0 0 0 1 0 0 0 0 1 0 0 1 1 </row>
            <row number="6">0 0 0 0 * 0 1 0 0 1 1 0 0 * 0 0 0 0 0 1 0 0 0 0 0 0 0 1 0 0 0 1 </row>
            <row number="7">0 1 0 0 * 1 0 0 0 0 0 0 0 0 * 0 0 0 0 0 0 1 1 0 0 0 1 0 0 1 0 0 </row>
            <row number="8">0 0 0 0 0 0 1 0 0 0 0 0 0 0 * 0 1 0 0 0 0 0 0 0 1 0 1 0 0 0 0 0 </row>
            <row number="9">0 0 1 0 1 0 0 0 0 0 0 0 0 0 0 * 0 1 0 1 0 0 0 0 0 0 0 1 1 0 0 0 </row>
            <row number="10">1 0 1 0 0 0 0 0 0 0 0 0 1 0 1 0 * 0 0 0 0 0 1 0 0 0 1 0 0 0 0 0 </row>
            <row number="11">0 0 0 0 0 0 0 0 0 0 0 0 1 0 0 0 * 0 1 0 1 0 1 0 0 0 0 0 0 0 1 0 </row>
            <row number="12">0 0 1 0 0 0 0 0 1 0 1 0 1 1 0 1 0 * * * * * * * 0 0 1 0 0 0 0 0 </row>
            <row number="13">0 1 0 0 0 0 0 0 0 0 0 0 0 0 0 0 0 0 1 0 1 0 0 0 0 0 1 0 0 0 1 0 </row>
            <row number="14">0 0 0 1 1 1 0 0 0 0 0 0 0 1 0 0 0 0 0 0 0 0 0 1 0 0 0 0 0 0 0 0 </row>
            <row number="15">0 0 0 0 0 0 0 0 1 0 0 0 0 1 0 1 0 1 0 0 1 0 0 0 0 0 0 0 0 0 0 0 </row>
            <row number="16">0 0 1 0 0 0 1 0 0 0 0 0 0 0 0 1 0 0 0 0 1 0 0 1 1 1 0 0 0 0 1 0 </row>
            <row number="17">0 1 0 0 0 0 0 0 1 1 1 0 0 1 0 1 0 0 1 0 1 0 0 1 1 0 0 0 0 1 1 1 </row>
            <row number="18">1 0 0 0 0 0 0 0 0 0 1 0 0 0 0 0 0 0 0 1 0 0 1 0 0 0 0 0 0 1 1 1 </row>
            <row number="19">0 0 0 0 0 0 1 0 0 0 1 0 0 1 0 0 1 0 1 0 0 0 1 0 0 0 1 0 0 0 0 0 </row>
            <row number="20">0 1 0 1 0 0 0 0 0 0 0 0 1 0 0 0 0 0 0 0 0 0 1 1 0 1 0 0 0 1 0 0 </row>
            <row number="21">0 0 0 0 0 0 0 1 0 1 0 0 0 0 0 0 0 0 1 0 0 1 1 1 0 0 1 1 1 0 0 0 </row>
            <row number="22">0 0 1 0 1 0 0 1 0 0 0 0 1 0 0 0 0 0 0 1 0 0 0 0 0 0 0 0 0 0 1 0 </row>
            <row number="23">0 0 0 0 0 0 0 1 0 0 0 0 0 1 0 0 0 0 1 0 0 0 1 0 1 0 1 1 0 0 0 0 </row>
            <row number="24">0 0 0 0 0 0 0 0 0 0 0 0 0 0 0 0 0 1 0 0 0 1 0 1 0 0 1 0 1 0 0 0 </row>
            <row number="25">0 0 0 0 0 0 0 0 0 0 0 0 0 0 0 0 1 0 0 0 0 0 0 0 0 1 0 0 1 0 0 1 </row>
            <row number="26">0 1 0 0 0 0 0 0 1 0 1 0 0 0 0 0 0 0 0 0 1 1 0 0 0 0 0 0 0 0 0 1 </row>
            <row number="27">0 0 1 0 0 1 0 0 1 0 0 0 0 0 0 0 0 0 0 0 0 0 0 0 0 0 0 0 0 0 0 0 </row>
            <row number="28">1 0 0 1 1 0 0 0 0 0 0 1 0 0 0 1 0 0 0 1 0 0 0 0 0 0 0 0 0 1 1 1 </row>
            <row number="29">1 0 0 0 0 1 0 0 0 0 1 0 0 0 0 1 0 1 0 1 0 0 0 1 0 0 0 0 0 0 1 1 </row>
            <row number="30">1 1 0 1 0 0 1 1 0 1 0 1 1 0 0 0 0 0 1 0 0 0 0 0 0 0 0 1 0 0 0 0 </row>
            <row number="31">1 1 0 0 0 0 0 0 0 0 0 0 0 0 0 1 0 0 1 0 0 0 0 0 0 0 0 0 1 0 0 0 </row>
        </path>
        <agent id="0" start.x="4" start.y="7" goal.x="24" goal.y="12" size="0.5" movespeed="1" rotationspeed="1">
            <path pathfound="true" runtime="0.046181399" duration="45.85939">
                <section id="0" start.x="4" start.y="7" goal.x="4" goal.y="7" duration="0.35606799" g-value="0.35606799"/>
                <section id="1" start.x="4" start.y="7" goal.x="4" goal.y="5" duration="2" g-value="2.3560679"/>
                <section id="2" start.x="4" start.y="5" goal.x="3" goal.y="5" duration="1" g-value="3.3560679"/>
                <section id="3" start.x="3" start.y="5" goal.x="3" goal.y="5" duration="0.67393208" g-value="4.0300002"/>
                <section id="4" start.x="3" start.y="5" goal.x="5" goal.y="4" duration="2.236068" g-value="6.266068"/>
                <section id="5" start.x="5" start.y="4" goal.x="8" goal.y="4" duration="3" g-value="9.2660685"/>
                <section id="6" start.x="8" start.y="4" goal.x="8" goal.y="4" duration="0.55227762" g-value="9.818346"/>
                <section id="7" start.x="8" start.y="4" goal.x="8" goal.y="2" duration="2" g-value="11.818346"/>
                <section id="8" start.x="8" start.y="2" goal.x="7" goal.y="2" duration="1" g-value="12.818346"/>
                <section id="9" start.x="7" start.y="2" goal.x="7" goal.y="2" duration="1.7547901" g-value="14.573135"/>
                <section id="10" start.x="7" start.y="2" goal.x="8" goal.y="2" duration="1" g-value="15.573135"/>
                <section id="11" start.x="8" start.y="2" goal.x="8" goal.y="2" duration="3.4246364" g-value="18.997772"/>
                <section id="12" start.x="8" start.y="2" goal.x="10" goal.y="3" duration="2.236068" g-value="21.233841"/>
                <section id="13" start.x="10" start.y="3" goal.x="13" goal.y="3" duration="3" g-value="24.233841"/>
                <section id="14" start.x="13" start.y="3" goal.x="13" goal.y="3" duration="2.7632139" g-value="26.997053"/>
                <section id="15" start.x="13" start.y="3" goal.x="13" goal.y="4" duration="1" g-value="27.997053"/>
                <section id="16" start.x="13" start.y="4" goal.x="13" goal.y="6" duration="2" g-value="29.997053"/>
                <section id="17" start.x="13" start.y="6" goal.x="14" goal.y="7" duration="1.4142135" g-value="31.411268"/>
                <section id="18" start.x="14" start.y="7" goal.x="15" goal.y="9" duration="2.236068" g-value="33.647335"/>
                <section id="19" start.x="15" start.y="9" goal.x="17" goal.y="12" duration="3.6055512" g-value="37.252888"/>
                <section id="20" start.x="17" start.y="12" goal.x="18" goal.y="12" duration="1" g-value="38.252888"/>
                <section id="21" start.x="18" start.y="12" goal.x="18" goal.y="12" duration="1.5865045" g-value="39.83939"/>
                <section id="22" start.x="18" start.y="12" goal.x="20" goal.y="12" duration="2" g-value="41.83939"/>
                <section id="23" start.x="20" start.y="12" goal.x="20" goal.y="12" duration="0.02" g-value="41.85939"/>
                <section id="24" start.x="20" start.y="12" goal.x="24" goal.y="12" duration="4" g-value="45.85939"/>
            </path>
        </agent>
    </log>
</root>
