<?xml version="1.0" ?>
<root>
    <log>
        <taskfilename>D:/GitHub/AA-SIPP_optimal_2019/Instances/32x32_20/128/14_task.xml</taskfilename>
        <mapfilename>32x32_20.xml</mapfilename>
        <configfilename>config.xml</configfilename>
        <obstaclesfilename>D:/GitHub/AA-SIPP_optimal_2019/Instances/32x32_20/128/14_task_obs.xml</obstaclesfilename>
        <summary runtime="0.0169408" tries="1" agentssolved="1 (100.000000%)" flowtime="41.047981" makespan="41.047981"/>
        <path>
            <row number="0">0 0 0 0 0 0 0 0 0 0 1 0 0 0 0 0 0 1 0 0 0 1 0 1 0 0 0 0 0 0 0 0 </row>
            <row number="1">1 0 0 0 1 0 1 1 0 0 0 0 0 0 0 0 0 0 0 1 0 1 0 0 0 1 0 0 0 0 0 0 </row>
            <row number="2">0 0 0 0 0 0 0 0 0 0 0 0 0 0 1 0 0 0 0 0 0 0 0 1 1 0 0 0 1 0 0 0 </row>
            <row number="3">0 0 0 0 0 1 0 1 0 0 0 0 0 0 0 0 0 0 1 0 0 0 0 0 0 0 0 0 0 1 0 0 </row>
            <row number="4">0 1 1 0 0 0 0 0 0 0 0 0 0 0 1 1 0 1 0 0 0 0 0 0 1 0 0 1 0 0 0 0 </row>
            <row number="5">0 0 0 0 0 0 1 0 0 1 0 1 0 0 1 1 0 0 0 0 0 0 1 0 0 0 0 1 0 0 1 1 </row>
            <row number="6">0 0 0 0 0 0 1 0 0 1 1 0 0 0 0 0 0 0 0 1 0 0 0 0 0 0 0 1 0 0 0 1 </row>
            <row number="7">0 1 0 0 0 1 0 0 0 0 0 0 0 0 0 0 0 0 0 0 0 1 1 0 0 0 1 0 0 1 0 0 </row>
            <row number="8">0 0 0 0 0 0 1 0 0 0 0 0 0 0 0 0 1 0 0 0 0 0 0 0 1 0 1 0 0 0 0 0 </row>
            <row number="9">0 0 1 0 1 0 0 0 0 0 0 0 0 0 0 0 0 1 0 1 0 0 0 0 0 0 0 1 1 0 0 0 </row>
            <row number="10">1 0 1 0 0 0 0 0 0 0 0 0 1 0 1 0 0 0 0 0 0 0 1 0 0 0 1 0 0 0 0 0 </row>
            <row number="11">0 0 0 0 * * 0 0 0 0 0 0 1 0 0 0 0 0 1 0 1 0 1 0 0 0 0 0 0 0 1 0 </row>
            <row number="12">* * 1 * 0 0 * 0 1 0 1 0 1 1 0 1 0 0 0 0 0 0 0 0 0 0 1 0 0 0 0 0 </row>
            <row number="13">* 1 * * 0 0 0 * 0 0 0 0 0 0 0 0 0 0 1 0 1 0 0 0 0 0 1 0 0 0 1 0 </row>
            <row number="14">* 0 * 1 1 1 0 0 * * 0 0 0 1 0 0 0 0 0 0 0 0 0 1 0 0 0 0 0 0 0 0 </row>
            <row number="15">* * 0 0 0 0 0 0 1 * 0 0 0 1 0 1 0 1 0 0 1 0 0 0 0 0 0 0 0 0 0 0 </row>
            <row number="16">0 0 1 0 0 0 1 * * * 0 0 0 0 0 1 0 0 0 0 1 0 0 1 1 1 0 0 0 0 1 0 </row>
            <row number="17">0 1 0 0 0 0 0 * 1 1 1 0 0 1 0 1 0 0 1 0 1 0 0 1 1 0 0 0 0 1 1 1 </row>
            <row number="18">1 0 0 0 0 0 0 * * 0 1 0 0 0 0 0 0 0 0 1 0 0 1 0 0 0 0 0 0 1 1 1 </row>
            <row number="19">0 0 0 0 0 0 1 0 0 * 1 0 0 1 0 0 1 0 1 0 0 0 1 0 0 0 1 0 0 0 0 0 </row>
            <row number="20">0 1 0 1 0 0 0 0 0 * * 0 1 0 0 0 0 0 0 0 0 0 1 1 0 1 0 0 0 1 0 0 </row>
            <row number="21">0 0 0 0 0 0 0 1 0 1 * 0 0 0 0 0 0 0 1 0 0 1 1 1 0 0 1 1 1 0 0 0 </row>
            <row number="22">0 0 1 0 1 0 0 1 0 0 0 * 1 0 0 0 0 0 0 1 0 0 0 0 0 0 0 0 0 0 1 0 </row>
            <row number="23">0 0 0 0 0 0 0 1 0 0 0 * 0 1 0 0 0 0 1 0 0 0 1 0 1 0 1 1 0 0 0 0 </row>
            <row number="24">0 0 0 0 0 0 0 0 0 0 0 0 * * 0 0 0 1 0 0 0 1 0 1 0 0 1 0 1 0 0 0 </row>
            <row number="25">0 0 0 0 0 0 0 0 0 0 0 0 0 * 0 0 1 0 0 0 0 0 0 0 0 1 0 0 1 0 0 1 </row>
            <row number="26">0 1 0 0 0 0 0 0 1 0 1 0 0 0 * 0 0 0 0 0 1 1 0 0 0 0 0 0 0 0 0 1 </row>
            <row number="27">0 0 1 0 0 1 0 0 1 0 0 0 0 0 * 0 0 0 0 0 0 0 0 0 0 0 0 0 0 0 0 0 </row>
            <row number="28">1 0 0 1 1 0 0 0 0 0 0 1 0 0 * 1 0 0 0 1 0 0 0 0 0 0 0 0 0 1 1 1 </row>
            <row number="29">1 0 0 0 0 1 0 0 0 0 1 0 0 * 0 1 0 1 0 1 0 0 0 1 0 0 0 0 0 0 1 1 </row>
            <row number="30">1 1 0 1 0 0 1 1 0 1 0 1 1 0 0 0 0 0 1 0 0 0 0 0 0 0 0 1 0 0 0 0 </row>
            <row number="31">1 1 0 0 0 0 0 0 0 0 0 0 0 0 0 1 0 0 1 0 0 0 0 0 0 0 0 0 1 0 0 0 </row>
        </path>
        <agent id="0" start.x="1" start.y="12" goal.x="13" goal.y="30" size="0.5" movespeed="1" rotationspeed="1">
            <path pathfound="true" runtime="0.0145335" duration="41.047981">
                <section id="0" start.x="1" start.y="12" goal.x="0" goal.y="12" duration="1" g-value="1"/>
                <section id="1" start.x="0" start.y="12" goal.x="0" goal.y="15" duration="3" g-value="4"/>
                <section id="2" start.x="0" start.y="15" goal.x="2" goal.y="14" duration="2.236068" g-value="6.2360678"/>
                <section id="3" start.x="2" start.y="14" goal.x="2" goal.y="14" duration="0.18000001" g-value="6.4160681"/>
                <section id="4" start.x="2" start.y="14" goal.x="2" goal.y="13" duration="1" g-value="7.4160681"/>
                <section id="5" start.x="2" start.y="13" goal.x="3" goal.y="13" duration="1" g-value="8.4160681"/>
                <section id="6" start.x="3" start.y="13" goal.x="4" goal.y="11" duration="2.236068" g-value="10.652136"/>
                <section id="7" start.x="4" start.y="11" goal.x="5" goal.y="11" duration="1" g-value="11.652136"/>
                <section id="8" start.x="5" start.y="11" goal.x="5" goal.y="11" duration="0.9822982" g-value="12.634434"/>
                <section id="9" start.x="5" start.y="11" goal.x="6" goal.y="12" duration="1.4142135" g-value="14.048648"/>
                <section id="10" start.x="6" start.y="12" goal.x="6" goal.y="12" duration="0.02" g-value="14.068647"/>
                <section id="11" start.x="6" start.y="12" goal.x="8" goal.y="14" duration="2.8284271" g-value="16.897076"/>
                <section id="12" start.x="8" start.y="14" goal.x="9" goal.y="14" duration="1" g-value="17.897076"/>
                <section id="13" start.x="9" start.y="14" goal.x="9" goal.y="16" duration="2" g-value="19.897076"/>
                <section id="14" start.x="9" start.y="16" goal.x="9" goal.y="16" duration="0.1" g-value="19.997074"/>
                <section id="15" start.x="9" start.y="16" goal.x="7" goal.y="16" duration="2" g-value="21.997074"/>
                <section id="16" start.x="7" start.y="16" goal.x="7" goal.y="18" duration="2" g-value="23.997074"/>
                <section id="17" start.x="7" start.y="18" goal.x="9" goal.y="19" duration="2.236068" g-value="26.233143"/>
                <section id="18" start.x="9" start.y="19" goal.x="9" goal.y="20" duration="1" g-value="27.233143"/>
                <section id="19" start.x="9" start.y="20" goal.x="10" goal.y="20" duration="1" g-value="28.233143"/>
                <section id="20" start.x="10" start.y="20" goal.x="11" goal.y="22" duration="2.236068" g-value="30.469212"/>
                <section id="21" start.x="11" start.y="22" goal.x="11" goal.y="23" duration="1" g-value="31.469212"/>
                <section id="22" start.x="11" start.y="23" goal.x="12" goal.y="24" duration="1.4142135" g-value="32.883423"/>
                <section id="23" start.x="12" start.y="24" goal.x="13" goal.y="24" duration="1" g-value="33.883423"/>
                <section id="24" start.x="13" start.y="24" goal.x="13" goal.y="24" duration="0.83999997" g-value="34.723423"/>
                <section id="25" start.x="13" start.y="24" goal.x="14" goal.y="27" duration="3.1622777" g-value="37.8857"/>
                <section id="26" start.x="14" start.y="27" goal.x="13" goal.y="30" duration="3.1622777" g-value="41.047981"/>
            </path>
        </agent>
    </log>
</root>
