<?xml version="1.0" ?>
<root>
    <log>
        <taskfilename>D:/GitHub/AA-SIPP_optimal_2019/Instances/32x32_20/128/151_task.xml</taskfilename>
        <mapfilename>32x32_20.xml</mapfilename>
        <configfilename>config.xml</configfilename>
        <obstaclesfilename>D:/GitHub/AA-SIPP_optimal_2019/Instances/32x32_20/128/151_task_obs.xml</obstaclesfilename>
        <summary runtime="0.053123701" tries="1" agentssolved="1 (100.000000%)" flowtime="37.126987" makespan="37.126987"/>
        <path>
            <row number="0">0 0 0 0 0 0 0 0 0 0 1 0 0 0 0 0 0 1 0 0 0 1 0 1 0 0 0 0 0 0 0 0 </row>
            <row number="1">1 0 0 0 1 0 1 1 0 0 0 0 0 0 0 0 0 0 0 1 0 1 0 0 0 1 0 0 0 0 0 0 </row>
            <row number="2">0 0 0 0 0 0 0 0 0 0 0 0 0 0 1 0 0 0 0 0 0 0 0 1 1 0 0 0 1 0 0 0 </row>
            <row number="3">0 0 0 0 0 1 0 1 0 0 0 0 0 0 0 0 0 0 1 0 0 0 0 0 0 0 0 0 0 1 0 0 </row>
            <row number="4">0 1 1 0 0 0 0 0 0 0 0 0 0 0 1 1 0 1 0 0 0 0 0 0 1 0 0 1 0 0 0 0 </row>
            <row number="5">0 0 0 0 0 0 1 0 0 1 0 1 0 0 1 1 0 0 0 0 0 0 1 0 0 0 0 1 0 0 1 1 </row>
            <row number="6">0 0 0 0 0 0 1 0 0 1 1 0 0 0 0 0 0 0 0 1 0 0 0 0 0 0 0 1 0 0 0 1 </row>
            <row number="7">0 1 0 0 0 1 * * 0 0 0 0 0 0 0 0 0 0 0 0 0 1 1 0 0 0 1 0 0 1 0 0 </row>
            <row number="8">0 0 0 0 0 0 1 * 0 0 0 0 0 0 0 0 1 0 0 0 0 0 0 0 1 0 1 0 0 0 0 0 </row>
            <row number="9">0 0 1 0 1 0 0 0 * 0 0 0 0 0 0 0 0 1 0 1 0 0 0 0 0 0 0 1 1 0 0 0 </row>
            <row number="10">1 0 1 0 0 0 0 0 * 0 0 0 1 0 1 0 0 0 0 0 0 0 1 0 0 0 1 0 0 0 0 0 </row>
            <row number="11">0 0 0 0 0 0 0 0 0 * 0 0 1 0 0 0 0 0 1 0 1 0 1 0 0 0 0 0 0 0 1 0 </row>
            <row number="12">0 0 1 0 0 0 0 0 1 * 1 0 1 1 0 1 0 0 0 0 0 0 0 0 0 0 1 0 0 0 0 0 </row>
            <row number="13">0 1 0 0 0 0 0 0 0 * 0 0 * * * * 0 0 1 0 1 0 0 0 0 0 1 0 0 0 1 0 </row>
            <row number="14">0 0 0 1 1 1 0 0 0 0 * * * 1 0 0 * 0 0 0 0 0 0 1 0 0 0 0 0 0 0 0 </row>
            <row number="15">0 0 0 0 0 0 0 0 1 0 0 * 0 1 0 1 * 1 0 0 1 0 0 0 0 0 0 0 0 0 0 0 </row>
            <row number="16">0 0 1 0 0 0 1 0 0 0 0 0 0 0 0 1 * * * 0 1 0 0 1 1 1 0 0 0 0 1 0 </row>
            <row number="17">0 1 0 0 0 0 0 0 1 1 1 0 0 1 0 1 0 0 1 0 1 0 0 1 1 0 0 0 0 1 1 1 </row>
            <row number="18">1 0 0 0 0 0 0 0 0 0 1 0 0 0 0 0 0 0 0 1 0 0 1 0 0 0 0 0 0 1 1 1 </row>
            <row number="19">0 0 0 0 0 0 1 0 0 0 1 0 0 1 0 0 1 0 1 0 0 0 1 0 0 0 1 0 0 0 0 0 </row>
            <row number="20">0 1 0 1 0 0 0 0 0 0 0 0 1 0 0 0 0 0 0 0 0 0 1 1 0 1 0 0 0 1 0 0 </row>
            <row number="21">0 0 0 0 0 0 0 1 0 1 0 0 0 0 0 0 0 0 1 0 0 1 1 1 0 0 1 1 1 0 0 0 </row>
            <row number="22">0 0 1 0 1 0 0 1 0 0 0 0 1 0 0 0 0 0 0 1 0 0 0 0 0 0 0 0 0 0 1 0 </row>
            <row number="23">0 0 0 0 0 0 0 1 0 0 0 0 0 1 0 0 0 0 1 0 0 0 1 0 1 0 1 1 0 0 0 0 </row>
            <row number="24">0 0 0 0 0 0 0 0 0 0 0 0 0 0 0 0 0 1 0 0 0 1 0 1 0 0 1 0 1 0 0 0 </row>
            <row number="25">0 0 0 0 0 0 0 0 0 0 0 0 0 0 0 0 1 0 0 0 0 0 0 0 0 1 0 0 1 0 0 1 </row>
            <row number="26">0 1 0 0 0 0 0 0 1 0 1 0 0 0 0 0 0 0 0 0 1 1 0 0 0 0 0 0 0 0 0 1 </row>
            <row number="27">0 0 1 0 0 1 0 0 1 0 0 0 0 0 0 0 0 0 0 0 0 0 0 0 0 0 0 0 0 0 0 0 </row>
            <row number="28">1 0 0 1 1 0 0 0 0 0 0 1 0 0 0 1 0 0 0 1 0 0 0 0 0 0 0 0 0 1 1 1 </row>
            <row number="29">1 0 0 0 0 1 0 0 0 0 1 0 0 0 0 1 0 1 0 1 0 0 0 1 0 0 0 0 0 0 1 1 </row>
            <row number="30">1 1 0 1 0 0 1 1 0 1 0 1 1 0 0 0 0 0 1 0 0 0 0 0 0 0 0 1 0 0 0 0 </row>
            <row number="31">1 1 0 0 0 0 0 0 0 0 0 0 0 0 0 1 0 0 1 0 0 0 0 0 0 0 0 0 1 0 0 0 </row>
        </path>
        <agent id="0" start.x="6" start.y="7" goal.x="18" goal.y="15" size="0.5" movespeed="1" rotationspeed="1">
            <path pathfound="true" runtime="0.051403999" duration="37.126987">
                <section id="0" start.x="6" start.y="7" goal.x="7" goal.y="7" duration="1" g-value="1"/>
                <section id="1" start.x="7" start.y="7" goal.x="7" goal.y="7" duration="0.0099999998" g-value="1.01"/>
                <section id="2" start.x="7" start.y="7" goal.x="8" goal.y="9" duration="2.236068" g-value="3.246068"/>
                <section id="3" start.x="8" start.y="9" goal.x="8" goal.y="9" duration="4.4480324" g-value="7.6941004"/>
                <section id="4" start.x="8" start.y="9" goal.x="9" goal.y="11" duration="2.236068" g-value="9.9301682"/>
                <section id="5" start.x="9" start.y="11" goal.x="9" goal.y="13" duration="2" g-value="11.930168"/>
                <section id="6" start.x="9" start.y="13" goal.x="9" goal.y="13" duration="0.35125566" g-value="12.281425"/>
                <section id="7" start.x="9" start.y="13" goal.x="10" goal.y="14" duration="1.4142135" g-value="13.695638"/>
                <section id="8" start.x="10" start.y="14" goal.x="11" goal.y="14" duration="1" g-value="14.695638"/>
                <section id="9" start.x="11" start.y="14" goal.x="11" goal.y="14" duration="4.2770615" g-value="18.972698"/>
                <section id="10" start.x="11" start.y="14" goal.x="11" goal.y="15" duration="1" g-value="19.972698"/>
                <section id="11" start.x="11" start.y="15" goal.x="11" goal.y="15" duration="0.13" g-value="20.102699"/>
                <section id="12" start.x="11" start.y="15" goal.x="12" goal.y="14" duration="1.4142135" g-value="21.516912"/>
                <section id="13" start.x="12" start.y="14" goal.x="12" goal.y="13" duration="1" g-value="22.516912"/>
                <section id="14" start.x="12" start.y="13" goal.x="12" goal.y="13" duration="5.3740058" g-value="27.890919"/>
                <section id="15" start.x="12" start.y="13" goal.x="14" goal.y="13" duration="2" g-value="29.890919"/>
                <section id="16" start.x="14" start.y="13" goal.x="16" goal.y="14" duration="2.236068" g-value="32.126987"/>
                <section id="17" start.x="16" start.y="14" goal.x="16" goal.y="16" duration="2" g-value="34.126987"/>
                <section id="18" start.x="16" start.y="16" goal.x="18" goal.y="16" duration="2" g-value="36.126987"/>
                <section id="19" start.x="18" start.y="16" goal.x="18" goal.y="15" duration="1" g-value="37.126987"/>
            </path>
        </agent>
    </log>
</root>
