<?xml version="1.0" ?>
<root>
    <log>
        <taskfilename>D:/GitHub/AA-SIPP_optimal_2019/Instances/32x32_20/128/152_task.xml</taskfilename>
        <mapfilename>32x32_20.xml</mapfilename>
        <configfilename>config.xml</configfilename>
        <obstaclesfilename>D:/GitHub/AA-SIPP_optimal_2019/Instances/32x32_20/128/152_task_obs.xml</obstaclesfilename>
        <summary runtime="0.028488399" tries="1" agentssolved="1 (100.000000%)" flowtime="50.606522" makespan="50.606522"/>
        <path>
            <row number="0">0 0 0 0 0 0 0 0 0 0 1 0 0 0 0 0 0 1 0 0 0 1 0 1 0 0 0 0 0 0 0 0 </row>
            <row number="1">1 0 0 0 1 0 1 1 0 0 0 0 0 0 0 0 0 0 0 1 0 1 0 0 0 1 0 0 0 0 0 0 </row>
            <row number="2">0 0 0 0 0 0 0 0 0 0 0 0 0 0 1 0 0 0 0 0 0 0 0 1 1 0 0 0 1 0 0 0 </row>
            <row number="3">0 0 0 0 0 1 0 1 0 0 0 0 0 0 0 0 0 0 1 0 0 0 0 0 0 0 0 0 0 1 0 0 </row>
            <row number="4">0 1 1 0 0 0 0 0 0 0 0 0 0 0 1 1 0 1 0 0 0 0 0 0 1 0 0 1 0 0 0 0 </row>
            <row number="5">0 0 0 0 0 0 1 0 0 1 0 1 0 0 1 1 0 0 0 0 0 0 1 0 0 0 0 1 0 0 1 1 </row>
            <row number="6">0 0 0 0 0 0 1 0 0 1 1 0 0 0 0 0 0 0 0 1 0 0 0 0 0 0 0 1 0 0 0 1 </row>
            <row number="7">0 1 0 0 0 1 0 0 0 0 0 0 0 0 0 0 0 0 0 0 0 1 1 0 0 0 1 0 0 1 0 0 </row>
            <row number="8">0 0 0 0 0 0 1 0 0 0 0 0 0 0 0 0 1 0 0 0 0 0 0 0 1 0 1 0 0 0 0 0 </row>
            <row number="9">0 0 1 0 1 0 0 0 0 0 0 0 0 0 0 0 0 1 0 1 0 0 0 0 0 0 0 1 1 0 0 0 </row>
            <row number="10">1 0 1 0 0 0 0 0 0 0 0 0 1 0 1 0 0 0 0 0 0 0 1 0 0 0 1 0 0 0 0 0 </row>
            <row number="11">0 0 0 0 0 0 0 0 0 0 0 0 1 0 0 0 0 0 1 0 1 0 1 0 0 0 0 0 0 0 1 0 </row>
            <row number="12">0 0 1 0 0 0 0 0 1 0 1 0 1 1 0 1 0 0 0 0 0 0 0 0 0 0 1 0 0 0 0 0 </row>
            <row number="13">0 1 0 0 0 0 0 0 0 0 0 0 0 0 0 0 0 0 1 0 1 0 0 0 0 0 1 0 0 0 1 0 </row>
            <row number="14">0 0 0 1 1 1 0 0 0 0 0 0 0 1 0 0 0 0 0 0 0 0 0 1 0 0 0 0 0 0 0 0 </row>
            <row number="15">0 0 0 0 0 0 0 0 1 0 0 0 0 1 0 1 0 1 0 0 1 0 0 0 0 0 0 0 0 0 0 0 </row>
            <row number="16">0 0 1 0 0 0 1 0 0 0 0 0 0 0 0 1 0 0 0 0 1 0 0 1 1 1 0 0 0 0 1 0 </row>
            <row number="17">0 1 0 0 0 0 0 0 1 1 1 0 0 1 0 1 0 0 1 0 1 0 0 1 1 0 0 0 0 1 1 1 </row>
            <row number="18">1 0 0 0 0 0 0 * 0 0 1 0 0 0 0 0 0 0 0 1 0 0 1 0 0 0 0 0 0 1 1 1 </row>
            <row number="19">0 0 0 0 0 0 1 0 * * 1 0 0 1 0 0 1 0 1 0 0 0 1 0 0 0 1 0 0 0 0 0 </row>
            <row number="20">0 1 0 1 0 0 0 0 0 * * 0 1 0 0 0 0 0 0 0 0 0 1 1 0 1 0 0 0 1 0 0 </row>
            <row number="21">0 0 0 0 0 0 0 1 0 1 * 0 0 0 0 0 0 0 1 0 0 1 1 1 0 0 1 1 1 0 0 0 </row>
            <row number="22">0 0 1 0 1 0 0 1 0 0 * 0 1 0 0 0 0 0 0 1 0 0 0 0 0 0 0 0 0 0 1 0 </row>
            <row number="23">0 0 0 0 0 0 0 1 0 0 * 0 0 1 0 0 0 0 1 0 0 0 1 0 1 0 1 1 0 0 0 0 </row>
            <row number="24">0 0 0 0 0 0 0 0 0 0 * * 0 0 0 0 0 1 0 0 0 1 0 1 0 0 1 0 1 0 0 0 </row>
            <row number="25">0 0 0 0 0 0 0 0 0 0 0 0 * * 0 0 1 0 0 0 0 0 0 0 0 1 0 * 1 0 0 1 </row>
            <row number="26">0 1 0 0 0 0 0 0 1 0 1 0 0 0 * * 0 0 0 0 1 1 0 0 * * * * 0 0 0 1 </row>
            <row number="27">0 0 1 0 0 1 0 0 1 0 0 0 0 0 0 0 * * * * * * * * 0 0 0 * 0 0 0 0 </row>
            <row number="28">1 0 0 1 1 0 0 0 0 0 0 1 0 0 0 1 0 0 * 1 0 0 0 0 0 0 0 0 * 1 1 1 </row>
            <row number="29">1 0 0 0 0 1 0 0 0 0 1 0 0 0 0 1 0 1 * 1 0 0 0 1 0 0 0 0 * * 1 1 </row>
            <row number="30">1 1 0 1 0 0 1 1 0 1 0 1 1 0 0 0 0 0 1 0 0 0 0 0 0 0 0 1 0 0 0 0 </row>
            <row number="31">1 1 0 0 0 0 0 0 0 0 0 0 0 0 0 1 0 0 1 0 0 0 0 0 0 0 0 0 1 0 0 0 </row>
        </path>
        <agent id="0" start.x="29" start.y="29" goal.x="7" goal.y="17" size="0.5" movespeed="1" rotationspeed="1">
            <path pathfound="true" runtime="0.0262137" duration="50.606522">
                <section id="0" start.x="29" start.y="29" goal.x="28" goal.y="29" duration="1" g-value="1"/>
                <section id="1" start.x="28" start.y="29" goal.x="27" goal.y="26" duration="3.1622777" g-value="4.1622777"/>
                <section id="2" start.x="27" start.y="26" goal.x="27" goal.y="25" duration="1" g-value="5.1622777"/>
                <section id="3" start.x="27" start.y="25" goal.x="27" goal.y="25" duration="5.8091116" g-value="10.97139"/>
                <section id="4" start.x="27" start.y="25" goal.x="26" goal.y="26" duration="1.4142135" g-value="12.385603"/>
                <section id="5" start.x="26" start.y="26" goal.x="26" goal.y="26" duration="0.08505486" g-value="12.470657"/>
                <section id="6" start.x="26" start.y="26" goal.x="24" goal.y="26" duration="2" g-value="14.470657"/>
                <section id="7" start.x="24" start.y="26" goal.x="23" goal.y="27" duration="1.4142135" g-value="15.884871"/>
                <section id="8" start.x="23" start.y="27" goal.x="23" goal.y="27" duration="4.9710884" g-value="20.855959"/>
                <section id="9" start.x="23" start.y="27" goal.x="22" goal.y="27" duration="1" g-value="21.855959"/>
                <section id="10" start.x="22" start.y="27" goal.x="22" goal.y="27" duration="1.5677088" g-value="23.423668"/>
                <section id="11" start.x="22" start.y="27" goal.x="20" goal.y="27" duration="2" g-value="25.423668"/>
                <section id="12" start.x="20" start.y="27" goal.x="18" goal.y="27" duration="2" g-value="27.423668"/>
                <section id="13" start.x="18" start.y="27" goal.x="18" goal.y="29" duration="2" g-value="29.423668"/>
                <section id="14" start.x="18" start.y="29" goal.x="18" goal.y="29" duration="1.2460682" g-value="30.669737"/>
                <section id="15" start.x="18" start.y="29" goal.x="18" goal.y="28" duration="1" g-value="31.669737"/>
                <section id="16" start.x="18" start.y="28" goal.x="18" goal.y="28" duration="0.14" g-value="31.809736"/>
                <section id="17" start.x="18" start.y="28" goal.x="15" goal.y="26" duration="3.6055512" g-value="35.415287"/>
                <section id="18" start.x="15" start.y="26" goal.x="10" goal.y="24" duration="5.3851647" g-value="40.800453"/>
                <section id="19" start.x="10" start.y="24" goal.x="10" goal.y="24" duration="0.56999999" g-value="41.370453"/>
                <section id="20" start.x="10" start.y="24" goal.x="10" goal.y="20" duration="4" g-value="45.370453"/>
                <section id="21" start.x="10" start.y="20" goal.x="9" goal.y="20" duration="1" g-value="46.370453"/>
                <section id="22" start.x="9" start.y="20" goal.x="9" goal.y="19" duration="1" g-value="47.370453"/>
                <section id="23" start.x="9" start.y="19" goal.x="7" goal.y="18" duration="2.236068" g-value="49.606522"/>
                <section id="24" start.x="7" start.y="18" goal.x="7" goal.y="17" duration="1" g-value="50.606522"/>
            </path>
        </agent>
    </log>
</root>
