<?xml version="1.0" ?>
<root>
    <log>
        <taskfilename>D:/GitHub/AA-SIPP_optimal_2019/Instances/32x32_20/128/153_task.xml</taskfilename>
        <mapfilename>32x32_20.xml</mapfilename>
        <configfilename>config.xml</configfilename>
        <obstaclesfilename>D:/GitHub/AA-SIPP_optimal_2019/Instances/32x32_20/128/153_task_obs.xml</obstaclesfilename>
        <summary runtime="0.023028901" tries="1" agentssolved="1 (100.000000%)" flowtime="35.658081" makespan="35.658081"/>
        <path>
            <row number="0">0 0 0 0 0 0 0 0 0 0 1 0 0 0 0 0 0 1 0 0 0 1 0 1 0 0 0 0 0 0 0 0 </row>
            <row number="1">1 0 0 0 1 0 1 1 0 0 0 0 0 0 0 0 0 0 0 1 0 1 0 0 0 1 0 0 0 0 0 0 </row>
            <row number="2">0 0 0 0 0 0 0 0 0 0 0 0 0 0 1 0 0 0 0 0 0 0 0 1 1 0 0 0 1 0 0 0 </row>
            <row number="3">0 0 0 0 0 1 0 1 0 0 0 0 0 0 0 0 0 0 1 0 0 0 0 0 0 0 0 0 0 1 0 0 </row>
            <row number="4">0 1 1 0 0 0 0 0 0 0 0 0 0 0 1 1 0 1 0 0 0 0 0 0 1 0 0 1 0 0 0 0 </row>
            <row number="5">0 0 0 0 0 0 1 0 0 1 0 1 0 0 1 1 0 0 0 0 0 0 1 0 0 0 0 1 0 0 1 1 </row>
            <row number="6">0 0 0 0 0 0 1 0 0 1 1 0 0 0 0 0 0 0 0 1 0 0 0 0 0 0 0 1 0 0 0 1 </row>
            <row number="7">0 1 0 0 0 1 0 0 0 0 0 0 0 0 0 0 0 0 0 0 0 1 1 0 0 0 1 0 0 1 0 0 </row>
            <row number="8">0 0 0 0 0 0 1 0 0 0 0 0 0 0 0 0 1 0 0 0 0 0 0 0 1 0 1 0 0 0 0 0 </row>
            <row number="9">0 0 1 0 1 0 0 0 0 0 0 0 0 0 0 0 0 1 0 1 0 0 0 0 0 0 0 1 1 0 0 0 </row>
            <row number="10">1 0 1 0 0 0 0 0 0 0 0 0 1 0 1 0 0 0 0 0 0 0 1 0 0 0 1 0 0 0 0 0 </row>
            <row number="11">0 0 0 0 0 0 0 * * 0 0 0 1 0 0 0 0 0 1 0 1 0 1 0 0 0 0 0 0 0 1 0 </row>
            <row number="12">0 0 1 * * * * 0 1 0 1 0 1 1 0 1 0 0 0 0 0 0 0 0 0 0 1 0 0 0 0 0 </row>
            <row number="13">0 1 * * 0 0 0 0 0 0 0 0 0 0 0 0 0 0 1 0 1 0 0 0 0 0 1 0 0 0 1 0 </row>
            <row number="14">0 0 * 1 1 1 0 0 0 0 0 0 0 1 0 0 0 0 0 0 0 0 0 1 0 0 0 0 0 0 0 0 </row>
            <row number="15">0 0 * * 0 0 0 0 1 0 0 0 0 1 0 1 0 1 0 0 1 0 0 0 0 0 0 0 0 0 0 0 </row>
            <row number="16">0 0 1 * 0 0 1 0 0 0 0 0 0 0 0 1 0 0 0 0 1 0 0 1 1 1 0 0 0 0 1 0 </row>
            <row number="17">0 1 0 0 * 0 0 0 1 1 1 0 0 1 0 1 0 0 1 0 1 0 0 1 1 0 0 0 0 1 1 1 </row>
            <row number="18">1 0 0 0 * 0 0 0 0 0 1 0 0 0 0 0 0 0 0 1 0 0 1 0 0 0 0 0 0 1 1 1 </row>
            <row number="19">0 0 0 0 0 * 1 0 0 0 1 0 0 1 0 0 1 0 1 0 0 0 1 0 0 0 1 0 0 0 0 0 </row>
            <row number="20">0 1 0 1 0 * 0 0 0 0 0 0 1 0 0 0 0 0 0 0 0 0 1 1 0 1 0 0 0 1 0 0 </row>
            <row number="21">0 0 0 0 0 * 0 1 0 1 0 0 0 0 0 0 0 0 1 0 0 1 1 1 0 0 1 1 1 0 0 0 </row>
            <row number="22">0 0 1 0 1 0 * 1 0 0 0 0 1 0 0 0 0 0 0 1 0 0 0 0 0 0 0 0 0 0 1 0 </row>
            <row number="23">0 0 0 0 0 0 * 1 0 0 0 0 0 1 0 0 0 0 1 0 0 0 1 0 1 0 1 1 0 0 0 0 </row>
            <row number="24">0 0 0 0 0 0 * * * 0 0 0 0 0 0 0 0 1 0 0 0 1 0 1 0 0 1 0 1 0 0 0 </row>
            <row number="25">0 0 0 0 0 0 * * 0 * 0 0 0 0 0 0 1 0 0 0 0 0 0 0 0 1 0 0 1 0 0 1 </row>
            <row number="26">0 1 0 0 0 0 0 0 1 * 1 0 0 0 0 0 0 0 0 0 1 1 0 0 0 0 0 0 0 0 0 1 </row>
            <row number="27">0 0 1 0 0 1 0 0 1 * 0 0 0 0 0 0 0 0 0 0 0 0 0 0 0 0 0 0 0 0 0 0 </row>
            <row number="28">1 0 0 1 1 0 * * * * 0 1 0 0 0 1 0 0 0 1 0 0 0 0 0 0 0 0 0 1 1 1 </row>
            <row number="29">1 0 0 0 0 1 0 0 0 0 1 0 0 0 0 1 0 1 0 1 0 0 0 1 0 0 0 0 0 0 1 1 </row>
            <row number="30">1 1 0 1 0 0 1 1 0 1 0 1 1 0 0 0 0 0 1 0 0 0 0 0 0 0 0 1 0 0 0 0 </row>
            <row number="31">1 1 0 0 0 0 0 0 0 0 0 0 0 0 0 1 0 0 1 0 0 0 0 0 0 0 0 0 1 0 0 0 </row>
        </path>
        <agent id="0" start.x="6" start.y="28" goal.x="9" goal.y="10" size="0.5" movespeed="1" rotationspeed="1">
            <path pathfound="true" runtime="0.020736599" duration="35.658081">
                <section id="0" start.x="6" start.y="28" goal.x="9" goal.y="28" duration="3" g-value="3"/>
                <section id="1" start.x="9" start.y="28" goal.x="9" goal.y="28" duration="1.1722777" g-value="4.1722779"/>
                <section id="2" start.x="9" start.y="28" goal.x="9" goal.y="26" duration="2" g-value="6.1722779"/>
                <section id="3" start.x="9" start.y="26" goal.x="9" goal.y="26" duration="0.17" g-value="6.3422775"/>
                <section id="4" start.x="9" start.y="26" goal.x="9" goal.y="25" duration="1" g-value="7.3422775"/>
                <section id="5" start.x="9" start.y="25" goal.x="8" goal.y="24" duration="1.4142135" g-value="8.7564917"/>
                <section id="6" start.x="8" start.y="24" goal.x="7" goal.y="24" duration="1" g-value="9.7564917"/>
                <section id="7" start.x="7" start.y="24" goal.x="7" goal.y="25" duration="1" g-value="10.756492"/>
                <section id="8" start.x="7" start.y="25" goal.x="7" goal.y="25" duration="1.0719359" g-value="11.828427"/>
                <section id="9" start.x="7" start.y="25" goal.x="6" goal.y="25" duration="1" g-value="12.828427"/>
                <section id="10" start.x="6" start.y="25" goal.x="6" goal.y="25" duration="0.24606785" g-value="13.074495"/>
                <section id="11" start.x="6" start.y="25" goal.x="6" goal.y="24" duration="1" g-value="14.074495"/>
                <section id="12" start.x="6" start.y="24" goal.x="5" goal.y="20" duration="4.1231055" g-value="18.197601"/>
                <section id="13" start.x="5" start.y="20" goal.x="4" goal.y="18" duration="2.236068" g-value="20.433668"/>
                <section id="14" start.x="4" start.y="18" goal.x="4" goal.y="18" duration="0.20999999" g-value="20.643669"/>
                <section id="15" start.x="4" start.y="18" goal.x="3" goal.y="15" duration="3.1622777" g-value="23.805946"/>
                <section id="16" start.x="3" start.y="15" goal.x="2" goal.y="15" duration="1" g-value="24.805946"/>
                <section id="17" start.x="2" start.y="15" goal.x="2" goal.y="13" duration="2" g-value="26.805946"/>
                <section id="18" start.x="2" start.y="13" goal.x="3" goal.y="13" duration="1" g-value="27.805946"/>
                <section id="19" start.x="3" start.y="13" goal.x="3" goal.y="12" duration="1" g-value="28.805946"/>
                <section id="20" start.x="3" start.y="12" goal.x="5" goal.y="12" duration="2" g-value="30.805946"/>
                <section id="21" start.x="5" start.y="12" goal.x="7" goal.y="11" duration="2.236068" g-value="33.042015"/>
                <section id="22" start.x="7" start.y="11" goal.x="7" goal.y="11" duration="0.38" g-value="33.422012"/>
                <section id="23" start.x="7" start.y="11" goal.x="9" goal.y="10" duration="2.236068" g-value="35.658081"/>
            </path>
        </agent>
    </log>
</root>
