<?xml version="1.0" ?>
<root>
    <log>
        <taskfilename>D:/GitHub/AA-SIPP_optimal_2019/Instances/32x32_20/128/154_task.xml</taskfilename>
        <mapfilename>32x32_20.xml</mapfilename>
        <configfilename>config.xml</configfilename>
        <obstaclesfilename>D:/GitHub/AA-SIPP_optimal_2019/Instances/32x32_20/128/154_task_obs.xml</obstaclesfilename>
        <summary runtime="0.018801499" tries="1" agentssolved="1 (100.000000%)" flowtime="40.816147" makespan="40.816147"/>
        <path>
            <row number="0">0 0 0 0 0 0 0 0 0 0 1 0 0 0 0 0 0 1 0 0 0 1 0 1 0 0 0 0 0 0 0 0 </row>
            <row number="1">1 0 0 0 1 0 1 1 0 0 0 0 0 0 0 0 0 0 0 1 0 1 0 0 0 1 0 0 0 0 0 0 </row>
            <row number="2">0 0 0 0 0 0 0 0 0 0 0 0 0 0 1 0 0 0 0 0 0 0 0 1 1 0 0 0 1 0 0 0 </row>
            <row number="3">0 0 0 0 0 1 0 1 0 0 0 0 0 0 0 0 0 0 1 0 0 0 0 0 0 0 0 0 0 1 0 0 </row>
            <row number="4">0 1 1 0 0 0 0 0 0 0 0 0 0 0 1 1 0 1 0 0 0 0 0 0 1 0 0 1 0 0 0 0 </row>
            <row number="5">0 0 0 0 0 0 1 0 0 1 0 1 0 0 1 1 0 0 0 0 0 0 1 0 0 0 0 1 0 0 1 1 </row>
            <row number="6">0 0 0 0 0 0 1 0 0 1 1 0 0 0 0 0 0 0 0 1 0 0 0 0 0 0 0 1 0 0 0 1 </row>
            <row number="7">0 1 0 0 0 1 0 0 0 0 0 0 0 0 0 0 0 0 0 0 0 1 1 0 0 0 1 0 0 1 0 0 </row>
            <row number="8">0 0 0 0 0 0 1 0 0 0 0 0 0 0 0 0 1 0 0 0 0 0 0 0 1 0 1 0 0 0 0 0 </row>
            <row number="9">0 0 1 0 1 0 0 0 0 0 0 0 0 0 0 0 0 1 0 1 0 0 0 0 0 0 0 1 1 0 0 0 </row>
            <row number="10">1 0 1 0 0 0 0 0 0 0 0 0 1 0 1 0 0 0 0 0 0 0 1 0 0 0 1 0 0 0 0 0 </row>
            <row number="11">0 0 0 0 0 0 0 0 0 0 0 0 1 0 0 0 0 0 1 0 1 0 1 0 0 0 0 0 0 0 1 0 </row>
            <row number="12">0 0 1 0 0 0 0 0 1 0 1 0 1 1 0 1 0 0 0 0 0 0 0 0 0 0 1 0 0 0 0 0 </row>
            <row number="13">0 1 0 0 0 0 0 0 0 0 0 0 0 0 0 0 0 0 1 0 1 0 0 0 0 0 1 0 0 0 1 0 </row>
            <row number="14">0 0 0 1 1 1 0 0 0 0 0 0 0 1 0 0 0 0 0 0 0 0 0 1 0 0 0 0 0 0 0 0 </row>
            <row number="15">0 0 0 0 0 0 0 0 1 0 0 0 0 1 0 1 0 1 0 0 1 0 0 0 0 0 0 0 0 0 0 0 </row>
            <row number="16">0 0 1 0 0 0 1 0 0 0 0 0 0 0 0 1 0 0 0 0 1 0 0 1 1 1 0 0 0 0 1 0 </row>
            <row number="17">0 1 0 0 0 0 0 0 1 1 1 0 0 1 0 1 0 0 1 0 1 0 0 1 1 0 0 0 0 1 1 1 </row>
            <row number="18">1 0 0 0 0 0 0 0 0 0 1 0 0 0 0 0 0 0 0 1 0 0 1 0 0 0 0 0 0 1 1 1 </row>
            <row number="19">0 0 0 0 0 0 1 0 0 0 1 0 0 1 0 0 1 0 1 0 0 0 1 0 0 0 1 0 * * * 0 </row>
            <row number="20">0 1 0 1 0 0 0 0 0 0 0 0 1 0 0 0 0 0 0 0 0 0 1 1 0 1 0 0 0 1 * 0 </row>
            <row number="21">0 0 0 0 0 0 0 1 0 1 0 0 0 0 0 0 0 0 1 0 0 1 1 1 0 0 1 1 1 * * * </row>
            <row number="22">0 0 1 0 1 0 0 1 0 0 0 0 1 0 0 0 0 0 0 1 0 0 0 0 0 0 0 0 0 0 1 * </row>
            <row number="23">0 0 0 0 0 0 0 1 0 0 0 0 0 1 0 0 0 0 1 0 0 0 1 0 1 0 1 1 0 0 0 * </row>
            <row number="24">0 0 0 0 0 0 0 0 0 0 0 0 0 0 0 0 0 1 * * 0 1 0 1 0 0 1 0 1 0 * 0 </row>
            <row number="25">0 0 0 0 0 0 0 0 0 0 0 0 0 0 0 0 1 0 * 0 * * * * 0 1 0 0 1 * 0 1 </row>
            <row number="26">0 1 0 0 0 0 0 0 1 0 1 0 0 0 0 0 * * 0 0 1 1 0 0 * * * * * * 0 1 </row>
            <row number="27">0 0 1 0 0 1 0 0 1 0 0 0 0 0 0 0 * 0 0 0 0 0 0 0 0 0 0 0 0 0 0 0 </row>
            <row number="28">1 0 0 1 1 0 0 0 0 0 0 1 0 0 0 1 * 0 0 1 0 0 0 0 0 0 0 0 0 1 1 1 </row>
            <row number="29">1 0 0 0 0 1 0 0 0 0 1 0 0 0 0 1 * 1 0 1 0 0 0 1 0 0 0 0 0 0 1 1 </row>
            <row number="30">1 1 0 1 0 0 1 1 0 1 0 1 1 0 * * * 0 1 0 0 0 0 0 0 0 0 1 0 0 0 0 </row>
            <row number="31">1 1 0 0 0 0 0 0 0 0 * * * * 0 1 0 0 1 0 0 0 0 0 0 0 0 0 1 0 0 0 </row>
        </path>
        <agent id="0" start.x="10" start.y="31" goal.x="28" goal.y="20" size="0.5" movespeed="1" rotationspeed="1">
            <path pathfound="true" runtime="0.016899301" duration="40.816147">
                <section id="0" start.x="10" start.y="31" goal.x="13" goal.y="31" duration="3" g-value="3"/>
                <section id="1" start.x="13" start.y="31" goal.x="14" goal.y="30" duration="1.4142135" g-value="4.4142137"/>
                <section id="2" start.x="14" start.y="30" goal.x="16" goal.y="30" duration="2" g-value="6.4142137"/>
                <section id="3" start.x="16" start.y="30" goal.x="16" goal.y="30" duration="0.98806417" g-value="7.4022779"/>
                <section id="4" start.x="16" start.y="30" goal.x="16" goal.y="27" duration="3" g-value="10.402278"/>
                <section id="5" start.x="16" start.y="27" goal.x="16" goal.y="26" duration="1" g-value="11.402278"/>
                <section id="6" start.x="16" start.y="26" goal.x="17" goal.y="26" duration="1" g-value="12.402278"/>
                <section id="7" start.x="17" start.y="26" goal.x="18" goal.y="25" duration="1.4142135" g-value="13.816491"/>
                <section id="8" start.x="18" start.y="25" goal.x="18" goal.y="24" duration="1" g-value="14.816491"/>
                <section id="9" start.x="18" start.y="24" goal.x="19" goal.y="24" duration="1" g-value="15.816491"/>
                <section id="10" start.x="19" start.y="24" goal.x="20" goal.y="25" duration="1.4142135" g-value="17.230705"/>
                <section id="11" start.x="20" start.y="25" goal.x="22" goal.y="25" duration="2" g-value="19.230705"/>
                <section id="12" start.x="22" start.y="25" goal.x="24" goal.y="26" duration="2.236068" g-value="21.466772"/>
                <section id="13" start.x="24" start.y="26" goal.x="29" goal.y="26" duration="5" g-value="26.466772"/>
                <section id="14" start.x="29" start.y="26" goal.x="30" goal.y="24" duration="2.236068" g-value="28.702841"/>
                <section id="15" start.x="30" start.y="24" goal.x="31" goal.y="23" duration="1.4142135" g-value="30.117054"/>
                <section id="16" start.x="31" start.y="23" goal.x="31" goal.y="21" duration="2" g-value="32.117054"/>
                <section id="17" start.x="31" start.y="21" goal.x="29" goal.y="21" duration="2" g-value="34.117054"/>
                <section id="18" start.x="29" start.y="21" goal.x="29" goal.y="21" duration="0.69909233" g-value="34.816147"/>
                <section id="19" start.x="29" start.y="21" goal.x="30" goal.y="21" duration="1" g-value="35.816147"/>
                <section id="20" start.x="30" start.y="21" goal.x="30" goal.y="19" duration="2" g-value="37.816147"/>
                <section id="21" start.x="30" start.y="19" goal.x="28" goal.y="19" duration="2" g-value="39.816147"/>
                <section id="22" start.x="28" start.y="19" goal.x="28" goal.y="20" duration="1" g-value="40.816147"/>
            </path>
        </agent>
    </log>
</root>
