<?xml version="1.0" ?>
<root>
    <log>
        <taskfilename>D:/GitHub/AA-SIPP_optimal_2019/Instances/32x32_20/128/156_task.xml</taskfilename>
        <mapfilename>32x32_20.xml</mapfilename>
        <configfilename>config.xml</configfilename>
        <obstaclesfilename>D:/GitHub/AA-SIPP_optimal_2019/Instances/32x32_20/128/156_task_obs.xml</obstaclesfilename>
        <summary runtime="0.035114001" tries="1" agentssolved="1 (100.000000%)" flowtime="34.070282" makespan="34.070282"/>
        <path>
            <row number="0">0 0 0 0 0 0 0 0 0 0 1 0 0 0 0 0 0 1 0 0 0 1 0 1 0 0 0 0 0 0 0 0 </row>
            <row number="1">1 0 0 0 1 0 1 1 0 0 0 0 0 0 0 0 0 0 0 1 0 1 0 0 0 1 0 0 0 0 0 0 </row>
            <row number="2">0 0 0 0 0 0 0 0 0 0 0 0 0 0 1 0 0 0 0 0 0 0 0 1 1 0 0 0 1 0 0 0 </row>
            <row number="3">0 0 0 0 0 1 0 1 0 0 0 0 0 0 0 0 0 0 1 0 0 0 0 0 0 0 0 0 0 1 0 0 </row>
            <row number="4">0 1 1 0 0 0 0 0 0 0 0 0 0 0 1 1 0 1 0 * * 0 0 0 1 0 0 1 0 0 0 0 </row>
            <row number="5">0 0 0 0 0 0 1 0 0 1 0 1 0 0 1 1 0 0 0 0 * 0 1 0 0 0 0 1 0 0 1 1 </row>
            <row number="6">0 0 0 0 0 0 1 0 0 1 1 0 0 0 0 0 0 0 0 1 * 0 0 0 0 0 0 1 0 0 0 1 </row>
            <row number="7">0 1 0 0 0 1 0 0 0 0 0 0 0 0 0 0 0 0 0 * * 1 1 0 0 0 1 0 0 1 0 0 </row>
            <row number="8">0 0 0 0 0 0 1 0 0 0 0 0 0 0 0 0 1 0 * 0 0 0 0 0 1 0 1 0 0 0 0 0 </row>
            <row number="9">0 0 1 0 1 0 0 0 0 0 0 0 0 0 0 0 0 1 * 1 0 0 0 0 0 0 0 1 1 0 0 0 </row>
            <row number="10">1 0 1 0 0 0 0 0 0 0 0 0 1 0 1 0 0 * * 0 0 0 1 0 0 0 1 0 0 0 0 0 </row>
            <row number="11">0 0 0 0 0 0 0 0 0 0 0 0 1 0 0 0 0 * 1 0 1 0 1 0 0 0 0 0 0 0 1 0 </row>
            <row number="12">0 0 1 0 0 0 0 0 1 0 1 0 1 1 0 1 * 0 0 0 0 0 0 0 0 0 1 0 0 0 0 0 </row>
            <row number="13">0 1 0 0 0 0 0 0 0 0 0 0 0 0 0 0 * 0 1 0 1 0 0 0 0 0 1 0 0 0 1 0 </row>
            <row number="14">0 0 0 1 1 1 0 0 0 0 0 0 0 1 0 0 * 0 0 0 0 0 0 1 0 0 0 0 0 0 0 0 </row>
            <row number="15">0 0 0 0 0 0 0 0 1 0 0 0 0 1 0 1 * 1 0 0 1 0 0 0 0 0 0 0 0 0 0 0 </row>
            <row number="16">0 0 1 0 0 0 1 0 0 0 0 0 0 0 0 1 * * 0 0 1 0 0 1 1 1 0 0 0 0 1 0 </row>
            <row number="17">0 1 0 0 0 0 0 0 1 1 1 0 0 1 0 1 0 * 1 0 1 0 0 1 1 0 0 0 0 1 1 1 </row>
            <row number="18">1 0 0 0 0 0 0 0 0 0 1 0 0 0 0 0 0 * 0 1 0 0 1 0 0 0 0 0 0 1 1 1 </row>
            <row number="19">0 0 0 0 0 0 1 0 0 0 1 0 0 1 0 0 1 * 1 0 0 0 1 0 0 0 1 0 0 0 0 0 </row>
            <row number="20">0 1 0 1 0 0 0 0 0 0 0 0 1 0 0 0 0 * * * 0 0 1 1 0 1 0 0 0 1 0 0 </row>
            <row number="21">0 0 0 0 0 0 0 1 0 1 0 0 0 0 0 0 0 * 1 0 0 1 1 1 0 0 1 1 1 0 0 0 </row>
            <row number="22">0 0 1 0 1 0 0 1 0 0 0 0 1 0 0 0 0 0 0 1 0 0 0 0 0 0 0 0 0 0 1 0 </row>
            <row number="23">0 0 0 0 0 0 0 1 0 0 0 0 0 1 0 0 0 0 1 0 0 0 1 0 1 0 1 1 0 0 0 0 </row>
            <row number="24">0 0 0 0 0 0 0 0 0 0 0 0 0 0 0 0 0 1 0 0 0 1 0 1 0 0 1 0 1 0 0 0 </row>
            <row number="25">0 0 0 0 0 0 0 0 0 0 0 0 0 0 0 0 1 0 0 0 0 0 0 0 0 1 0 0 1 0 0 1 </row>
            <row number="26">0 1 0 0 0 0 0 0 1 0 1 0 0 0 0 0 0 0 0 0 1 1 0 0 0 0 0 0 0 0 0 1 </row>
            <row number="27">0 0 1 0 0 1 0 0 1 0 0 0 0 0 0 0 0 0 0 0 0 0 0 0 0 0 0 0 0 0 0 0 </row>
            <row number="28">1 0 0 1 1 0 0 0 0 0 0 1 0 0 0 1 0 0 0 1 0 0 0 0 0 0 0 0 0 1 1 1 </row>
            <row number="29">1 0 0 0 0 1 0 0 0 0 1 0 0 0 0 1 0 1 0 1 0 0 0 1 0 0 0 0 0 0 1 1 </row>
            <row number="30">1 1 0 1 0 0 1 1 0 1 0 1 1 0 0 0 0 0 1 0 0 0 0 0 0 0 0 1 0 0 0 0 </row>
            <row number="31">1 1 0 0 0 0 0 0 0 0 0 0 0 0 0 1 0 0 1 0 0 0 0 0 0 0 0 0 1 0 0 0 </row>
        </path>
        <agent id="0" start.x="20" start.y="4" goal.x="19" goal.y="19" size="0.5" movespeed="1" rotationspeed="1">
            <path pathfound="true" runtime="0.033001501" duration="34.070282">
                <section id="0" start.x="20" start.y="4" goal.x="19" goal.y="4" duration="1" g-value="1"/>
                <section id="1" start.x="19" start.y="4" goal.x="19" goal.y="4" duration="0.59578639" g-value="1.5957863"/>
                <section id="2" start.x="19" start.y="4" goal.x="20" goal.y="5" duration="1.4142135" g-value="3.01"/>
                <section id="3" start.x="20" start.y="5" goal.x="20" goal.y="6" duration="1" g-value="4.0099998"/>
                <section id="4" start.x="20" start.y="6" goal.x="20" goal.y="6" duration="1.957011" g-value="5.967011"/>
                <section id="5" start.x="20" start.y="6" goal.x="20" goal.y="7" duration="1" g-value="6.967011"/>
                <section id="6" start.x="20" start.y="7" goal.x="20" goal.y="7" duration="0.37" g-value="7.3370109"/>
                <section id="7" start.x="20" start.y="7" goal.x="18" goal.y="8" duration="2.236068" g-value="9.5730791"/>
                <section id="8" start.x="18" start.y="8" goal.x="18" goal.y="9" duration="1" g-value="10.573079"/>
                <section id="9" start.x="18" start.y="9" goal.x="18" goal.y="9" duration="1.2611347" g-value="11.834213"/>
                <section id="10" start.x="18" start.y="9" goal.x="18" goal.y="10" duration="1" g-value="12.834213"/>
                <section id="11" start.x="18" start.y="10" goal.x="17" goal.y="10" duration="1" g-value="13.834213"/>
                <section id="12" start.x="17" start.y="10" goal.x="17" goal.y="10" duration="0.65770835" g-value="14.491922"/>
                <section id="13" start.x="17" start.y="10" goal.x="16" goal.y="12" duration="2.236068" g-value="16.727989"/>
                <section id="14" start.x="16" start.y="12" goal.x="16" goal.y="16" duration="4" g-value="20.727989"/>
                <section id="15" start.x="16" start.y="16" goal.x="16" goal.y="16" duration="0.65673494" g-value="21.384726"/>
                <section id="16" start.x="16" start.y="16" goal.x="17" goal.y="16" duration="1" g-value="22.384726"/>
                <section id="17" start.x="17" start.y="16" goal.x="17" goal.y="16" duration="1.58" g-value="23.964725"/>
                <section id="18" start.x="17" start.y="16" goal.x="17" goal.y="19" duration="3" g-value="26.964725"/>
                <section id="19" start.x="17" start.y="19" goal.x="17" goal.y="19" duration="0.41999999" g-value="27.384726"/>
                <section id="20" start.x="17" start.y="19" goal.x="17" goal.y="21" duration="2" g-value="29.384726"/>
                <section id="21" start.x="17" start.y="21" goal.x="17" goal.y="21" duration="0.68555653" g-value="30.070282"/>
                <section id="22" start.x="17" start.y="21" goal.x="17" goal.y="20" duration="1" g-value="31.070282"/>
                <section id="23" start.x="17" start.y="20" goal.x="19" goal.y="20" duration="2" g-value="33.070282"/>
                <section id="24" start.x="19" start.y="20" goal.x="19" goal.y="19" duration="1" g-value="34.070282"/>
            </path>
        </agent>
    </log>
</root>
