<?xml version="1.0" ?>
<root>
    <log>
        <taskfilename>D:/GitHub/AA-SIPP_optimal_2019/Instances/32x32_20/128/159_task.xml</taskfilename>
        <mapfilename>32x32_20.xml</mapfilename>
        <configfilename>config.xml</configfilename>
        <obstaclesfilename>D:/GitHub/AA-SIPP_optimal_2019/Instances/32x32_20/128/159_task_obs.xml</obstaclesfilename>
        <summary runtime="0.031390499" tries="1" agentssolved="1 (100.000000%)" flowtime="47.65387" makespan="47.65387"/>
        <path>
            <row number="0">0 0 0 0 0 0 0 0 0 0 1 0 0 0 0 0 0 1 0 0 0 1 * 1 0 0 0 0 0 0 0 0 </row>
            <row number="1">1 0 0 0 1 0 1 1 0 0 0 0 0 0 0 0 0 0 0 1 0 1 * 0 0 1 0 0 0 0 0 0 </row>
            <row number="2">0 0 0 0 0 0 0 0 0 0 0 0 0 0 1 0 0 * * * * * * 1 1 0 0 0 1 0 0 0 </row>
            <row number="3">0 0 0 0 0 1 0 1 0 0 0 0 0 0 0 0 * 0 1 0 0 0 0 0 0 0 0 0 0 1 0 0 </row>
            <row number="4">0 1 1 0 0 0 0 0 0 0 0 0 0 0 1 1 * 1 0 0 0 0 0 0 1 0 0 1 0 0 0 0 </row>
            <row number="5">0 0 0 0 0 0 1 0 0 1 0 1 0 0 1 1 * 0 0 0 0 0 1 0 0 0 0 1 0 0 1 1 </row>
            <row number="6">0 0 0 0 0 0 1 0 0 1 1 0 * * * * * 0 0 1 0 0 0 0 0 0 0 1 0 0 0 1 </row>
            <row number="7">0 1 0 0 0 1 0 0 0 0 0 0 * 0 0 0 * * 0 0 0 1 1 0 0 0 1 0 0 1 0 0 </row>
            <row number="8">0 0 0 0 0 0 1 0 0 0 0 * 0 0 0 0 1 0 0 0 0 0 0 0 1 0 1 0 0 0 0 0 </row>
            <row number="9">0 0 1 0 1 0 0 0 0 0 0 * 0 0 0 0 0 1 0 1 0 0 0 0 0 0 0 1 1 0 0 0 </row>
            <row number="10">1 0 1 0 0 0 0 0 0 0 0 * 1 0 1 0 0 0 0 0 0 0 1 0 0 0 1 0 0 0 0 0 </row>
            <row number="11">0 0 0 0 0 0 0 0 0 0 0 * 1 0 0 0 0 0 1 0 1 0 1 0 0 0 0 0 0 0 1 0 </row>
            <row number="12">0 0 1 0 0 0 0 0 1 0 1 * 1 1 0 1 0 0 0 0 0 0 0 0 0 0 1 0 0 0 0 0 </row>
            <row number="13">0 1 0 0 0 0 0 0 0 0 0 * 0 0 0 0 0 0 1 0 1 0 0 0 0 0 1 0 0 0 1 0 </row>
            <row number="14">0 0 0 1 1 1 0 0 0 0 0 * 0 1 0 0 0 0 0 0 0 0 0 1 0 0 0 0 0 0 0 0 </row>
            <row number="15">0 0 0 0 0 0 0 0 1 0 0 * 0 1 0 1 0 1 0 0 1 0 0 0 0 0 0 0 0 0 0 0 </row>
            <row number="16">0 0 1 0 0 0 1 0 0 0 0 * 0 0 0 1 0 0 0 0 1 0 0 1 1 1 0 0 0 0 1 0 </row>
            <row number="17">0 1 0 0 0 0 0 0 1 1 1 * * 1 0 1 0 0 1 0 1 0 0 1 1 0 0 0 0 1 1 1 </row>
            <row number="18">1 0 0 0 0 0 0 0 0 0 1 0 * 0 0 0 0 0 0 1 0 0 1 0 0 0 0 0 0 1 1 1 </row>
            <row number="19">0 0 0 0 0 0 1 0 0 0 1 * * 1 0 0 1 0 1 0 0 0 1 0 0 0 1 0 0 0 0 0 </row>
            <row number="20">0 1 0 1 0 0 0 0 0 * * * 1 0 0 0 0 0 0 0 0 0 1 1 0 1 0 0 0 1 0 0 </row>
            <row number="21">0 0 0 0 0 0 0 1 0 1 0 0 0 0 0 0 0 0 1 0 0 1 1 1 0 0 1 1 1 0 0 0 </row>
            <row number="22">0 0 1 0 1 0 0 1 0 0 0 0 1 0 0 0 0 0 0 1 0 0 0 0 0 0 0 0 0 0 1 0 </row>
            <row number="23">0 0 0 0 0 0 0 1 0 0 0 0 0 1 0 0 0 0 1 0 0 0 1 0 1 0 1 1 0 0 0 0 </row>
            <row number="24">0 0 0 0 0 0 0 0 0 0 0 0 0 0 0 0 0 1 0 0 0 1 0 1 0 0 1 0 1 0 0 0 </row>
            <row number="25">0 0 0 0 0 0 0 0 0 0 0 0 0 0 0 0 1 0 0 0 0 0 0 0 0 1 0 0 1 0 0 1 </row>
            <row number="26">0 1 0 0 0 0 0 0 1 0 1 0 0 0 0 0 0 0 0 0 1 1 0 0 0 0 0 0 0 0 0 1 </row>
            <row number="27">0 0 1 0 0 1 0 0 1 0 0 0 0 0 0 0 0 0 0 0 0 0 0 0 0 0 0 0 0 0 0 0 </row>
            <row number="28">1 0 0 1 1 0 0 0 0 0 0 1 0 0 0 1 0 0 0 1 0 0 0 0 0 0 0 0 0 1 1 1 </row>
            <row number="29">1 0 0 0 0 1 0 0 0 0 1 0 0 0 0 1 0 1 0 1 0 0 0 1 0 0 0 0 0 0 1 1 </row>
            <row number="30">1 1 0 1 0 0 1 1 0 1 0 1 1 0 0 0 0 0 1 0 0 0 0 0 0 0 0 1 0 0 0 0 </row>
            <row number="31">1 1 0 0 0 0 0 0 0 0 0 0 0 0 0 1 0 0 1 0 0 0 0 0 0 0 0 0 1 0 0 0 </row>
        </path>
        <agent id="0" start.x="22" start.y="0" goal.x="8" goal.y="20" size="0.5" movespeed="1" rotationspeed="1">
            <path pathfound="true" runtime="0.029611301" duration="47.65387">
                <section id="0" start.x="22" start.y="0" goal.x="22" goal.y="0" duration="2.3760679" g-value="2.3760679"/>
                <section id="1" start.x="22" start.y="0" goal.x="22" goal.y="2" duration="2" g-value="4.3760681"/>
                <section id="2" start.x="22" start.y="2" goal.x="22" goal.y="2" duration="1.28" g-value="5.6560678"/>
                <section id="3" start.x="22" start.y="2" goal.x="17" goal.y="2" duration="5" g-value="10.656068"/>
                <section id="4" start.x="17" start.y="2" goal.x="16" goal.y="3" duration="1.4142135" g-value="12.070281"/>
                <section id="5" start.x="16" start.y="3" goal.x="16" goal.y="7" duration="4" g-value="16.070282"/>
                <section id="6" start.x="16" start.y="7" goal.x="17" goal.y="7" duration="1" g-value="17.070282"/>
                <section id="7" start.x="17" start.y="7" goal.x="17" goal.y="7" duration="0.11131785" g-value="17.181599"/>
                <section id="8" start.x="17" start.y="7" goal.x="16" goal.y="6" duration="1.4142135" g-value="18.595814"/>
                <section id="9" start.x="16" start.y="6" goal.x="16" goal.y="6" duration="3.6227825" g-value="22.218596"/>
                <section id="10" start.x="16" start.y="6" goal.x="14" goal.y="6" duration="2" g-value="24.218596"/>
                <section id="11" start.x="14" start.y="6" goal.x="14" goal.y="6" duration="1.2367766" g-value="25.455372"/>
                <section id="12" start.x="14" start.y="6" goal.x="13" goal.y="6" duration="1" g-value="26.455372"/>
                <section id="13" start.x="13" start.y="6" goal.x="13" goal.y="6" duration="0.07" g-value="26.525372"/>
                <section id="14" start.x="13" start.y="6" goal.x="12" goal.y="6" duration="1" g-value="27.525372"/>
                <section id="15" start.x="12" start.y="6" goal.x="12" goal.y="6" duration="0.56621963" g-value="28.091591"/>
                <section id="16" start.x="12" start.y="6" goal.x="11" goal.y="9" duration="3.1622777" g-value="31.25387"/>
                <section id="17" start.x="11" start.y="9" goal.x="11" goal.y="16" duration="7" g-value="38.253868"/>
                <section id="18" start.x="11" start.y="16" goal.x="11" goal.y="16" duration="0.40000001" g-value="38.65387"/>
                <section id="19" start.x="11" start.y="16" goal.x="11" goal.y="17" duration="1" g-value="39.65387"/>
                <section id="20" start.x="11" start.y="17" goal.x="12" goal.y="17" duration="1" g-value="40.65387"/>
                <section id="21" start.x="12" start.y="17" goal.x="12" goal.y="19" duration="2" g-value="42.65387"/>
                <section id="22" start.x="12" start.y="19" goal.x="11" goal.y="19" duration="1" g-value="43.65387"/>
                <section id="23" start.x="11" start.y="19" goal.x="11" goal.y="20" duration="1" g-value="44.65387"/>
                <section id="24" start.x="11" start.y="20" goal.x="8" goal.y="20" duration="3" g-value="47.65387"/>
            </path>
        </agent>
    </log>
</root>
