<?xml version="1.0" ?>
<root>
    <log>
        <taskfilename>D:/GitHub/AA-SIPP_optimal_2019/Instances/32x32_20/128/15_task.xml</taskfilename>
        <mapfilename>32x32_20.xml</mapfilename>
        <configfilename>config.xml</configfilename>
        <obstaclesfilename>D:/GitHub/AA-SIPP_optimal_2019/Instances/32x32_20/128/15_task_obs.xml</obstaclesfilename>
        <summary runtime="0.0259185" tries="1" agentssolved="1 (100.000000%)" flowtime="50.148087" makespan="50.148087"/>
        <path>
            <row number="0">0 0 0 0 0 0 0 0 0 0 1 0 0 0 0 0 0 1 0 0 0 1 0 1 0 0 0 0 0 0 0 0 </row>
            <row number="1">1 0 0 0 1 0 1 1 0 0 0 0 0 0 0 0 0 0 0 1 0 1 0 0 0 1 0 0 0 0 0 0 </row>
            <row number="2">0 0 0 0 0 0 0 0 0 0 0 0 0 0 1 0 0 0 0 0 0 0 0 1 1 0 0 0 1 0 0 0 </row>
            <row number="3">0 0 0 0 0 1 0 1 0 0 0 0 0 0 0 0 0 0 1 0 0 0 0 0 0 0 0 0 0 1 0 0 </row>
            <row number="4">0 1 1 0 0 0 0 0 0 0 0 0 0 0 1 1 0 1 0 0 0 0 0 0 1 0 0 1 0 0 0 0 </row>
            <row number="5">0 0 0 0 0 0 1 0 0 1 0 1 0 0 1 1 0 0 0 0 0 0 1 0 0 0 0 1 0 0 1 1 </row>
            <row number="6">0 0 0 0 0 0 1 0 0 1 1 0 0 0 0 0 0 0 0 1 0 0 0 0 0 0 0 1 0 0 0 1 </row>
            <row number="7">0 1 0 0 0 1 0 0 0 0 0 0 0 0 0 0 0 0 0 0 0 1 1 0 0 0 1 0 0 1 0 0 </row>
            <row number="8">0 0 0 0 0 0 1 0 0 0 0 0 0 0 0 0 1 0 0 0 0 0 0 0 1 0 1 0 0 0 0 0 </row>
            <row number="9">0 0 1 0 1 0 0 0 0 0 0 0 0 0 0 0 0 1 0 1 0 0 0 0 0 0 0 1 1 0 0 0 </row>
            <row number="10">1 0 1 0 0 0 0 0 0 0 0 0 1 0 1 0 0 0 0 0 0 0 1 0 0 0 1 0 0 0 0 0 </row>
            <row number="11">0 0 0 0 0 0 0 0 0 0 0 0 1 0 0 0 0 0 1 0 1 0 1 0 0 0 0 0 0 0 1 0 </row>
            <row number="12">0 0 1 0 0 0 0 0 1 0 1 0 1 1 0 1 0 0 0 0 0 0 0 0 0 0 1 0 0 0 0 0 </row>
            <row number="13">0 1 0 0 0 0 0 0 0 0 0 0 0 0 0 0 0 0 1 0 1 0 0 0 0 0 1 0 0 0 1 0 </row>
            <row number="14">0 0 0 1 1 1 0 0 0 0 0 0 0 1 0 0 0 0 0 0 0 0 0 1 0 0 0 0 0 0 0 0 </row>
            <row number="15">0 0 0 0 0 0 0 0 1 0 0 0 0 1 0 1 0 1 0 0 1 0 0 0 0 0 0 0 0 0 0 0 </row>
            <row number="16">0 0 1 0 0 0 1 0 0 0 0 0 0 0 0 1 0 0 0 0 1 0 0 1 1 1 0 0 0 0 1 0 </row>
            <row number="17">0 1 0 0 0 0 0 0 1 1 1 0 0 1 0 1 0 0 1 0 1 0 0 1 1 0 0 0 0 1 1 1 </row>
            <row number="18">1 0 0 0 0 0 0 * 0 0 1 0 0 0 0 0 0 0 0 1 0 0 1 0 0 0 0 0 0 1 1 1 </row>
            <row number="19">0 0 0 0 0 0 1 * 0 0 1 0 0 1 0 0 1 0 1 0 0 0 1 0 0 0 1 0 0 0 0 0 </row>
            <row number="20">0 1 0 1 0 0 0 0 * * * 0 1 0 0 0 0 0 0 0 0 0 1 1 0 1 0 0 0 1 0 0 </row>
            <row number="21">0 0 0 0 0 0 0 1 0 1 0 * * * * * * 0 1 0 0 1 1 1 0 0 1 1 1 0 0 0 </row>
            <row number="22">0 0 1 0 1 0 0 1 0 0 0 0 1 0 0 * 0 0 0 1 0 * * * * * 0 0 0 0 1 0 </row>
            <row number="23">0 0 0 0 0 0 0 1 0 0 0 0 0 1 0 * 0 0 1 0 * 0 1 0 1 * 1 1 0 0 0 0 </row>
            <row number="24">0 0 0 0 0 0 0 0 0 0 0 0 0 0 * 0 0 1 * * 0 1 0 1 * * 1 0 1 0 0 0 </row>
            <row number="25">0 0 0 0 0 0 0 0 0 0 0 0 0 0 * 0 1 0 * 0 0 0 0 0 * 1 0 0 1 0 0 1 </row>
            <row number="26">0 1 0 0 0 0 0 0 1 0 1 0 0 0 * * * * 0 0 1 1 0 0 * * 0 0 0 0 0 1 </row>
            <row number="27">0 0 1 0 0 1 0 0 1 0 0 0 0 0 0 0 0 0 0 0 0 0 0 0 0 0 * * * * * 0 </row>
            <row number="28">1 0 0 1 1 0 0 0 0 0 0 1 0 0 0 1 0 0 0 1 0 0 0 0 0 0 0 0 0 1 1 1 </row>
            <row number="29">1 0 0 0 0 1 0 0 0 0 1 0 0 0 0 1 0 1 0 1 0 0 0 1 0 0 0 0 0 0 1 1 </row>
            <row number="30">1 1 0 1 0 0 1 1 0 1 0 1 1 0 0 0 0 0 1 0 0 0 0 0 0 0 0 1 0 0 0 0 </row>
            <row number="31">1 1 0 0 0 0 0 0 0 0 0 0 0 0 0 1 0 0 1 0 0 0 0 0 0 0 0 0 1 0 0 0 </row>
        </path>
        <agent id="0" start.x="30" start.y="27" goal.x="6" goal.y="18" size="0.5" movespeed="1" rotationspeed="1">
            <path pathfound="true" runtime="0.022980999" duration="50.148087">
                <section id="0" start.x="30" start.y="27" goal.x="30" goal.y="27" duration="6.6787086" g-value="6.6787086"/>
                <section id="1" start.x="30" start.y="27" goal.x="29" goal.y="27" duration="1" g-value="7.6787086"/>
                <section id="2" start.x="29" start.y="27" goal.x="28" goal.y="27" duration="1" g-value="8.678709"/>
                <section id="3" start.x="28" start.y="27" goal.x="28" goal.y="27" duration="0.15125653" g-value="8.8299656"/>
                <section id="4" start.x="28" start.y="27" goal.x="24" goal.y="26" duration="4.1231055" g-value="12.953071"/>
                <section id="5" start.x="24" start.y="26" goal.x="24" goal.y="24" duration="2" g-value="14.953071"/>
                <section id="6" start.x="24" start.y="24" goal.x="25" goal.y="24" duration="1" g-value="15.953071"/>
                <section id="7" start.x="25" start.y="24" goal.x="25" goal.y="22" duration="2" g-value="17.953072"/>
                <section id="8" start.x="25" start.y="22" goal.x="21" goal.y="22" duration="4" g-value="21.953072"/>
                <section id="9" start.x="21" start.y="22" goal.x="19" goal.y="24" duration="2.8284271" g-value="24.781498"/>
                <section id="10" start.x="19" start.y="24" goal.x="18" goal.y="24" duration="1" g-value="25.781498"/>
                <section id="11" start.x="18" start.y="24" goal.x="18" goal.y="24" duration="1.4328839" g-value="27.214382"/>
                <section id="12" start.x="18" start.y="24" goal.x="18" goal.y="25" duration="1" g-value="28.214382"/>
                <section id="13" start.x="18" start.y="25" goal.x="18" goal.y="25" duration="0.23" g-value="28.444382"/>
                <section id="14" start.x="18" start.y="25" goal.x="17" goal.y="26" duration="1.4142135" g-value="29.858595"/>
                <section id="15" start.x="17" start.y="26" goal.x="14" goal.y="26" duration="3" g-value="32.858597"/>
                <section id="16" start.x="14" start.y="26" goal.x="14" goal.y="25" duration="1" g-value="33.858597"/>
                <section id="17" start.x="14" start.y="25" goal.x="16" goal.y="21" duration="4.472136" g-value="38.33073"/>
                <section id="18" start.x="16" start.y="21" goal.x="16" goal.y="21" duration="0.16707453" g-value="38.497807"/>
                <section id="19" start.x="16" start.y="21" goal.x="15" goal.y="21" duration="1" g-value="39.497807"/>
                <section id="20" start.x="15" start.y="21" goal.x="11" goal.y="21" duration="4" g-value="43.497807"/>
                <section id="21" start.x="11" start.y="21" goal.x="10" goal.y="20" duration="1.4142135" g-value="44.912018"/>
                <section id="22" start.x="10" start.y="20" goal.x="9" goal.y="20" duration="1" g-value="45.912018"/>
                <section id="23" start.x="9" start.y="20" goal.x="7" goal.y="19" duration="2.236068" g-value="48.148087"/>
                <section id="24" start.x="7" start.y="19" goal.x="7" goal.y="18" duration="1" g-value="49.148087"/>
                <section id="25" start.x="7" start.y="18" goal.x="6" goal.y="18" duration="1" g-value="50.148087"/>
            </path>
        </agent>
    </log>
</root>
