<?xml version="1.0" ?>
<root>
    <log>
        <taskfilename>D:/GitHub/AA-SIPP_optimal_2019/Instances/32x32_20/128/160_task.xml</taskfilename>
        <mapfilename>32x32_20.xml</mapfilename>
        <configfilename>config.xml</configfilename>
        <obstaclesfilename>D:/GitHub/AA-SIPP_optimal_2019/Instances/32x32_20/128/160_task_obs.xml</obstaclesfilename>
        <summary runtime="0.030583899" tries="1" agentssolved="1 (100.000000%)" flowtime="59.252113" makespan="59.252113"/>
        <path>
            <row number="0">0 0 0 0 0 0 0 0 0 0 1 0 0 0 0 0 0 1 0 0 0 1 0 1 0 0 0 0 0 0 0 0 </row>
            <row number="1">1 0 0 0 1 0 1 1 0 0 0 0 0 0 0 0 0 0 0 1 0 1 0 0 0 1 0 0 0 0 0 0 </row>
            <row number="2">0 0 0 0 0 0 0 0 0 0 0 0 0 0 1 0 0 0 0 0 0 0 0 1 1 0 0 0 1 0 0 0 </row>
            <row number="3">0 0 0 0 0 1 0 1 0 0 0 0 0 0 0 0 0 0 1 0 0 0 0 0 0 0 0 0 0 1 0 0 </row>
            <row number="4">0 1 1 0 0 0 0 0 0 0 0 0 0 0 1 1 0 1 0 0 0 0 0 0 1 0 0 1 0 0 0 0 </row>
            <row number="5">0 0 0 0 0 0 1 0 0 1 0 1 0 0 1 1 0 0 0 0 0 0 1 0 0 0 0 1 0 0 1 1 </row>
            <row number="6">0 0 0 0 0 0 1 0 0 1 1 0 0 0 0 0 0 0 0 1 0 0 0 0 0 0 0 1 0 0 0 1 </row>
            <row number="7">0 1 0 0 0 1 0 0 0 0 0 0 0 0 0 0 0 0 0 0 0 1 1 0 0 0 1 0 0 1 0 0 </row>
            <row number="8">0 0 0 0 0 0 1 0 0 0 0 0 0 0 0 0 1 0 0 0 0 0 0 0 1 0 1 0 0 0 0 0 </row>
            <row number="9">0 0 1 0 1 0 0 0 0 0 0 0 0 0 0 0 0 1 0 1 0 0 0 0 0 0 0 1 1 0 0 0 </row>
            <row number="10">1 0 1 0 0 0 0 0 0 0 0 0 1 0 1 0 0 0 0 0 0 0 1 0 0 0 1 0 0 0 0 0 </row>
            <row number="11">0 0 0 0 0 0 0 0 0 0 0 0 1 0 0 0 0 0 1 0 1 0 1 0 0 0 0 0 0 0 1 0 </row>
            <row number="12">0 0 1 0 0 0 0 0 1 0 1 0 1 1 0 1 0 0 0 0 0 0 0 0 0 0 1 0 0 0 0 0 </row>
            <row number="13">0 1 0 0 0 0 0 0 0 0 0 0 0 0 0 0 0 0 1 0 1 0 0 0 0 0 1 0 0 0 1 0 </row>
            <row number="14">0 0 0 1 1 1 0 0 0 0 0 0 0 1 0 0 0 0 0 0 0 0 0 1 0 0 0 0 0 0 0 0 </row>
            <row number="15">0 0 0 0 0 0 0 0 1 0 0 0 0 1 0 1 0 1 0 0 1 0 0 0 0 0 0 0 0 0 0 0 </row>
            <row number="16">0 0 1 0 0 0 1 0 0 0 0 0 0 0 0 1 0 0 0 0 1 0 0 1 1 1 0 0 0 0 1 0 </row>
            <row number="17">0 1 0 0 0 0 0 0 1 1 1 0 0 1 0 1 0 0 1 0 1 0 0 1 1 0 0 0 0 1 1 1 </row>
            <row number="18">1 0 0 0 0 0 0 0 0 0 1 0 0 0 0 0 0 0 0 1 0 0 1 0 0 0 0 0 0 1 1 1 </row>
            <row number="19">0 0 0 0 0 0 1 0 0 0 1 0 0 1 0 0 1 0 1 0 0 0 1 0 0 0 1 0 0 0 0 0 </row>
            <row number="20">0 1 0 1 0 0 0 0 0 0 0 0 1 0 0 0 0 0 0 0 0 0 1 1 0 1 0 0 0 1 0 0 </row>
            <row number="21">0 0 0 0 0 0 0 1 0 1 0 0 0 0 0 0 0 0 1 0 0 1 1 1 0 0 1 1 1 0 0 0 </row>
            <row number="22">0 0 1 0 1 0 0 1 0 0 0 0 1 0 0 0 0 0 0 1 0 0 0 0 0 0 0 0 0 0 1 0 </row>
            <row number="23">* 0 0 0 0 0 0 1 0 0 0 0 0 1 0 0 0 0 1 0 0 0 1 0 1 0 1 1 0 0 0 0 </row>
            <row number="24">* * * * * 0 0 0 0 0 0 0 0 * 0 0 0 1 * * * 1 0 1 0 0 1 0 1 0 * * </row>
            <row number="25">0 0 0 0 0 * 0 0 0 0 0 0 * * 0 0 1 0 * 0 * * * 0 0 1 0 0 1 0 * 1 </row>
            <row number="26">0 1 0 0 0 0 * 0 1 0 1 * 0 * 0 0 0 * * * 1 1 0 * 0 0 0 0 0 * 0 1 </row>
            <row number="27">0 0 1 0 0 1 0 * 1 0 * * 0 * 0 0 * 0 0 * 0 0 0 0 * 0 0 0 * 0 0 0 </row>
            <row number="28">1 0 0 1 1 0 0 * * * 0 1 0 * 0 1 * 0 0 1 0 0 0 0 0 * 0 * 0 1 1 1 </row>
            <row number="29">1 0 0 0 0 1 0 0 0 0 1 0 0 0 * 1 * 1 0 1 0 0 0 1 0 0 * 0 0 0 1 1 </row>
            <row number="30">1 1 0 1 0 0 1 1 0 1 0 1 1 0 * * * 0 1 0 0 0 0 0 0 0 0 1 0 0 0 0 </row>
            <row number="31">1 1 0 0 0 0 0 0 0 0 0 0 0 0 0 1 0 0 1 0 0 0 0 0 0 0 0 0 1 0 0 0 </row>
        </path>
        <agent id="0" start.x="31" start.y="24" goal.x="0" goal.y="22" size="0.5" movespeed="1" rotationspeed="1">
            <path pathfound="true" runtime="0.028056201" duration="59.252113">
                <section id="0" start.x="31" start.y="24" goal.x="31" goal.y="24" duration="1.246068" g-value="1.246068"/>
                <section id="1" start.x="31" start.y="24" goal.x="30" goal.y="24" duration="1" g-value="2.246068"/>
                <section id="2" start.x="30" start.y="24" goal.x="30" goal.y="24" duration="0.11" g-value="2.3560679"/>
                <section id="3" start.x="30" start.y="24" goal.x="29" goal.y="26" duration="2.236068" g-value="4.5921359"/>
                <section id="4" start.x="29" start.y="26" goal.x="26" goal.y="29" duration="4.2426405" g-value="8.8347769"/>
                <section id="5" start.x="26" start.y="29" goal.x="22" goal.y="25" duration="5.6568542" g-value="14.491631"/>
                <section id="6" start.x="22" start.y="25" goal.x="20" goal.y="25" duration="2" g-value="16.491631"/>
                <section id="7" start.x="20" start.y="25" goal.x="20" goal.y="24" duration="1" g-value="17.491631"/>
                <section id="8" start.x="20" start.y="24" goal.x="18" goal.y="24" duration="2" g-value="19.491631"/>
                <section id="9" start.x="18" start.y="24" goal.x="18" goal.y="25" duration="1" g-value="20.491631"/>
                <section id="10" start.x="18" start.y="25" goal.x="19" goal.y="27" duration="2.236068" g-value="22.727699"/>
                <section id="11" start.x="19" start.y="27" goal.x="19" goal.y="27" duration="0.3731336" g-value="23.100832"/>
                <section id="12" start.x="19" start.y="27" goal.x="19" goal.y="26" duration="1" g-value="24.100832"/>
                <section id="13" start.x="19" start.y="26" goal.x="19" goal.y="26" duration="0.19" g-value="24.290833"/>
                <section id="14" start.x="19" start.y="26" goal.x="18" goal.y="26" duration="1" g-value="25.290833"/>
                <section id="15" start.x="18" start.y="26" goal.x="16" goal.y="27" duration="2.236068" g-value="27.526901"/>
                <section id="16" start.x="16" start.y="27" goal.x="16" goal.y="30" duration="3" g-value="30.526901"/>
                <section id="17" start.x="16" start.y="30" goal.x="14" goal.y="30" duration="2" g-value="32.526901"/>
                <section id="18" start.x="14" start.y="30" goal.x="13" goal.y="27" duration="3.1622777" g-value="35.689178"/>
                <section id="19" start.x="13" start.y="27" goal.x="13" goal.y="26" duration="1" g-value="36.689178"/>
                <section id="20" start.x="13" start.y="26" goal.x="13" goal.y="24" duration="2" g-value="38.689178"/>
                <section id="21" start.x="13" start.y="24" goal.x="13" goal.y="24" duration="0.67001194" g-value="39.359192"/>
                <section id="22" start.x="13" start.y="24" goal.x="13" goal.y="25" duration="1" g-value="40.359192"/>
                <section id="23" start.x="13" start.y="25" goal.x="11" goal.y="26" duration="2.236068" g-value="42.595257"/>
                <section id="24" start.x="11" start.y="26" goal.x="11" goal.y="27" duration="1" g-value="43.595257"/>
                <section id="25" start.x="11" start.y="27" goal.x="10" goal.y="27" duration="1" g-value="44.595257"/>
                <section id="26" start.x="10" start.y="27" goal.x="9" goal.y="28" duration="1.4142135" g-value="46.009472"/>
                <section id="27" start.x="9" start.y="28" goal.x="7" goal.y="28" duration="2" g-value="48.009472"/>
                <section id="28" start.x="7" start.y="28" goal.x="7" goal.y="27" duration="1" g-value="49.009472"/>
                <section id="29" start.x="7" start.y="27" goal.x="4" goal.y="24" duration="4.2426405" g-value="53.252113"/>
                <section id="30" start.x="4" start.y="24" goal.x="0" goal.y="24" duration="4" g-value="57.252113"/>
                <section id="31" start.x="0" start.y="24" goal.x="0" goal.y="22" duration="2" g-value="59.252113"/>
            </path>
        </agent>
    </log>
</root>
