<?xml version="1.0" ?>
<root>
    <log>
        <taskfilename>D:/GitHub/AA-SIPP_optimal_2019/Instances/32x32_20/128/161_task.xml</taskfilename>
        <mapfilename>32x32_20.xml</mapfilename>
        <configfilename>config.xml</configfilename>
        <obstaclesfilename>D:/GitHub/AA-SIPP_optimal_2019/Instances/32x32_20/128/161_task_obs.xml</obstaclesfilename>
        <summary runtime="0.0602221" tries="1" agentssolved="1 (100.000000%)" flowtime="42.138988" makespan="42.138988"/>
        <path>
            <row number="0">0 0 0 0 0 0 0 0 0 0 1 0 0 0 0 0 0 1 0 0 0 1 0 1 0 0 0 0 0 0 0 0 </row>
            <row number="1">1 0 0 0 1 0 1 1 0 0 0 0 0 0 0 0 0 0 0 1 0 1 0 0 0 1 0 0 0 0 0 0 </row>
            <row number="2">0 0 0 0 0 0 0 0 0 0 0 0 0 0 1 0 0 0 0 0 0 0 0 1 1 0 0 0 1 0 0 0 </row>
            <row number="3">0 0 0 0 0 1 0 1 0 0 0 0 0 0 0 0 0 0 1 0 0 0 0 0 0 0 0 0 0 1 0 0 </row>
            <row number="4">0 1 1 0 0 0 0 0 0 0 0 0 0 0 1 1 0 1 0 0 0 0 0 0 1 0 0 1 0 0 0 0 </row>
            <row number="5">0 0 0 0 0 0 1 0 0 1 0 1 0 0 1 1 0 0 0 0 0 0 1 0 0 0 0 1 0 0 1 1 </row>
            <row number="6">0 0 0 0 0 0 1 0 0 1 1 0 0 0 0 0 0 0 0 1 0 0 0 0 0 0 0 1 0 0 0 1 </row>
            <row number="7">0 1 0 0 0 1 0 0 0 0 0 0 0 0 0 0 0 0 0 0 0 1 1 0 0 0 1 0 0 1 0 0 </row>
            <row number="8">0 0 0 0 0 0 1 0 0 0 0 0 0 0 0 0 1 0 0 0 0 0 0 0 1 0 1 0 0 0 0 0 </row>
            <row number="9">0 0 1 0 1 0 0 0 0 0 0 0 0 0 0 0 0 1 0 1 0 0 0 0 0 0 0 1 1 0 0 0 </row>
            <row number="10">1 0 1 0 0 0 0 0 0 0 0 0 1 0 1 0 0 0 0 0 0 0 1 0 0 0 1 0 0 0 0 0 </row>
            <row number="11">0 0 0 0 0 0 0 0 0 * 0 0 1 0 0 0 0 0 1 0 1 0 1 0 0 0 0 0 0 0 1 0 </row>
            <row number="12">0 0 1 0 0 0 0 0 1 * 1 0 1 1 0 1 0 0 0 0 0 0 0 0 0 0 1 0 0 0 0 0 </row>
            <row number="13">0 1 0 0 0 0 0 0 0 * 0 0 * * * 0 0 0 1 0 1 0 0 0 0 0 1 0 0 0 1 0 </row>
            <row number="14">0 0 0 1 1 1 0 0 0 0 * * * 1 * 0 0 0 0 0 0 0 0 1 0 0 0 0 0 0 0 0 </row>
            <row number="15">0 0 0 0 0 0 0 0 1 0 0 0 0 1 * 1 0 1 0 0 1 0 0 0 0 0 0 0 0 0 0 0 </row>
            <row number="16">0 0 1 0 0 0 1 0 0 0 0 0 0 * * 1 0 0 0 0 1 0 0 1 1 1 0 0 0 0 1 0 </row>
            <row number="17">0 1 0 0 0 0 0 0 1 1 1 0 0 1 * 1 0 0 1 0 1 0 0 1 1 0 0 0 0 1 1 1 </row>
            <row number="18">1 0 0 0 0 0 0 0 0 0 1 0 0 0 * 0 0 0 0 1 0 0 1 0 0 0 0 0 0 1 1 1 </row>
            <row number="19">0 0 0 0 0 0 1 0 0 0 1 0 0 1 0 * 1 0 1 0 0 0 1 0 0 0 1 0 0 0 0 0 </row>
            <row number="20">0 1 0 1 0 0 0 0 0 0 0 0 1 0 0 * 0 0 0 0 0 0 1 1 0 1 0 0 0 1 0 0 </row>
            <row number="21">0 0 0 0 0 0 0 1 0 1 0 0 0 0 0 * 0 0 1 0 0 1 1 1 0 0 1 1 1 0 0 0 </row>
            <row number="22">0 0 1 0 1 0 0 1 0 0 0 0 1 0 0 0 * * 0 1 0 0 0 0 0 0 0 0 0 0 1 0 </row>
            <row number="23">0 0 0 0 0 0 0 1 0 0 0 0 0 1 0 0 0 0 1 0 0 0 1 0 1 0 1 1 0 0 0 0 </row>
            <row number="24">0 0 0 0 0 0 0 0 0 0 0 0 0 0 0 0 0 1 0 0 0 1 0 1 0 0 1 0 1 0 0 0 </row>
            <row number="25">0 0 0 0 0 0 0 0 0 0 0 0 0 0 0 0 1 0 0 0 0 0 0 0 0 1 0 0 1 0 0 1 </row>
            <row number="26">0 1 0 0 0 0 0 0 1 0 1 0 0 0 0 0 0 0 0 0 1 1 0 0 0 0 0 0 0 0 0 1 </row>
            <row number="27">0 0 1 0 0 1 0 0 1 0 0 0 0 0 0 0 0 0 0 0 0 0 0 0 0 0 0 0 0 0 0 0 </row>
            <row number="28">1 0 0 1 1 0 0 0 0 0 0 1 0 0 0 1 0 0 0 1 0 0 0 0 0 0 0 0 0 1 1 1 </row>
            <row number="29">1 0 0 0 0 1 0 0 0 0 1 0 0 0 0 1 0 1 0 1 0 0 0 1 0 0 0 0 0 0 1 1 </row>
            <row number="30">1 1 0 1 0 0 1 1 0 1 0 1 1 0 0 0 0 0 1 0 0 0 0 0 0 0 0 1 0 0 0 0 </row>
            <row number="31">1 1 0 0 0 0 0 0 0 0 0 0 0 0 0 1 0 0 1 0 0 0 0 0 0 0 0 0 1 0 0 0 </row>
        </path>
        <agent id="0" start.x="17" start.y="22" goal.x="8" goal.y="10" size="0.5" movespeed="1" rotationspeed="1">
            <path pathfound="true" runtime="0.058125399" duration="42.138988">
                <section id="0" start.x="17" start.y="22" goal.x="17" goal.y="22" duration="3.1781456" g-value="3.1781456"/>
                <section id="1" start.x="17" start.y="22" goal.x="15" goal.y="21" duration="2.236068" g-value="5.4142137"/>
                <section id="2" start.x="15" start.y="21" goal.x="15" goal.y="21" duration="0.65606797" g-value="6.0702815"/>
                <section id="3" start.x="15" start.y="21" goal.x="15" goal.y="20" duration="1" g-value="7.0702815"/>
                <section id="4" start.x="15" start.y="20" goal.x="15" goal.y="19" duration="1" g-value="8.070281"/>
                <section id="5" start.x="15" start.y="19" goal.x="15" goal.y="19" duration="1.6916816" g-value="9.7619629"/>
                <section id="6" start.x="15" start.y="19" goal.x="14" goal.y="18" duration="1.4142135" g-value="11.176177"/>
                <section id="7" start.x="14" start.y="18" goal.x="14" goal.y="16" duration="2" g-value="13.176177"/>
                <section id="8" start.x="14" start.y="16" goal.x="13" goal.y="16" duration="1" g-value="14.176177"/>
                <section id="9" start.x="13" start.y="16" goal.x="13" goal.y="16" duration="10.840079" g-value="25.016256"/>
                <section id="10" start.x="13" start.y="16" goal.x="14" goal.y="16" duration="1" g-value="26.016256"/>
                <section id="11" start.x="14" start.y="16" goal.x="14" goal.y="16" duration="3.294307" g-value="29.310562"/>
                <section id="12" start.x="14" start.y="16" goal.x="14" goal.y="13" duration="3" g-value="32.310562"/>
                <section id="13" start.x="14" start.y="13" goal.x="12" goal.y="13" duration="2" g-value="34.310562"/>
                <section id="14" start.x="12" start.y="13" goal.x="12" goal.y="14" duration="1" g-value="35.310562"/>
                <section id="15" start.x="12" start.y="14" goal.x="10" goal.y="14" duration="2" g-value="37.310562"/>
                <section id="16" start.x="10" start.y="14" goal.x="9" goal.y="13" duration="1.4142135" g-value="38.724777"/>
                <section id="17" start.x="9" start.y="13" goal.x="9" goal.y="11" duration="2" g-value="40.724777"/>
                <section id="18" start.x="9" start.y="11" goal.x="8" goal.y="10" duration="1.4142135" g-value="42.138988"/>
            </path>
        </agent>
    </log>
</root>
