<?xml version="1.0" ?>
<root>
    <log>
        <taskfilename>D:/GitHub/AA-SIPP_optimal_2019/Instances/32x32_20/128/162_task.xml</taskfilename>
        <mapfilename>32x32_20.xml</mapfilename>
        <configfilename>config.xml</configfilename>
        <obstaclesfilename>D:/GitHub/AA-SIPP_optimal_2019/Instances/32x32_20/128/162_task_obs.xml</obstaclesfilename>
        <summary runtime="0.044041201" tries="1" agentssolved="1 (100.000000%)" flowtime="57.599541" makespan="57.599541"/>
        <path>
            <row number="0">0 0 0 0 0 0 0 0 0 0 1 0 0 0 0 0 0 1 0 0 0 1 0 1 0 0 0 0 0 0 0 0 </row>
            <row number="1">1 0 0 0 1 0 1 1 0 0 0 0 0 0 0 0 0 0 0 1 0 1 0 0 0 1 0 0 0 0 0 0 </row>
            <row number="2">0 0 0 0 0 0 0 0 0 0 0 0 0 0 1 0 0 0 0 0 0 0 0 1 1 0 0 0 1 0 0 0 </row>
            <row number="3">0 0 0 0 0 1 0 1 0 0 0 0 0 0 0 0 0 0 1 0 0 0 0 0 0 0 0 0 0 1 0 0 </row>
            <row number="4">0 1 1 0 0 0 0 0 0 0 0 0 0 0 1 1 0 1 0 0 0 0 0 0 1 0 0 1 0 0 0 0 </row>
            <row number="5">0 0 0 0 0 0 1 0 0 1 0 1 0 0 1 1 0 0 0 0 0 0 1 0 0 0 0 1 0 0 1 1 </row>
            <row number="6">0 0 0 0 0 0 1 0 0 1 1 0 0 0 0 0 0 0 0 1 0 0 0 0 0 0 0 1 0 0 0 1 </row>
            <row number="7">0 1 0 0 0 1 0 0 0 0 0 0 0 0 0 0 0 0 0 0 0 1 1 0 0 0 1 0 0 1 0 0 </row>
            <row number="8">0 0 0 0 0 0 1 0 0 0 0 0 0 0 0 0 1 0 0 0 0 0 0 0 1 0 1 0 0 0 0 0 </row>
            <row number="9">0 0 1 0 1 0 0 0 0 0 0 0 0 0 0 0 0 1 0 1 0 0 0 0 0 0 0 1 1 0 0 0 </row>
            <row number="10">1 0 1 0 0 0 0 0 0 0 0 0 1 0 1 0 0 0 0 0 0 0 1 0 0 0 1 0 0 0 0 0 </row>
            <row number="11">0 0 0 0 0 0 0 0 0 0 0 0 1 0 0 0 0 0 1 0 1 0 1 0 0 0 0 0 0 0 1 0 </row>
            <row number="12">0 0 1 0 0 0 0 0 1 0 1 0 1 1 0 1 0 0 0 0 0 0 0 0 0 0 1 0 0 0 0 0 </row>
            <row number="13">0 1 0 0 0 0 0 0 0 0 0 0 0 0 0 0 0 0 1 0 1 0 0 0 0 0 1 0 0 0 1 0 </row>
            <row number="14">0 0 0 1 1 1 0 0 0 0 0 0 0 1 0 0 0 0 0 0 0 0 0 1 0 0 0 0 0 0 0 0 </row>
            <row number="15">0 0 0 0 0 0 0 0 1 0 0 0 0 1 0 1 0 1 0 0 1 0 0 0 0 0 0 0 0 * * 0 </row>
            <row number="16">0 0 1 0 0 0 1 0 0 0 0 0 0 0 0 1 0 0 0 0 1 0 0 1 1 1 0 0 * * 1 0 </row>
            <row number="17">0 1 0 0 0 0 0 0 1 1 1 0 0 1 0 1 0 0 1 0 1 0 0 1 1 0 0 * * 1 1 1 </row>
            <row number="18">1 0 0 0 0 0 0 0 0 0 1 0 0 0 0 0 0 0 0 1 0 0 1 0 * * * 0 0 1 1 1 </row>
            <row number="19">0 0 0 0 0 0 1 0 0 0 1 0 0 1 0 0 1 0 1 0 0 0 1 0 * 0 1 0 0 0 0 0 </row>
            <row number="20">0 1 0 1 0 0 0 0 0 0 0 0 1 0 0 0 * * * * 0 0 1 1 * 1 0 0 0 1 0 0 </row>
            <row number="21">0 0 0 0 0 0 0 1 0 1 0 0 0 0 0 0 * 0 1 * * 1 1 1 * * 1 1 1 0 0 0 </row>
            <row number="22">0 0 1 0 1 0 0 1 0 0 0 0 1 0 0 0 * 0 0 1 * * * * * 0 0 0 0 0 1 0 </row>
            <row number="23">0 0 0 0 0 0 0 1 0 0 0 0 0 1 0 0 * 0 1 0 0 0 1 0 1 0 1 1 0 0 0 0 </row>
            <row number="24">0 0 0 0 0 0 0 0 0 0 0 0 0 0 0 0 * 1 0 0 0 1 0 1 0 0 1 0 1 0 0 0 </row>
            <row number="25">0 0 0 0 0 0 0 0 0 0 0 0 0 0 0 0 1 0 0 0 0 0 0 0 0 1 0 0 1 0 0 1 </row>
            <row number="26">0 1 0 0 0 0 0 0 1 0 1 0 0 0 0 0 0 0 0 0 1 1 0 0 0 0 0 0 0 0 0 1 </row>
            <row number="27">0 0 1 0 0 1 0 0 1 0 0 0 0 0 0 0 0 0 0 0 0 0 0 0 0 0 0 0 0 0 0 0 </row>
            <row number="28">1 0 0 1 1 0 0 0 0 0 0 1 0 0 0 1 0 0 0 1 0 0 0 0 0 0 0 0 0 1 1 1 </row>
            <row number="29">1 0 0 0 0 1 0 0 0 0 1 0 0 0 0 1 0 1 0 1 0 0 0 1 0 0 0 0 0 0 1 1 </row>
            <row number="30">1 1 0 1 0 0 1 1 0 1 0 1 1 0 0 0 0 0 1 0 0 0 0 0 0 0 0 1 0 0 0 0 </row>
            <row number="31">1 1 0 0 0 0 0 0 0 0 0 0 0 0 0 1 0 0 1 0 0 0 0 0 0 0 0 0 1 0 0 0 </row>
        </path>
        <agent id="0" start.x="16" start.y="24" goal.x="31" goal.y="15" size="0.5" movespeed="1" rotationspeed="1">
            <path pathfound="true" runtime="0.042075399" duration="57.599541">
                <section id="0" start.x="16" start.y="24" goal.x="16" goal.y="24" duration="24.588522" g-value="24.588522"/>
                <section id="1" start.x="16" start.y="24" goal.x="16" goal.y="22" duration="2" g-value="26.588522"/>
                <section id="2" start.x="16" start.y="22" goal.x="16" goal.y="20" duration="2" g-value="28.588522"/>
                <section id="3" start.x="16" start.y="20" goal.x="16" goal.y="20" duration="3.0183904" g-value="31.606913"/>
                <section id="4" start.x="16" start.y="20" goal.x="17" goal.y="20" duration="1" g-value="32.606911"/>
                <section id="5" start.x="17" start.y="20" goal.x="19" goal.y="20" duration="2" g-value="34.606911"/>
                <section id="6" start.x="19" start.y="20" goal.x="19" goal.y="21" duration="1" g-value="35.606911"/>
                <section id="7" start.x="19" start.y="21" goal.x="20" goal.y="21" duration="1" g-value="36.606911"/>
                <section id="8" start.x="20" start.y="21" goal.x="20" goal.y="22" duration="1" g-value="37.606911"/>
                <section id="9" start.x="20" start.y="22" goal.x="24" goal.y="22" duration="4" g-value="41.606911"/>
                <section id="10" start.x="24" start.y="22" goal.x="25" goal.y="21" duration="1.4142135" g-value="43.021126"/>
                <section id="11" start.x="25" start.y="21" goal.x="25" goal.y="21" duration="1.3423486" g-value="44.363476"/>
                <section id="12" start.x="25" start.y="21" goal.x="24" goal.y="21" duration="1" g-value="45.363476"/>
                <section id="13" start.x="24" start.y="21" goal.x="24" goal.y="18" duration="3" g-value="48.363476"/>
                <section id="14" start.x="24" start.y="18" goal.x="25" goal.y="18" duration="1" g-value="49.363476"/>
                <section id="15" start.x="25" start.y="18" goal.x="27" goal.y="17" duration="2.236068" g-value="51.599541"/>
                <section id="16" start.x="27" start.y="17" goal.x="28" goal.y="17" duration="1" g-value="52.599541"/>
                <section id="17" start.x="28" start.y="17" goal.x="28" goal.y="16" duration="1" g-value="53.599541"/>
                <section id="18" start.x="28" start.y="16" goal.x="29" goal.y="16" duration="1" g-value="54.599541"/>
                <section id="19" start.x="29" start.y="16" goal.x="29" goal.y="15" duration="1" g-value="55.599541"/>
                <section id="20" start.x="29" start.y="15" goal.x="31" goal.y="15" duration="2" g-value="57.599541"/>
            </path>
        </agent>
    </log>
</root>
