<?xml version="1.0" ?>
<root>
    <log>
        <taskfilename>D:/GitHub/AA-SIPP_optimal_2019/Instances/32x32_20/128/164_task.xml</taskfilename>
        <mapfilename>32x32_20.xml</mapfilename>
        <configfilename>config.xml</configfilename>
        <obstaclesfilename>D:/GitHub/AA-SIPP_optimal_2019/Instances/32x32_20/128/164_task_obs.xml</obstaclesfilename>
        <summary runtime="0.036618602" tries="1" agentssolved="1 (100.000000%)" flowtime="42.621563" makespan="42.621563"/>
        <path>
            <row number="0">0 0 0 0 0 0 0 0 0 0 1 0 0 0 0 0 0 1 0 0 0 1 0 1 0 0 0 0 0 0 0 0 </row>
            <row number="1">1 0 0 0 1 0 1 1 0 0 0 0 0 0 0 0 0 0 0 1 0 1 0 0 0 1 0 0 0 0 0 0 </row>
            <row number="2">0 0 0 0 0 0 0 0 0 0 0 0 0 0 1 0 0 0 0 0 0 0 0 1 1 0 0 0 1 0 0 0 </row>
            <row number="3">0 0 0 0 0 1 0 1 0 0 0 0 0 0 0 0 0 0 1 0 0 0 0 0 0 0 0 0 0 1 0 0 </row>
            <row number="4">0 1 1 0 0 0 0 0 0 0 0 0 0 0 1 1 0 1 0 0 0 * 0 0 1 0 0 1 0 0 0 0 </row>
            <row number="5">0 0 0 0 0 0 1 0 0 1 0 1 0 0 1 1 * 0 0 0 0 * 1 0 0 0 0 1 0 0 1 1 </row>
            <row number="6">0 0 0 0 0 0 1 0 0 1 1 0 0 0 0 0 * * 0 1 * 0 0 0 0 0 0 1 0 0 0 1 </row>
            <row number="7">0 1 0 0 0 1 0 0 0 0 0 0 0 0 0 * 0 0 * * * 1 1 0 0 0 1 0 0 1 0 0 </row>
            <row number="8">0 0 0 0 0 0 1 0 0 0 0 0 0 * * 0 1 0 0 0 0 0 0 0 1 0 1 0 0 0 0 0 </row>
            <row number="9">0 0 1 0 1 0 0 0 0 0 0 * * 0 0 0 0 1 0 1 0 0 0 0 0 0 0 1 1 0 0 0 </row>
            <row number="10">1 0 1 0 0 0 0 0 0 0 * * 1 0 1 0 0 0 0 0 0 0 1 0 0 0 1 0 0 0 0 0 </row>
            <row number="11">0 0 0 0 0 0 0 * * * 0 0 1 0 0 0 0 0 1 0 1 0 1 0 0 0 0 0 0 0 1 0 </row>
            <row number="12">0 0 1 0 0 0 0 * 1 0 1 0 1 1 0 1 0 0 0 0 0 0 0 0 0 0 1 0 0 0 0 0 </row>
            <row number="13">0 1 0 0 0 0 0 * 0 0 0 0 0 0 0 0 0 0 1 0 1 0 0 0 0 0 1 0 0 0 1 0 </row>
            <row number="14">0 0 0 1 1 1 * 0 0 0 0 0 0 1 0 0 0 0 0 0 0 0 0 1 0 0 0 0 0 0 0 0 </row>
            <row number="15">0 0 * * * * * 0 1 0 0 0 0 1 0 1 0 1 0 0 1 0 0 0 0 0 0 0 0 0 0 0 </row>
            <row number="16">0 0 1 0 0 0 1 0 0 0 0 0 0 0 0 1 0 0 0 0 1 0 0 1 1 1 0 0 0 0 1 0 </row>
            <row number="17">0 1 0 0 0 0 0 0 1 1 1 0 0 1 0 1 0 0 1 0 1 0 0 1 1 0 0 0 0 1 1 1 </row>
            <row number="18">1 0 0 0 0 0 0 0 0 0 1 0 0 0 0 0 0 0 0 1 0 0 1 0 0 0 0 0 0 1 1 1 </row>
            <row number="19">0 0 0 0 0 0 1 0 0 0 1 0 0 1 0 0 1 0 1 0 0 0 1 0 0 0 1 0 0 0 0 0 </row>
            <row number="20">0 1 0 1 0 0 0 0 0 0 0 0 1 0 0 0 0 0 0 0 0 0 1 1 0 1 0 0 0 1 0 0 </row>
            <row number="21">0 0 0 0 0 0 0 1 0 1 0 0 0 0 0 0 0 0 1 0 0 1 1 1 0 0 1 1 1 0 0 0 </row>
            <row number="22">0 0 1 0 1 0 0 1 0 0 0 0 1 0 0 0 0 0 0 1 0 0 0 0 0 0 0 0 0 0 1 0 </row>
            <row number="23">0 0 0 0 0 0 0 1 0 0 0 0 0 1 0 0 0 0 1 0 0 0 1 0 1 0 1 1 0 0 0 0 </row>
            <row number="24">0 0 0 0 0 0 0 0 0 0 0 0 0 0 0 0 0 1 0 0 0 1 0 1 0 0 1 0 1 0 0 0 </row>
            <row number="25">0 0 0 0 0 0 0 0 0 0 0 0 0 0 0 0 1 0 0 0 0 0 0 0 0 1 0 0 1 0 0 1 </row>
            <row number="26">0 1 0 0 0 0 0 0 1 0 1 0 0 0 0 0 0 0 0 0 1 1 0 0 0 0 0 0 0 0 0 1 </row>
            <row number="27">0 0 1 0 0 1 0 0 1 0 0 0 0 0 0 0 0 0 0 0 0 0 0 0 0 0 0 0 0 0 0 0 </row>
            <row number="28">1 0 0 1 1 0 0 0 0 0 0 1 0 0 0 1 0 0 0 1 0 0 0 0 0 0 0 0 0 1 1 1 </row>
            <row number="29">1 0 0 0 0 1 0 0 0 0 1 0 0 0 0 1 0 1 0 1 0 0 0 1 0 0 0 0 0 0 1 1 </row>
            <row number="30">1 1 0 1 0 0 1 1 0 1 0 1 1 0 0 0 0 0 1 0 0 0 0 0 0 0 0 1 0 0 0 0 </row>
            <row number="31">1 1 0 0 0 0 0 0 0 0 0 0 0 0 0 1 0 0 1 0 0 0 0 0 0 0 0 0 1 0 0 0 </row>
        </path>
        <agent id="0" start.x="21" start.y="4" goal.x="2" goal.y="14" size="0.5" movespeed="1" rotationspeed="1">
            <path pathfound="true" runtime="0.034709699" duration="42.621563">
                <section id="0" start.x="21" start.y="4" goal.x="21" goal.y="4" duration="3.2081456" g-value="3.2081456"/>
                <section id="1" start.x="21" start.y="4" goal.x="20" goal.y="6" duration="2.236068" g-value="5.4442134"/>
                <section id="2" start.x="20" start.y="6" goal.x="20" goal.y="6" duration="3.4602137" g-value="8.9044275"/>
                <section id="3" start.x="20" start.y="6" goal.x="20" goal.y="7" duration="1" g-value="9.9044275"/>
                <section id="4" start.x="20" start.y="7" goal.x="20" goal.y="7" duration="0.42164078" g-value="10.326068"/>
                <section id="5" start.x="20" start.y="7" goal.x="18" goal.y="7" duration="2" g-value="12.326068"/>
                <section id="6" start.x="18" start.y="7" goal.x="16" goal.y="5" duration="2.8284271" g-value="15.154495"/>
                <section id="7" start.x="16" start.y="5" goal.x="16" goal.y="6" duration="1" g-value="16.154495"/>
                <section id="8" start.x="16" start.y="6" goal.x="16" goal.y="6" duration="0.28999999" g-value="16.444494"/>
                <section id="9" start.x="16" start.y="6" goal.x="14" goal.y="8" duration="2.8284271" g-value="19.272923"/>
                <section id="10" start.x="14" start.y="8" goal.x="14" goal.y="8" duration="0.34014151" g-value="19.613064"/>
                <section id="11" start.x="14" start.y="8" goal.x="12" goal.y="9" duration="2.236068" g-value="21.849133"/>
                <section id="12" start.x="12" start.y="9" goal.x="12" goal.y="9" duration="0.89265597" g-value="22.741787"/>
                <section id="13" start.x="12" start.y="9" goal.x="11" goal.y="9" duration="1" g-value="23.741787"/>
                <section id="14" start.x="11" start.y="9" goal.x="11" goal.y="10" duration="1" g-value="24.741787"/>
                <section id="15" start.x="11" start.y="10" goal.x="11" goal.y="10" duration="1.249146" g-value="25.990934"/>
                <section id="16" start.x="11" start.y="10" goal.x="8" goal.y="11" duration="3.1622777" g-value="29.153212"/>
                <section id="17" start.x="8" start.y="11" goal.x="7" goal.y="11" duration="1" g-value="30.153212"/>
                <section id="18" start.x="7" start.y="11" goal.x="7" goal.y="13" duration="2" g-value="32.15321"/>
                <section id="19" start.x="7" start.y="13" goal.x="7" goal.y="13" duration="2.724138" g-value="34.87735"/>
                <section id="20" start.x="7" start.y="13" goal.x="6" goal.y="14" duration="1.4142135" g-value="36.291561"/>
                <section id="21" start.x="6" start.y="14" goal.x="6" goal.y="14" duration="0.33000001" g-value="36.621563"/>
                <section id="22" start.x="6" start.y="14" goal.x="6" goal.y="15" duration="1" g-value="37.621563"/>
                <section id="23" start.x="6" start.y="15" goal.x="2" goal.y="15" duration="4" g-value="41.621563"/>
                <section id="24" start.x="2" start.y="15" goal.x="2" goal.y="14" duration="1" g-value="42.621563"/>
            </path>
        </agent>
    </log>
</root>
