<?xml version="1.0" ?>
<root>
    <log>
        <taskfilename>D:/GitHub/AA-SIPP_optimal_2019/Instances/32x32_20/128/165_task.xml</taskfilename>
        <mapfilename>32x32_20.xml</mapfilename>
        <configfilename>config.xml</configfilename>
        <obstaclesfilename>D:/GitHub/AA-SIPP_optimal_2019/Instances/32x32_20/128/165_task_obs.xml</obstaclesfilename>
        <summary runtime="0.019864701" tries="1" agentssolved="1 (100.000000%)" flowtime="40.317448" makespan="40.317448"/>
        <path>
            <row number="0">0 0 0 0 0 0 0 0 0 0 1 0 0 0 0 0 0 1 0 0 0 1 0 1 0 0 0 0 0 0 0 0 </row>
            <row number="1">1 0 0 0 1 0 1 1 0 0 0 0 0 0 0 0 0 0 0 1 0 1 0 0 0 1 0 0 0 0 0 0 </row>
            <row number="2">0 0 0 0 0 0 0 0 0 0 0 0 0 0 1 0 * 0 0 0 0 0 0 1 1 0 0 0 1 0 0 0 </row>
            <row number="3">0 0 0 0 0 1 0 1 0 0 0 0 0 0 0 0 * 0 1 0 0 0 0 0 0 0 0 0 0 1 0 0 </row>
            <row number="4">0 1 1 0 0 0 0 0 0 0 0 0 0 0 1 1 * 1 0 0 0 0 0 0 1 0 0 1 0 0 0 0 </row>
            <row number="5">0 0 0 0 0 0 1 0 0 1 0 1 0 0 1 1 * 0 0 0 0 0 1 0 0 0 0 1 0 0 1 1 </row>
            <row number="6">0 0 0 0 0 0 1 0 0 1 1 0 0 0 0 0 * 0 0 1 0 0 0 0 0 0 0 1 0 0 0 1 </row>
            <row number="7">0 1 0 0 0 1 0 0 0 0 0 0 0 0 0 * 0 0 0 0 0 1 1 0 0 0 1 0 0 1 0 0 </row>
            <row number="8">0 0 0 0 0 0 1 0 0 0 0 0 0 0 0 * 1 0 0 0 0 0 0 0 1 0 1 0 0 0 0 0 </row>
            <row number="9">0 0 1 0 1 0 0 0 0 0 0 0 0 0 0 * 0 1 0 1 0 0 0 0 0 0 0 1 1 0 0 0 </row>
            <row number="10">1 0 1 0 0 0 0 0 0 0 0 0 1 0 1 0 * 0 0 0 0 0 1 0 0 0 1 0 0 0 0 0 </row>
            <row number="11">0 0 0 0 0 0 0 0 0 0 0 0 1 0 0 0 * 0 1 0 1 0 1 0 0 0 0 0 0 0 1 0 </row>
            <row number="12">0 0 1 0 0 0 0 0 1 0 1 0 1 1 0 1 * 0 0 0 0 0 0 0 0 0 1 0 0 0 0 0 </row>
            <row number="13">0 1 0 0 0 0 0 0 0 0 0 0 0 0 0 0 * 0 1 0 1 0 0 0 0 0 1 0 0 0 1 0 </row>
            <row number="14">0 0 0 1 1 1 0 0 0 0 0 0 0 1 0 0 * 0 0 0 0 0 0 1 0 0 0 0 0 0 0 0 </row>
            <row number="15">0 0 0 0 0 0 0 0 1 0 0 0 0 1 0 1 * 1 0 0 1 0 0 0 0 0 0 0 0 0 0 0 </row>
            <row number="16">0 0 1 0 0 0 1 0 0 0 0 0 0 0 0 1 * 0 0 0 1 0 0 1 1 1 0 0 0 0 1 0 </row>
            <row number="17">0 1 0 0 0 0 0 0 1 1 1 0 0 1 0 1 * 0 1 0 1 0 0 1 1 0 0 0 0 1 1 1 </row>
            <row number="18">1 0 0 0 0 0 0 0 0 0 1 0 0 0 * * * 0 0 1 0 0 1 0 0 0 0 0 0 1 1 1 </row>
            <row number="19">0 0 0 0 0 0 1 0 0 0 1 0 0 1 * 0 1 0 1 0 0 0 1 0 0 0 1 0 0 0 0 0 </row>
            <row number="20">0 1 0 1 0 0 0 0 0 0 0 0 1 0 0 * 0 0 0 0 0 0 1 1 0 1 0 0 0 1 0 0 </row>
            <row number="21">0 0 0 0 0 0 0 1 0 1 0 0 0 0 0 * 0 0 1 0 0 1 1 1 0 0 1 1 1 0 0 0 </row>
            <row number="22">0 0 1 0 1 0 0 1 0 0 0 0 1 0 0 * 0 0 0 1 0 0 0 0 0 0 0 0 0 0 1 0 </row>
            <row number="23">0 0 0 0 0 0 0 1 0 0 0 0 0 1 0 * 0 0 1 0 0 0 1 0 1 0 1 1 0 0 0 0 </row>
            <row number="24">0 0 0 0 0 0 0 0 0 0 0 0 0 0 0 * 0 1 0 0 0 1 0 1 0 0 1 0 1 0 0 0 </row>
            <row number="25">0 0 0 0 0 0 0 0 0 0 0 0 0 0 0 * 1 0 * * * * * * * 1 0 0 1 0 0 1 </row>
            <row number="26">0 1 0 0 0 0 0 0 1 0 1 0 0 0 0 * * * 0 0 1 1 0 0 0 0 0 0 0 0 0 1 </row>
            <row number="27">0 0 1 0 0 1 0 0 1 0 0 0 0 0 0 0 0 0 0 0 0 0 0 0 0 0 0 0 0 0 0 0 </row>
            <row number="28">1 0 0 1 1 0 0 0 0 0 0 1 0 0 0 1 0 0 0 1 0 0 0 0 0 0 0 0 0 1 1 1 </row>
            <row number="29">1 0 0 0 0 1 0 0 0 0 1 0 0 0 0 1 0 1 0 1 0 0 0 1 0 0 0 0 0 0 1 1 </row>
            <row number="30">1 1 0 1 0 0 1 1 0 1 0 1 1 0 0 0 0 0 1 0 0 0 0 0 0 0 0 1 0 0 0 0 </row>
            <row number="31">1 1 0 0 0 0 0 0 0 0 0 0 0 0 0 1 0 0 1 0 0 0 0 0 0 0 0 0 1 0 0 0 </row>
        </path>
        <agent id="0" start.x="24" start.y="25" goal.x="16" goal.y="1" size="0.5" movespeed="1" rotationspeed="1">
            <path pathfound="true" runtime="0.0177773" duration="40.317448">
                <section id="0" start.x="24" start.y="25" goal.x="24" goal.y="25" duration="0.41999999" g-value="0.41999999"/>
                <section id="1" start.x="24" start.y="25" goal.x="18" goal.y="25" duration="6" g-value="6.4200001"/>
                <section id="2" start.x="18" start.y="25" goal.x="18" goal.y="25" duration="0.55588484" g-value="6.9758849"/>
                <section id="3" start.x="18" start.y="25" goal.x="17" goal.y="26" duration="1.4142135" g-value="8.3900986"/>
                <section id="4" start.x="17" start.y="26" goal.x="17" goal.y="26" duration="0.13313439" g-value="8.5232325"/>
                <section id="5" start.x="17" start.y="26" goal.x="15" goal.y="26" duration="2" g-value="10.523232"/>
                <section id="6" start.x="15" start.y="26" goal.x="15" goal.y="20" duration="6" g-value="16.523233"/>
                <section id="7" start.x="15" start.y="20" goal.x="14" goal.y="19" duration="1.4142135" g-value="17.937447"/>
                <section id="8" start.x="14" start.y="19" goal.x="14" goal.y="19" duration="1.1715729" g-value="19.10902"/>
                <section id="9" start.x="14" start.y="19" goal.x="14" goal.y="18" duration="1" g-value="20.10902"/>
                <section id="10" start.x="14" start.y="18" goal.x="14" goal.y="18" duration="0.38" g-value="20.489019"/>
                <section id="11" start.x="14" start.y="18" goal.x="16" goal.y="18" duration="2" g-value="22.489019"/>
                <section id="12" start.x="16" start.y="18" goal.x="16" goal.y="10" duration="8" g-value="30.489019"/>
                <section id="13" start.x="16" start.y="10" goal.x="15" goal.y="9" duration="1.4142135" g-value="31.903233"/>
                <section id="14" start.x="15" start.y="9" goal.x="15" goal.y="7" duration="2" g-value="33.903233"/>
                <section id="15" start.x="15" start.y="7" goal.x="16" goal.y="6" duration="1.4142135" g-value="35.317448"/>
                <section id="16" start.x="16" start.y="6" goal.x="16" goal.y="1" duration="5" g-value="40.317448"/>
            </path>
        </agent>
    </log>
</root>
