<?xml version="1.0" ?>
<root>
    <log>
        <taskfilename>D:/GitHub/AA-SIPP_optimal_2019/Instances/32x32_20/128/166_task.xml</taskfilename>
        <mapfilename>32x32_20.xml</mapfilename>
        <configfilename>config.xml</configfilename>
        <obstaclesfilename>D:/GitHub/AA-SIPP_optimal_2019/Instances/32x32_20/128/166_task_obs.xml</obstaclesfilename>
        <summary runtime="0.026634101" tries="1" agentssolved="1 (100.000000%)" flowtime="39.139099" makespan="39.139099"/>
        <path>
            <row number="0">0 0 0 0 0 0 0 0 0 0 1 0 0 0 0 0 0 1 0 0 0 1 0 1 0 0 0 0 0 0 0 0 </row>
            <row number="1">1 0 0 0 1 0 1 1 0 0 0 0 0 0 0 0 0 0 0 1 0 1 0 0 0 1 0 0 0 0 0 0 </row>
            <row number="2">0 0 0 0 0 0 0 0 0 0 0 0 0 0 1 0 0 0 0 0 0 0 0 1 1 0 0 0 1 0 0 0 </row>
            <row number="3">0 0 0 0 0 1 0 1 0 0 0 0 0 0 0 0 0 0 1 0 0 0 0 0 0 0 0 0 0 1 0 0 </row>
            <row number="4">0 1 1 0 0 0 0 0 0 0 0 0 0 0 1 1 0 1 0 0 0 0 0 0 1 0 0 1 0 0 0 0 </row>
            <row number="5">0 0 0 0 0 0 1 0 0 1 0 1 0 0 1 1 0 0 0 0 0 0 1 0 0 0 0 1 0 0 1 1 </row>
            <row number="6">0 0 0 0 0 0 1 0 0 1 1 0 0 0 0 0 0 0 0 1 0 0 0 0 0 0 0 1 0 0 0 1 </row>
            <row number="7">0 1 0 0 0 1 0 0 0 0 0 0 0 0 0 0 0 0 0 0 0 1 1 0 0 0 1 0 0 1 0 0 </row>
            <row number="8">0 0 0 0 0 0 1 0 0 0 0 0 0 0 0 0 1 0 0 0 0 0 0 0 1 0 1 0 0 0 0 0 </row>
            <row number="9">0 0 1 0 1 0 0 0 0 0 0 0 0 0 0 0 0 1 0 1 0 0 0 0 0 0 0 1 1 0 0 0 </row>
            <row number="10">1 0 1 0 0 0 0 0 0 0 0 0 1 0 1 0 0 0 0 0 0 0 1 0 0 0 1 0 0 * 0 0 </row>
            <row number="11">0 0 0 0 0 0 0 0 0 0 0 0 1 0 0 0 0 0 1 0 1 0 1 0 0 * * * * 0 1 0 </row>
            <row number="12">0 0 1 0 0 0 0 0 1 0 1 0 1 1 0 1 0 0 0 0 0 0 0 0 * * 1 0 0 0 0 0 </row>
            <row number="13">0 1 0 0 0 0 0 0 0 0 0 0 0 0 0 0 0 0 1 0 1 0 * * * 0 1 0 0 0 1 0 </row>
            <row number="14">0 0 0 1 1 1 0 0 0 0 0 0 0 1 0 0 0 0 0 0 0 * * 1 * 0 0 0 0 0 0 0 </row>
            <row number="15">0 0 0 0 0 0 0 0 1 0 0 0 0 1 0 1 0 1 0 0 1 * * * * 0 0 0 0 0 0 0 </row>
            <row number="16">0 0 1 0 0 0 1 0 0 0 0 0 0 0 0 1 0 0 0 0 1 0 * 1 1 1 0 0 0 0 1 0 </row>
            <row number="17">0 1 0 0 0 0 0 0 1 1 1 0 0 1 0 1 0 0 1 0 1 * * 1 1 0 0 0 0 1 1 1 </row>
            <row number="18">1 0 0 0 0 0 0 0 0 0 1 0 0 0 0 0 0 0 0 1 0 * 1 0 0 0 0 0 0 1 1 1 </row>
            <row number="19">0 0 0 0 0 0 1 0 0 0 1 0 0 1 0 0 1 0 1 0 * 0 1 0 0 0 1 0 0 0 0 0 </row>
            <row number="20">0 1 0 1 0 0 0 0 0 0 0 0 1 0 0 0 0 * * * 0 0 1 1 0 1 0 0 0 1 0 0 </row>
            <row number="21">0 0 0 0 0 0 0 1 0 1 0 0 0 0 0 0 0 0 1 0 0 1 1 1 0 0 1 1 1 0 0 0 </row>
            <row number="22">0 0 1 0 1 0 0 1 0 0 0 0 1 0 0 0 0 0 0 1 0 0 0 0 0 0 0 0 0 0 1 0 </row>
            <row number="23">0 0 0 0 0 0 0 1 0 0 0 0 0 1 0 0 0 0 1 0 0 0 1 0 1 0 1 1 0 0 0 0 </row>
            <row number="24">0 0 0 0 0 0 0 0 0 0 0 0 0 0 0 0 0 1 0 0 0 1 0 1 0 0 1 0 1 0 0 0 </row>
            <row number="25">0 0 0 0 0 0 0 0 0 0 0 0 0 0 0 0 1 0 0 0 0 0 0 0 0 1 0 0 1 0 0 1 </row>
            <row number="26">0 1 0 0 0 0 0 0 1 0 1 0 0 0 0 0 0 0 0 0 1 1 0 0 0 0 0 0 0 0 0 1 </row>
            <row number="27">0 0 1 0 0 1 0 0 1 0 0 0 0 0 0 0 0 0 0 0 0 0 0 0 0 0 0 0 0 0 0 0 </row>
            <row number="28">1 0 0 1 1 0 0 0 0 0 0 1 0 0 0 1 0 0 0 1 0 0 0 0 0 0 0 0 0 1 1 1 </row>
            <row number="29">1 0 0 0 0 1 0 0 0 0 1 0 0 0 0 1 0 1 0 1 0 0 0 1 0 0 0 0 0 0 1 1 </row>
            <row number="30">1 1 0 1 0 0 1 1 0 1 0 1 1 0 0 0 0 0 1 0 0 0 0 0 0 0 0 1 0 0 0 0 </row>
            <row number="31">1 1 0 0 0 0 0 0 0 0 0 0 0 0 0 1 0 0 1 0 0 0 0 0 0 0 0 0 1 0 0 0 </row>
        </path>
        <agent id="0" start.x="29" start.y="10" goal.x="17" goal.y="19" size="0.5" movespeed="1" rotationspeed="1">
            <path pathfound="true" runtime="0.024737" duration="39.139099">
                <section id="0" start.x="29" start.y="10" goal.x="29" goal.y="10" duration="5.5957861" g-value="5.5957861"/>
                <section id="1" start.x="29" start.y="10" goal.x="28" goal.y="11" duration="1.4142135" g-value="7.0099998"/>
                <section id="2" start.x="28" start.y="11" goal.x="28" goal.y="11" duration="0.52884108" g-value="7.5388408"/>
                <section id="3" start.x="28" start.y="11" goal.x="25" goal.y="11" duration="3" g-value="10.538841"/>
                <section id="4" start.x="25" start.y="11" goal.x="25" goal.y="11" duration="0.3416408" g-value="10.880482"/>
                <section id="5" start.x="25" start.y="11" goal.x="25" goal.y="12" duration="1" g-value="11.880482"/>
                <section id="6" start.x="25" start.y="12" goal.x="25" goal.y="12" duration="1.9632343" g-value="13.843716"/>
                <section id="7" start.x="25" start.y="12" goal.x="24" goal.y="12" duration="1" g-value="14.843716"/>
                <section id="8" start.x="24" start.y="12" goal.x="24" goal.y="15" duration="3" g-value="17.843716"/>
                <section id="9" start.x="24" start.y="15" goal.x="22" goal.y="15" duration="2" g-value="19.843716"/>
                <section id="10" start.x="22" start.y="15" goal.x="22" goal.y="15" duration="0.374641" g-value="20.218357"/>
                <section id="11" start.x="22" start.y="15" goal.x="22" goal.y="13" duration="2" g-value="22.218357"/>
                <section id="12" start.x="22" start.y="13" goal.x="23" goal.y="13" duration="1" g-value="23.218357"/>
                <section id="13" start.x="23" start.y="13" goal.x="23" goal.y="13" duration="2.2420347" g-value="25.460392"/>
                <section id="14" start.x="23" start.y="13" goal.x="22" goal.y="13" duration="1" g-value="26.460392"/>
                <section id="15" start.x="22" start.y="13" goal.x="21" goal.y="14" duration="1.4142135" g-value="27.874605"/>
                <section id="16" start.x="21" start.y="14" goal.x="22" goal.y="16" duration="2.236068" g-value="30.110674"/>
                <section id="17" start.x="22" start.y="16" goal.x="22" goal.y="17" duration="1" g-value="31.110674"/>
                <section id="18" start.x="22" start.y="17" goal.x="22" goal.y="17" duration="0.2" g-value="31.310673"/>
                <section id="19" start.x="22" start.y="17" goal.x="21" goal.y="17" duration="1" g-value="32.310673"/>
                <section id="20" start.x="21" start.y="17" goal.x="21" goal.y="18" duration="1" g-value="33.310673"/>
                <section id="21" start.x="21" start.y="18" goal.x="19" goal.y="20" duration="2.8284271" g-value="36.139099"/>
                <section id="22" start.x="19" start.y="20" goal.x="17" goal.y="20" duration="2" g-value="38.139099"/>
                <section id="23" start.x="17" start.y="20" goal.x="17" goal.y="19" duration="1" g-value="39.139099"/>
            </path>
        </agent>
    </log>
</root>
