<?xml version="1.0" ?>
<root>
    <log>
        <taskfilename>D:/GitHub/AA-SIPP_optimal_2019/Instances/32x32_20/128/167_task.xml</taskfilename>
        <mapfilename>32x32_20.xml</mapfilename>
        <configfilename>config.xml</configfilename>
        <obstaclesfilename>D:/GitHub/AA-SIPP_optimal_2019/Instances/32x32_20/128/167_task_obs.xml</obstaclesfilename>
        <summary runtime="0.026657499" tries="1" agentssolved="1 (100.000000%)" flowtime="37.070282" makespan="37.070282"/>
        <path>
            <row number="0">0 0 0 0 0 0 0 0 0 0 1 0 0 0 0 0 0 1 0 0 0 1 0 1 0 0 0 0 0 0 0 0 </row>
            <row number="1">1 0 0 0 1 0 1 1 0 0 0 0 0 0 0 0 0 0 0 1 0 1 0 0 0 1 0 0 0 0 0 0 </row>
            <row number="2">0 0 0 0 0 0 0 0 0 0 0 0 0 0 1 0 0 0 0 0 0 0 0 1 1 0 0 0 1 0 0 0 </row>
            <row number="3">0 0 0 0 0 1 0 1 0 0 0 0 0 0 0 0 0 0 1 0 0 0 0 0 0 0 0 0 0 1 0 0 </row>
            <row number="4">0 1 1 0 0 0 0 0 0 0 0 0 0 0 1 1 0 1 0 0 0 0 0 0 1 0 0 1 0 0 0 0 </row>
            <row number="5">0 0 0 0 0 0 1 0 0 1 0 1 0 0 1 1 0 0 0 0 0 0 1 0 0 0 0 1 0 0 1 1 </row>
            <row number="6">0 0 0 0 0 0 1 0 0 1 1 0 0 0 0 0 0 0 0 1 0 0 0 0 0 0 0 1 0 0 0 1 </row>
            <row number="7">0 1 0 0 0 1 0 0 0 0 0 0 0 0 0 0 0 0 0 0 0 1 1 0 0 0 1 0 0 1 0 0 </row>
            <row number="8">0 0 0 0 0 0 1 0 0 0 0 0 0 0 0 0 1 0 0 0 0 0 0 0 1 0 1 0 0 0 * 0 </row>
            <row number="9">0 0 1 0 1 0 0 0 0 0 0 0 0 0 0 0 0 1 0 1 0 0 0 0 0 0 0 1 1 0 * 0 </row>
            <row number="10">1 0 1 0 0 0 0 0 0 0 0 0 1 0 1 0 0 0 0 0 0 0 1 0 0 0 1 0 0 0 * * </row>
            <row number="11">0 0 0 0 0 0 0 0 0 0 0 0 1 0 0 0 0 0 1 0 1 0 1 0 0 0 0 0 0 0 1 * </row>
            <row number="12">0 0 1 0 0 0 0 0 1 0 1 0 1 1 0 1 0 0 0 0 0 0 0 0 0 0 1 0 0 0 0 * </row>
            <row number="13">0 1 0 0 0 0 0 0 0 0 0 0 0 0 0 0 0 0 1 0 1 0 0 0 0 0 1 0 0 0 1 * </row>
            <row number="14">0 0 0 1 1 1 0 0 0 0 0 0 0 1 0 0 0 0 0 0 0 0 0 1 0 0 0 0 0 0 0 * </row>
            <row number="15">0 0 0 0 0 0 0 0 1 0 0 0 0 1 0 1 0 1 0 0 1 0 0 0 0 0 0 0 0 * * 0 </row>
            <row number="16">0 0 1 0 0 0 1 0 0 0 0 0 0 0 0 1 0 0 0 0 1 0 0 1 1 1 0 * * 0 1 0 </row>
            <row number="17">0 1 0 0 0 0 0 0 1 1 1 0 0 1 0 1 0 0 1 0 1 0 0 1 1 0 * 0 0 1 1 1 </row>
            <row number="18">1 0 0 0 0 0 0 0 0 0 1 0 0 0 0 0 0 0 0 1 0 0 1 0 0 * * * 0 1 1 1 </row>
            <row number="19">0 0 0 0 0 0 1 0 0 0 1 0 0 1 0 0 1 0 1 0 0 0 1 0 * 0 1 * 0 0 0 0 </row>
            <row number="20">0 1 0 1 0 0 0 0 0 0 0 0 1 0 0 0 0 0 0 0 0 0 1 1 * 1 0 * 0 1 0 0 </row>
            <row number="21">0 0 0 0 0 0 0 1 0 1 0 0 0 0 0 0 0 0 1 0 * 1 1 1 * 0 1 1 1 0 0 0 </row>
            <row number="22">0 0 1 0 1 0 0 1 0 0 0 0 1 0 0 0 0 0 0 1 * * * * * 0 0 0 0 0 1 0 </row>
            <row number="23">0 0 0 0 0 0 0 1 0 0 0 0 0 1 0 0 0 0 1 0 0 0 1 0 1 0 1 1 0 0 0 0 </row>
            <row number="24">0 0 0 0 0 0 0 0 0 0 0 0 0 0 0 0 0 1 0 0 0 1 0 1 0 0 1 0 1 0 0 0 </row>
            <row number="25">0 0 0 0 0 0 0 0 0 0 0 0 0 0 0 0 1 0 0 0 0 0 0 0 0 1 0 0 1 0 0 1 </row>
            <row number="26">0 1 0 0 0 0 0 0 1 0 1 0 0 0 0 0 0 0 0 0 1 1 0 0 0 0 0 0 0 0 0 1 </row>
            <row number="27">0 0 1 0 0 1 0 0 1 0 0 0 0 0 0 0 0 0 0 0 0 0 0 0 0 0 0 0 0 0 0 0 </row>
            <row number="28">1 0 0 1 1 0 0 0 0 0 0 1 0 0 0 1 0 0 0 1 0 0 0 0 0 0 0 0 0 1 1 1 </row>
            <row number="29">1 0 0 0 0 1 0 0 0 0 1 0 0 0 0 1 0 1 0 1 0 0 0 1 0 0 0 0 0 0 1 1 </row>
            <row number="30">1 1 0 1 0 0 1 1 0 1 0 1 1 0 0 0 0 0 1 0 0 0 0 0 0 0 0 1 0 0 0 0 </row>
            <row number="31">1 1 0 0 0 0 0 0 0 0 0 0 0 0 0 1 0 0 1 0 0 0 0 0 0 0 0 0 1 0 0 0 </row>
        </path>
        <agent id="0" start.x="30" start.y="8" goal.x="19" goal.y="21" size="0.5" movespeed="1" rotationspeed="1">
            <path pathfound="true" runtime="0.0244682" duration="37.070282">
                <section id="0" start.x="30" start.y="8" goal.x="30" goal.y="10" duration="2" g-value="2"/>
                <section id="1" start.x="30" start.y="10" goal.x="31" goal.y="10" duration="1" g-value="3"/>
                <section id="2" start.x="31" start.y="10" goal.x="31" goal.y="14" duration="4" g-value="7"/>
                <section id="3" start.x="31" start.y="14" goal.x="26" goal.y="17" duration="5.8309517" g-value="12.830952"/>
                <section id="4" start.x="26" start.y="17" goal.x="27" goal.y="18" duration="1.4142135" g-value="14.245166"/>
                <section id="5" start.x="27" start.y="18" goal.x="27" goal.y="20" duration="2" g-value="16.245165"/>
                <section id="6" start.x="27" start.y="20" goal.x="27" goal.y="20" duration="2.997252" g-value="19.242418"/>
                <section id="7" start.x="27" start.y="20" goal.x="27" goal.y="19" duration="1" g-value="20.242418"/>
                <section id="8" start.x="27" start.y="19" goal.x="27" goal.y="18" duration="1" g-value="21.242418"/>
                <section id="9" start.x="27" start.y="18" goal.x="27" goal.y="18" duration="1.0286503" g-value="22.271069"/>
                <section id="10" start.x="27" start.y="18" goal.x="26" goal.y="18" duration="1" g-value="23.271069"/>
                <section id="11" start.x="26" start.y="18" goal.x="25" goal.y="18" duration="1" g-value="24.271069"/>
                <section id="12" start.x="25" start.y="18" goal.x="24" goal.y="19" duration="1.4142135" g-value="25.685282"/>
                <section id="13" start.x="24" start.y="19" goal.x="24" goal.y="22" duration="3" g-value="28.685282"/>
                <section id="14" start.x="24" start.y="22" goal.x="21" goal.y="22" duration="3" g-value="31.685282"/>
                <section id="15" start.x="21" start.y="22" goal.x="21" goal.y="22" duration="2.3850002" g-value="34.070282"/>
                <section id="16" start.x="21" start.y="22" goal.x="20" goal.y="22" duration="1" g-value="35.070282"/>
                <section id="17" start.x="20" start.y="22" goal.x="20" goal.y="21" duration="1" g-value="36.070282"/>
                <section id="18" start.x="20" start.y="21" goal.x="19" goal.y="21" duration="1" g-value="37.070282"/>
            </path>
        </agent>
    </log>
</root>
