<?xml version="1.0" ?>
<root>
    <log>
        <taskfilename>D:/GitHub/AA-SIPP_optimal_2019/Instances/32x32_20/128/169_task.xml</taskfilename>
        <mapfilename>32x32_20.xml</mapfilename>
        <configfilename>config.xml</configfilename>
        <obstaclesfilename>D:/GitHub/AA-SIPP_optimal_2019/Instances/32x32_20/128/169_task_obs.xml</obstaclesfilename>
        <summary runtime="0.025172001" tries="1" agentssolved="1 (100.000000%)" flowtime="39.217926" makespan="39.217926"/>
        <path>
            <row number="0">0 0 0 0 0 0 0 0 0 0 1 0 0 0 0 0 0 1 0 0 0 1 0 1 0 0 0 0 0 0 0 0 </row>
            <row number="1">1 0 0 0 1 0 1 1 0 0 0 0 0 0 0 0 0 0 0 1 0 1 0 0 0 1 0 0 0 0 0 0 </row>
            <row number="2">0 0 0 0 0 0 0 0 0 0 0 0 0 0 1 0 0 0 0 0 0 0 0 1 1 0 0 0 1 0 0 0 </row>
            <row number="3">0 0 0 0 0 1 0 1 0 0 0 0 0 0 0 0 0 0 1 0 0 0 0 0 0 0 0 0 0 1 0 0 </row>
            <row number="4">0 1 1 0 0 0 0 0 0 0 0 0 0 0 1 1 0 1 0 0 0 0 0 0 1 0 0 1 0 0 0 0 </row>
            <row number="5">0 0 0 0 0 0 1 0 0 1 0 1 0 0 1 1 0 0 0 0 0 0 1 0 0 0 0 1 0 0 1 1 </row>
            <row number="6">0 0 0 0 0 0 1 0 0 1 1 0 0 0 0 0 0 0 0 1 0 0 0 0 0 0 0 1 0 0 0 1 </row>
            <row number="7">0 1 0 0 0 1 0 0 * * 0 0 0 0 0 0 0 0 0 0 0 1 1 0 0 0 1 0 0 1 0 0 </row>
            <row number="8">0 0 0 0 0 0 1 * 0 0 * 0 0 0 0 0 1 0 0 0 0 0 0 0 1 0 1 0 0 0 0 0 </row>
            <row number="9">0 0 1 0 1 0 0 * 0 0 * 0 0 0 0 0 0 1 0 1 0 0 0 0 0 0 0 1 1 0 0 0 </row>
            <row number="10">1 0 1 0 * * * 0 0 0 0 * 1 0 1 0 0 0 0 0 0 0 1 0 0 0 1 0 0 0 0 0 </row>
            <row number="11">0 * * * 0 0 * 0 0 0 0 * 1 0 0 0 0 0 1 0 1 0 1 0 0 0 0 0 0 0 1 0 </row>
            <row number="12">* 0 1 0 0 0 0 0 1 0 1 * 1 1 0 1 * 0 0 0 0 0 0 0 0 0 1 0 0 0 0 0 </row>
            <row number="13">* 1 0 0 0 0 0 0 0 0 0 * * * * * * 0 1 0 1 0 0 0 0 0 1 0 0 0 1 0 </row>
            <row number="14">* * 0 1 1 1 0 0 0 0 0 0 0 1 0 0 0 * * * 0 0 0 1 0 0 0 0 0 0 0 0 </row>
            <row number="15">0 0 0 0 0 0 0 0 1 0 0 0 0 1 0 1 0 1 0 * 1 0 0 0 0 0 0 0 0 0 0 0 </row>
            <row number="16">0 0 1 0 0 0 1 0 0 0 0 0 0 0 0 1 0 0 0 * 1 0 0 1 1 1 0 0 0 0 1 0 </row>
            <row number="17">0 1 0 0 0 0 0 0 1 1 1 0 0 1 0 1 0 0 1 0 1 0 0 1 1 0 0 0 0 1 1 1 </row>
            <row number="18">1 0 0 0 0 0 0 0 0 0 1 0 0 0 0 0 0 0 0 1 0 0 1 0 0 0 0 0 0 1 1 1 </row>
            <row number="19">0 0 0 0 0 0 1 0 0 0 1 0 0 1 0 0 1 0 1 0 0 0 1 0 0 0 1 0 0 0 0 0 </row>
            <row number="20">0 1 0 1 0 0 0 0 0 0 0 0 1 0 0 0 0 0 0 0 0 0 1 1 0 1 0 0 0 1 0 0 </row>
            <row number="21">0 0 0 0 0 0 0 1 0 1 0 0 0 0 0 0 0 0 1 0 0 1 1 1 0 0 1 1 1 0 0 0 </row>
            <row number="22">0 0 1 0 1 0 0 1 0 0 0 0 1 0 0 0 0 0 0 1 0 0 0 0 0 0 0 0 0 0 1 0 </row>
            <row number="23">0 0 0 0 0 0 0 1 0 0 0 0 0 1 0 0 0 0 1 0 0 0 1 0 1 0 1 1 0 0 0 0 </row>
            <row number="24">0 0 0 0 0 0 0 0 0 0 0 0 0 0 0 0 0 1 0 0 0 1 0 1 0 0 1 0 1 0 0 0 </row>
            <row number="25">0 0 0 0 0 0 0 0 0 0 0 0 0 0 0 0 1 0 0 0 0 0 0 0 0 1 0 0 1 0 0 1 </row>
            <row number="26">0 1 0 0 0 0 0 0 1 0 1 0 0 0 0 0 0 0 0 0 1 1 0 0 0 0 0 0 0 0 0 1 </row>
            <row number="27">0 0 1 0 0 1 0 0 1 0 0 0 0 0 0 0 0 0 0 0 0 0 0 0 0 0 0 0 0 0 0 0 </row>
            <row number="28">1 0 0 1 1 0 0 0 0 0 0 1 0 0 0 1 0 0 0 1 0 0 0 0 0 0 0 0 0 1 1 1 </row>
            <row number="29">1 0 0 0 0 1 0 0 0 0 1 0 0 0 0 1 0 1 0 1 0 0 0 1 0 0 0 0 0 0 1 1 </row>
            <row number="30">1 1 0 1 0 0 1 1 0 1 0 1 1 0 0 0 0 0 1 0 0 0 0 0 0 0 0 1 0 0 0 0 </row>
            <row number="31">1 1 0 0 0 0 0 0 0 0 0 0 0 0 0 1 0 0 1 0 0 0 0 0 0 0 0 0 1 0 0 0 </row>
        </path>
        <agent id="0" start.x="1" start.y="14" goal.x="19" goal.y="17" size="0.5" movespeed="1" rotationspeed="1">
            <path pathfound="true" runtime="0.023233799" duration="39.217926">
                <section id="0" start.x="1" start.y="14" goal.x="0" goal.y="14" duration="1" g-value="1"/>
                <section id="1" start.x="0" start.y="14" goal.x="0" goal.y="12" duration="2" g-value="3"/>
                <section id="2" start.x="0" start.y="12" goal.x="0" goal.y="12" duration="0.090000004" g-value="3.0899999"/>
                <section id="3" start.x="0" start.y="12" goal.x="1" goal.y="11" duration="1.4142135" g-value="4.5042133"/>
                <section id="4" start.x="1" start.y="11" goal.x="3" goal.y="11" duration="2" g-value="6.5042133"/>
                <section id="5" start.x="3" start.y="11" goal.x="4" goal.y="10" duration="1.4142135" g-value="7.918427"/>
                <section id="6" start.x="4" start.y="10" goal.x="4" goal.y="10" duration="0.29473269" g-value="8.2131596"/>
                <section id="7" start.x="4" start.y="10" goal.x="6" goal.y="11" duration="2.236068" g-value="10.449227"/>
                <section id="8" start.x="6" start.y="11" goal.x="6" goal.y="11" duration="1.1731309" g-value="11.622358"/>
                <section id="9" start.x="6" start.y="11" goal.x="7" goal.y="9" duration="2.236068" g-value="13.858427"/>
                <section id="10" start.x="7" start.y="9" goal.x="8" goal.y="7" duration="2.236068" g-value="16.094494"/>
                <section id="11" start.x="8" start.y="7" goal.x="8" goal.y="7" duration="0.90023351" g-value="16.994728"/>
                <section id="12" start.x="8" start.y="7" goal.x="10" goal.y="8" duration="2.236068" g-value="19.230797"/>
                <section id="13" start.x="10" start.y="8" goal.x="11" goal.y="11" duration="3.1622777" g-value="22.393074"/>
                <section id="14" start.x="11" start.y="11" goal.x="11" goal.y="13" duration="2" g-value="24.393074"/>
                <section id="15" start.x="11" start.y="13" goal.x="16" goal.y="13" duration="5" g-value="29.393074"/>
                <section id="16" start.x="16" start.y="13" goal.x="16" goal.y="12" duration="1" g-value="30.393074"/>
                <section id="17" start.x="16" start.y="12" goal.x="17" goal.y="14" duration="2.236068" g-value="32.629143"/>
                <section id="18" start.x="17" start.y="14" goal.x="17" goal.y="14" duration="1.588786" g-value="34.217926"/>
                <section id="19" start.x="17" start.y="14" goal.x="19" goal.y="14" duration="2" g-value="36.217926"/>
                <section id="20" start.x="19" start.y="14" goal.x="19" goal.y="17" duration="3" g-value="39.217926"/>
            </path>
        </agent>
    </log>
</root>
