<?xml version="1.0" ?>
<root>
    <log>
        <taskfilename>D:/GitHub/AA-SIPP_optimal_2019/Instances/32x32_20/128/170_task.xml</taskfilename>
        <mapfilename>32x32_20.xml</mapfilename>
        <configfilename>config.xml</configfilename>
        <obstaclesfilename>D:/GitHub/AA-SIPP_optimal_2019/Instances/32x32_20/128/170_task_obs.xml</obstaclesfilename>
        <summary runtime="0.048155598" tries="1" agentssolved="1 (100.000000%)" flowtime="60.666027" makespan="60.666027"/>
        <path>
            <row number="0">0 0 0 0 0 0 0 0 0 0 1 0 0 0 0 0 0 1 0 0 0 1 0 1 0 0 0 0 0 0 0 0 </row>
            <row number="1">1 0 0 0 1 0 1 1 0 0 0 0 0 0 0 0 0 0 0 1 0 1 0 0 0 1 0 0 0 0 0 0 </row>
            <row number="2">0 0 0 0 0 0 0 0 0 0 0 0 0 0 1 0 0 0 0 0 0 0 0 1 1 0 0 0 1 0 0 0 </row>
            <row number="3">0 0 0 0 0 1 0 1 0 0 0 0 0 0 0 0 0 0 1 0 0 0 0 0 0 0 0 0 0 1 0 0 </row>
            <row number="4">0 1 1 0 0 0 0 0 0 0 0 0 0 0 1 1 0 1 0 0 0 0 0 0 1 0 0 1 0 0 0 0 </row>
            <row number="5">0 0 0 0 0 0 1 0 0 1 0 1 0 0 1 1 0 0 0 0 0 0 1 0 0 0 0 1 0 0 1 1 </row>
            <row number="6">0 0 0 0 0 0 1 0 0 1 1 0 0 0 0 0 0 0 0 1 0 0 0 0 0 0 0 1 0 0 0 1 </row>
            <row number="7">0 1 0 0 0 1 0 0 0 0 0 0 0 0 0 0 0 0 0 0 0 1 1 0 0 0 1 0 0 1 0 0 </row>
            <row number="8">0 0 0 0 0 0 1 0 0 0 0 0 0 0 0 0 1 0 0 0 0 0 0 0 1 0 1 0 0 0 0 0 </row>
            <row number="9">0 0 1 0 1 0 0 0 0 0 0 0 0 0 0 0 0 1 0 1 0 0 0 0 0 0 0 1 1 0 0 0 </row>
            <row number="10">1 0 1 * 0 0 0 0 0 0 0 0 1 0 1 0 0 0 0 0 0 0 1 0 0 0 1 0 0 0 0 0 </row>
            <row number="11">0 0 0 0 * 0 0 0 0 0 0 0 1 0 0 0 0 0 1 0 1 0 1 0 0 0 0 0 0 0 1 0 </row>
            <row number="12">0 0 1 0 0 * 0 0 1 0 1 0 1 1 0 1 0 0 0 0 0 0 0 0 0 0 1 0 0 0 0 0 </row>
            <row number="13">0 1 0 0 0 0 * 0 0 0 0 0 0 0 0 0 0 0 1 0 1 0 0 0 0 0 1 0 0 0 1 0 </row>
            <row number="14">0 0 0 1 1 1 0 * 0 0 0 0 0 1 0 0 0 0 0 0 0 0 0 1 0 0 0 0 0 0 0 0 </row>
            <row number="15">0 0 0 0 0 0 0 * 1 0 0 0 0 1 0 1 0 1 0 0 1 0 0 0 0 0 0 0 0 0 0 0 </row>
            <row number="16">0 0 1 0 0 0 1 * * * * * 0 0 0 1 0 0 0 0 1 0 0 1 1 1 0 0 0 0 1 0 </row>
            <row number="17">0 1 0 0 0 0 0 0 1 1 1 0 * 1 0 1 0 0 1 0 1 0 0 1 1 0 0 0 0 1 1 1 </row>
            <row number="18">1 0 0 0 0 0 0 0 0 0 1 0 * * * 0 0 0 0 1 0 0 1 0 0 0 0 0 0 1 1 1 </row>
            <row number="19">0 0 0 0 0 0 1 0 0 0 1 0 0 1 * 0 1 0 1 0 0 0 1 0 0 0 1 0 0 0 0 0 </row>
            <row number="20">0 1 0 1 0 0 0 0 0 0 0 0 1 0 * 0 0 0 0 0 0 0 1 1 0 1 0 0 0 1 0 0 </row>
            <row number="21">0 0 0 0 0 0 0 1 0 1 0 0 0 0 * 0 0 0 1 0 0 1 1 1 0 0 1 1 1 0 0 0 </row>
            <row number="22">0 0 1 0 1 0 0 1 0 0 0 0 1 0 * 0 0 0 0 1 0 0 0 0 0 0 0 0 0 0 1 0 </row>
            <row number="23">0 0 0 0 0 0 0 1 0 0 0 0 0 1 * 0 0 0 1 0 0 0 1 0 1 0 1 1 0 0 0 0 </row>
            <row number="24">0 0 0 0 0 0 0 0 0 0 0 * * * * 0 0 1 0 * 0 1 0 1 0 0 1 0 1 0 0 0 </row>
            <row number="25">0 0 0 0 0 0 0 0 0 0 0 0 * 0 0 0 1 0 0 * 0 0 0 0 0 1 0 0 1 0 0 1 </row>
            <row number="26">0 1 0 0 0 0 0 0 1 0 1 0 * 0 0 0 0 0 * * 1 1 0 0 0 0 0 0 0 0 0 1 </row>
            <row number="27">0 0 1 0 0 1 0 0 1 0 0 0 0 * 0 0 0 * 0 * * 0 0 0 0 0 0 0 0 0 0 0 </row>
            <row number="28">1 0 0 1 1 0 0 0 0 0 0 1 0 * 0 1 * 0 0 1 0 * * * * * 0 0 0 1 1 1 </row>
            <row number="29">1 0 0 0 0 1 0 0 0 0 1 0 0 0 * 1 * 1 0 1 0 0 0 1 0 0 0 0 0 0 1 1 </row>
            <row number="30">1 1 0 1 0 0 1 1 0 1 0 1 1 0 * * * 0 1 0 0 0 0 0 0 0 0 1 0 0 0 0 </row>
            <row number="31">1 1 0 0 0 0 0 0 0 0 0 0 0 0 0 1 0 0 1 0 0 0 0 0 0 0 0 0 1 0 0 0 </row>
        </path>
        <agent id="0" start.x="25" start.y="28" goal.x="3" goal.y="9" size="0.5" movespeed="1" rotationspeed="1">
            <path pathfound="true" runtime="0.045268301" duration="60.666027">
                <section id="0" start.x="25" start.y="28" goal.x="22" goal.y="28" duration="3" g-value="3"/>
                <section id="1" start.x="22" start.y="28" goal.x="20" goal.y="27" duration="2.236068" g-value="5.2360678"/>
                <section id="2" start.x="20" start.y="27" goal.x="20" goal.y="27" duration="0.18000001" g-value="5.4160681"/>
                <section id="3" start.x="20" start.y="27" goal.x="19" goal.y="27" duration="1" g-value="6.4160681"/>
                <section id="4" start.x="19" start.y="27" goal.x="19" goal.y="24" duration="3" g-value="9.4160681"/>
                <section id="5" start.x="19" start.y="24" goal.x="19" goal.y="24" duration="0.60948324" g-value="10.025551"/>
                <section id="6" start.x="19" start.y="24" goal.x="19" goal.y="25" duration="1" g-value="11.025551"/>
                <section id="7" start.x="19" start.y="25" goal.x="19" goal.y="26" duration="1" g-value="12.025551"/>
                <section id="8" start.x="19" start.y="26" goal.x="19" goal.y="26" duration="2.7117679" g-value="14.737319"/>
                <section id="9" start.x="19" start.y="26" goal.x="18" goal.y="26" duration="1" g-value="15.737319"/>
                <section id="10" start.x="18" start.y="26" goal.x="18" goal.y="26" duration="0.23679316" g-value="15.974113"/>
                <section id="11" start.x="18" start.y="26" goal.x="16" goal.y="28" duration="2.8284271" g-value="18.80254"/>
                <section id="12" start.x="16" start.y="28" goal.x="16" goal.y="28" duration="0.33000001" g-value="19.13254"/>
                <section id="13" start.x="16" start.y="28" goal.x="16" goal.y="30" duration="2" g-value="21.13254"/>
                <section id="14" start.x="16" start.y="30" goal.x="14" goal.y="30" duration="2" g-value="23.13254"/>
                <section id="15" start.x="14" start.y="30" goal.x="12" goal.y="26" duration="4.472136" g-value="27.604675"/>
                <section id="16" start.x="12" start.y="26" goal.x="13" goal.y="24" duration="2.236068" g-value="29.840744"/>
                <section id="17" start.x="13" start.y="24" goal.x="13" goal.y="24" duration="0.63" g-value="30.470743"/>
                <section id="18" start.x="13" start.y="24" goal.x="11" goal.y="24" duration="2" g-value="32.470745"/>
                <section id="19" start.x="11" start.y="24" goal.x="11" goal.y="24" duration="0.67149401" g-value="33.142239"/>
                <section id="20" start.x="11" start.y="24" goal.x="13" goal.y="24" duration="2" g-value="35.142239"/>
                <section id="21" start.x="13" start.y="24" goal.x="14" goal.y="24" duration="1" g-value="36.142239"/>
                <section id="22" start.x="14" start.y="24" goal.x="14" goal.y="24" duration="0.3529467" g-value="36.495186"/>
                <section id="23" start.x="14" start.y="24" goal.x="14" goal.y="21" duration="3" g-value="39.495186"/>
                <section id="24" start.x="14" start.y="21" goal.x="14" goal.y="21" duration="0.039999999" g-value="39.535183"/>
                <section id="25" start.x="14" start.y="21" goal.x="14" goal.y="18" duration="3" g-value="42.535183"/>
                <section id="26" start.x="14" start.y="18" goal.x="12" goal.y="18" duration="2" g-value="44.535183"/>
                <section id="27" start.x="12" start.y="18" goal.x="11" goal.y="16" duration="2.236068" g-value="46.771252"/>
                <section id="28" start.x="11" start.y="16" goal.x="11" goal.y="16" duration="1.4160678" g-value="48.187321"/>
                <section id="29" start.x="11" start.y="16" goal.x="10" goal.y="16" duration="1" g-value="49.187321"/>
                <section id="30" start.x="10" start.y="16" goal.x="7" goal.y="16" duration="3" g-value="52.187321"/>
                <section id="31" start.x="7" start.y="16" goal.x="7" goal.y="15" duration="1" g-value="53.187321"/>
                <section id="32" start.x="7" start.y="15" goal.x="6" goal.y="13" duration="2.236068" g-value="55.423389"/>
                <section id="33" start.x="6" start.y="13" goal.x="3" goal.y="10" duration="4.2426405" g-value="59.666027"/>
                <section id="34" start.x="3" start.y="10" goal.x="3" goal.y="9" duration="1" g-value="60.666027"/>
            </path>
        </agent>
    </log>
</root>
