<?xml version="1.0" ?>
<root>
    <log>
        <taskfilename>D:/GitHub/AA-SIPP_optimal_2019/Instances/32x32_20/128/172_task.xml</taskfilename>
        <mapfilename>32x32_20.xml</mapfilename>
        <configfilename>config.xml</configfilename>
        <obstaclesfilename>D:/GitHub/AA-SIPP_optimal_2019/Instances/32x32_20/128/172_task_obs.xml</obstaclesfilename>
        <summary runtime="0.0255474" tries="1" agentssolved="1 (100.000000%)" flowtime="31.649815" makespan="31.649815"/>
        <path>
            <row number="0">0 0 0 0 0 0 0 0 0 0 1 0 0 0 0 0 0 1 0 0 0 1 0 1 0 0 0 0 0 0 0 0 </row>
            <row number="1">1 0 0 0 1 0 1 1 0 0 0 0 0 0 0 0 0 0 0 1 0 1 0 0 0 1 0 0 0 0 0 0 </row>
            <row number="2">0 0 0 0 0 0 0 0 0 0 0 0 0 0 1 0 0 0 0 0 0 0 0 1 1 0 0 0 1 0 0 0 </row>
            <row number="3">0 0 0 0 0 1 0 1 0 0 0 0 0 0 0 0 0 0 1 0 0 0 0 0 0 0 0 0 0 1 0 0 </row>
            <row number="4">0 1 1 0 0 0 0 0 0 0 0 0 0 0 1 1 0 1 0 0 0 0 0 0 1 0 0 1 0 0 0 0 </row>
            <row number="5">0 0 0 0 0 0 1 0 0 1 0 1 0 0 1 1 0 0 0 0 0 0 1 0 0 0 0 1 0 0 1 1 </row>
            <row number="6">0 0 0 0 0 0 1 0 0 1 1 0 0 0 0 0 0 0 0 1 0 0 0 0 0 0 0 1 0 0 0 1 </row>
            <row number="7">0 1 0 0 0 1 0 0 0 0 0 0 0 0 0 0 0 0 0 0 0 1 1 0 0 0 1 0 0 1 0 0 </row>
            <row number="8">0 0 0 0 0 0 1 0 0 0 0 0 0 0 0 0 1 0 0 0 0 0 0 0 1 0 1 0 0 0 0 0 </row>
            <row number="9">0 0 1 0 1 0 0 0 0 0 0 0 0 0 0 0 0 1 0 1 0 0 0 0 0 0 0 1 1 0 0 0 </row>
            <row number="10">1 0 1 0 0 0 0 0 0 0 0 0 1 0 1 0 0 0 0 0 0 0 1 0 0 0 1 0 0 0 0 0 </row>
            <row number="11">0 0 0 0 0 0 0 0 0 0 0 0 1 0 0 0 0 0 1 0 1 0 1 0 0 0 0 0 0 0 1 0 </row>
            <row number="12">0 0 1 0 0 0 0 0 1 0 1 0 1 1 0 1 0 0 0 0 0 0 0 0 0 0 1 0 0 0 0 0 </row>
            <row number="13">0 1 0 0 0 0 0 0 0 0 0 0 0 0 0 0 0 0 1 0 1 0 0 0 0 0 1 0 0 0 1 0 </row>
            <row number="14">0 0 0 1 1 1 0 0 0 0 0 0 0 1 0 0 0 0 0 0 0 0 0 1 0 0 0 0 0 0 0 0 </row>
            <row number="15">0 0 0 0 0 0 0 0 1 0 0 0 0 1 0 1 0 1 0 0 1 0 0 0 0 0 0 0 0 0 0 0 </row>
            <row number="16">0 0 1 0 0 0 1 0 0 0 0 0 0 0 0 1 0 0 0 0 1 0 0 1 1 1 0 0 0 0 1 0 </row>
            <row number="17">0 1 0 0 0 0 0 0 1 1 1 0 0 1 0 1 0 0 1 0 1 0 0 1 1 0 0 0 0 1 1 1 </row>
            <row number="18">1 0 0 0 0 0 0 0 0 0 1 0 0 0 0 0 0 0 0 1 0 0 1 0 0 0 0 0 0 1 1 1 </row>
            <row number="19">0 0 0 0 0 0 1 0 0 0 1 0 0 1 0 0 1 0 1 0 0 0 1 0 0 0 1 0 0 0 0 0 </row>
            <row number="20">0 1 0 1 0 0 0 0 0 0 0 0 1 0 0 0 0 0 0 0 0 0 1 1 0 1 0 0 0 1 0 0 </row>
            <row number="21">* 0 0 0 0 0 0 1 0 1 0 0 0 0 0 0 0 0 1 0 0 1 1 1 0 0 1 1 1 0 0 0 </row>
            <row number="22">* 0 1 0 1 0 0 1 0 0 0 0 1 0 0 0 0 0 0 1 0 0 0 0 0 0 0 0 0 0 1 0 </row>
            <row number="23">0 * * 0 0 0 0 1 * * 0 0 0 1 * * * 0 1 0 0 0 1 0 1 0 1 1 0 0 0 0 </row>
            <row number="24">0 0 0 * * 0 * * * 0 * * 0 0 * 0 0 1 0 0 0 1 0 1 0 0 1 0 1 0 0 0 </row>
            <row number="25">0 0 0 0 0 * 0 0 0 0 0 0 * * 0 0 1 0 0 0 0 0 0 0 0 1 0 0 1 0 0 1 </row>
            <row number="26">0 1 0 0 0 0 0 0 1 0 1 0 0 0 0 0 0 0 0 0 1 1 0 0 0 0 0 0 0 0 0 1 </row>
            <row number="27">0 0 1 0 0 1 0 0 1 0 0 0 0 0 0 0 0 0 0 0 0 0 0 0 0 0 0 0 0 0 0 0 </row>
            <row number="28">1 0 0 1 1 0 0 0 0 0 0 1 0 0 0 1 0 0 0 1 0 0 0 0 0 0 0 0 0 1 1 1 </row>
            <row number="29">1 0 0 0 0 1 0 0 0 0 1 0 0 0 0 1 0 1 0 1 0 0 0 1 0 0 0 0 0 0 1 1 </row>
            <row number="30">1 1 0 1 0 0 1 1 0 1 0 1 1 0 0 0 0 0 1 0 0 0 0 0 0 0 0 1 0 0 0 0 </row>
            <row number="31">1 1 0 0 0 0 0 0 0 0 0 0 0 0 0 1 0 0 1 0 0 0 0 0 0 0 0 0 1 0 0 0 </row>
        </path>
        <agent id="0" start.x="0" start.y="21" goal.x="17" goal.y="23" size="0.5" movespeed="1" rotationspeed="1">
            <path pathfound="true" runtime="0.0235903" duration="31.649815">
                <section id="0" start.x="0" start.y="21" goal.x="1" goal.y="23" duration="2.236068" g-value="2.236068"/>
                <section id="1" start.x="1" start.y="23" goal.x="1" goal.y="23" duration="6.4834151" g-value="8.7194834"/>
                <section id="2" start.x="1" start.y="23" goal.x="5" goal.y="25" duration="4.472136" g-value="13.191619"/>
                <section id="3" start.x="5" start.y="25" goal.x="5" goal.y="25" duration="0.02" g-value="13.211619"/>
                <section id="4" start.x="5" start.y="25" goal.x="6" goal.y="24" duration="1.4142135" g-value="14.625833"/>
                <section id="5" start.x="6" start.y="24" goal.x="8" goal.y="24" duration="2" g-value="16.625834"/>
                <section id="6" start.x="8" start.y="24" goal.x="8" goal.y="24" duration="0.15569326" g-value="16.781527"/>
                <section id="7" start.x="8" start.y="24" goal.x="8" goal.y="23" duration="1" g-value="17.781527"/>
                <section id="8" start.x="8" start.y="23" goal.x="8" goal.y="23" duration="0.10390337" g-value="17.885429"/>
                <section id="9" start.x="8" start.y="23" goal.x="9" goal.y="23" duration="1" g-value="18.885429"/>
                <section id="10" start.x="9" start.y="23" goal.x="9" goal.y="23" duration="1.3955516" g-value="20.280981"/>
                <section id="11" start.x="9" start.y="23" goal.x="12" goal.y="25" duration="3.6055512" g-value="23.886532"/>
                <section id="12" start.x="12" start.y="25" goal.x="12" goal.y="25" duration="1.236068" g-value="25.122601"/>
                <section id="13" start.x="12" start.y="25" goal.x="13" goal.y="25" duration="1" g-value="26.122601"/>
                <section id="14" start.x="13" start.y="25" goal.x="13" goal.y="25" duration="0.11300013" g-value="26.2356"/>
                <section id="15" start.x="13" start.y="25" goal.x="14" goal.y="24" duration="1.4142135" g-value="27.649815"/>
                <section id="16" start.x="14" start.y="24" goal.x="14" goal.y="23" duration="1" g-value="28.649815"/>
                <section id="17" start.x="14" start.y="23" goal.x="17" goal.y="23" duration="3" g-value="31.649815"/>
            </path>
        </agent>
    </log>
</root>
