<?xml version="1.0" ?>
<root>
    <log>
        <taskfilename>D:/GitHub/AA-SIPP_optimal_2019/Instances/32x32_20/128/173_task.xml</taskfilename>
        <mapfilename>32x32_20.xml</mapfilename>
        <configfilename>config.xml</configfilename>
        <obstaclesfilename>D:/GitHub/AA-SIPP_optimal_2019/Instances/32x32_20/128/173_task_obs.xml</obstaclesfilename>
        <summary runtime="0.060246699" tries="1" agentssolved="1 (100.000000%)" flowtime="41.224174" makespan="41.224174"/>
        <path>
            <row number="0">0 0 0 0 0 0 0 0 0 0 1 0 0 0 0 0 0 1 0 0 0 1 0 1 0 0 0 0 0 0 0 0 </row>
            <row number="1">1 0 0 0 1 0 1 1 0 0 0 0 0 0 0 0 0 0 0 1 0 1 0 0 0 1 0 0 0 0 0 0 </row>
            <row number="2">0 0 0 0 0 0 0 0 0 0 0 0 0 0 1 0 0 0 0 0 0 0 0 1 1 0 0 0 1 0 0 0 </row>
            <row number="3">0 0 0 0 0 1 0 1 0 0 0 0 0 0 0 0 0 0 1 0 0 0 0 0 0 0 0 0 0 1 0 0 </row>
            <row number="4">0 1 1 0 0 0 0 0 0 0 0 0 0 0 1 1 0 1 0 0 0 0 0 0 1 0 0 1 0 0 0 0 </row>
            <row number="5">0 0 0 0 0 0 1 0 0 1 0 1 0 0 1 1 0 0 0 0 0 0 1 0 0 0 0 1 0 0 1 1 </row>
            <row number="6">0 0 0 0 0 0 1 0 0 1 1 0 0 0 0 0 0 0 0 1 0 0 0 0 0 0 0 1 0 0 0 1 </row>
            <row number="7">0 1 0 0 0 1 0 0 0 0 0 0 0 0 0 * * * 0 0 0 1 1 0 0 0 1 0 0 1 0 0 </row>
            <row number="8">0 0 0 0 0 0 1 0 0 0 0 0 0 0 * 0 1 * * 0 0 0 0 0 1 0 1 0 0 0 0 0 </row>
            <row number="9">0 0 1 0 1 0 0 0 0 0 * * * * * 0 0 1 * 1 0 * 0 0 0 0 0 1 1 0 0 0 </row>
            <row number="10">1 0 1 0 0 0 0 0 0 * 0 0 1 0 1 0 0 0 * * * 0 1 0 0 0 1 0 0 0 0 0 </row>
            <row number="11">0 0 0 0 0 0 0 0 0 * 0 0 1 0 0 0 0 0 1 0 1 0 1 0 0 0 0 0 0 0 1 0 </row>
            <row number="12">0 0 1 0 0 0 0 0 1 * 1 0 1 1 0 1 0 0 0 0 0 0 0 0 0 0 1 0 0 0 0 0 </row>
            <row number="13">0 1 0 0 0 0 0 0 0 * 0 0 0 0 0 0 0 0 1 0 1 0 0 0 0 0 1 0 0 0 1 0 </row>
            <row number="14">0 0 0 1 1 1 0 * * 0 0 0 0 1 0 0 0 0 0 0 0 0 0 1 0 0 0 0 0 0 0 0 </row>
            <row number="15">0 0 0 0 0 0 0 * 1 0 0 0 0 1 0 1 0 1 0 0 1 0 0 0 0 0 0 0 0 0 0 0 </row>
            <row number="16">0 0 1 0 0 0 1 * 0 0 0 0 0 0 0 1 0 0 0 0 1 0 0 1 1 1 0 0 0 0 1 0 </row>
            <row number="17">0 1 0 0 0 0 0 * 1 1 1 0 0 1 0 1 0 0 1 0 1 0 0 1 1 0 0 0 0 1 1 1 </row>
            <row number="18">1 0 0 0 0 0 0 * 0 0 1 0 0 0 0 0 0 0 0 1 0 0 1 0 0 0 0 0 0 1 1 1 </row>
            <row number="19">0 0 0 0 0 0 1 0 * 0 1 0 0 1 0 0 1 0 1 0 0 0 1 0 0 0 1 0 0 0 0 0 </row>
            <row number="20">0 1 0 1 0 0 0 0 * 0 0 0 1 0 0 0 0 0 0 0 0 0 1 1 0 1 0 0 0 1 0 0 </row>
            <row number="21">0 0 0 0 0 0 0 1 * 1 0 0 0 0 0 0 0 0 1 0 0 1 1 1 0 0 1 1 1 0 0 0 </row>
            <row number="22">0 0 1 0 1 0 0 1 * 0 0 0 1 0 0 0 0 0 0 1 0 0 0 0 0 0 0 0 0 0 1 0 </row>
            <row number="23">0 0 0 0 0 0 0 1 0 * 0 0 0 1 0 0 0 0 1 0 0 0 1 0 1 0 1 1 0 0 0 0 </row>
            <row number="24">0 0 0 0 0 0 0 0 0 0 * 0 0 0 0 0 0 1 0 0 0 1 0 1 0 0 1 0 1 0 0 0 </row>
            <row number="25">0 0 0 0 0 0 0 0 0 0 * 0 0 0 0 0 1 0 0 0 0 0 0 0 0 1 0 0 1 0 0 1 </row>
            <row number="26">0 1 0 0 0 0 0 0 1 0 1 0 0 0 0 0 0 0 0 0 1 1 0 0 0 0 0 0 0 0 0 1 </row>
            <row number="27">0 0 1 0 0 1 0 0 1 0 0 0 0 0 0 0 0 0 0 0 0 0 0 0 0 0 0 0 0 0 0 0 </row>
            <row number="28">1 0 0 1 1 0 0 0 0 0 0 1 0 0 0 1 0 0 0 1 0 0 0 0 0 0 0 0 0 1 1 1 </row>
            <row number="29">1 0 0 0 0 1 0 0 0 0 1 0 0 0 0 1 0 1 0 1 0 0 0 1 0 0 0 0 0 0 1 1 </row>
            <row number="30">1 1 0 1 0 0 1 1 0 1 0 1 1 0 0 0 0 0 1 0 0 0 0 0 0 0 0 1 0 0 0 0 </row>
            <row number="31">1 1 0 0 0 0 0 0 0 0 0 0 0 0 0 1 0 0 1 0 0 0 0 0 0 0 0 0 1 0 0 0 </row>
        </path>
        <agent id="0" start.x="10" start.y="25" goal.x="22" goal.y="9" size="0.5" movespeed="1" rotationspeed="1">
            <path pathfound="true" runtime="0.058296401" duration="41.224174">
                <section id="0" start.x="10" start.y="25" goal.x="10" goal.y="25" duration="2.4200001" g-value="2.4200001"/>
                <section id="1" start.x="10" start.y="25" goal.x="10" goal.y="24" duration="1" g-value="3.4200001"/>
                <section id="2" start.x="10" start.y="24" goal.x="10" goal.y="24" duration="0.23999999" g-value="3.6600001"/>
                <section id="3" start.x="10" start.y="24" goal.x="8" goal.y="22" duration="2.8284271" g-value="6.4884272"/>
                <section id="4" start.x="8" start.y="22" goal.x="8" goal.y="20" duration="2" g-value="8.4884272"/>
                <section id="5" start.x="8" start.y="20" goal.x="7" goal.y="18" duration="2.236068" g-value="10.724495"/>
                <section id="6" start.x="7" start.y="18" goal.x="7" goal.y="18" duration="0.92150038" g-value="11.645995"/>
                <section id="7" start.x="7" start.y="18" goal.x="7" goal.y="15" duration="3" g-value="14.645995"/>
                <section id="8" start.x="7" start.y="15" goal.x="7" goal.y="14" duration="1" g-value="15.645995"/>
                <section id="9" start.x="7" start.y="14" goal.x="7" goal.y="14" duration="0.07" g-value="15.715996"/>
                <section id="10" start.x="7" start.y="14" goal.x="9" goal.y="13" duration="2.236068" g-value="17.952063"/>
                <section id="11" start.x="9" start.y="13" goal.x="9" goal.y="11" duration="2" g-value="19.952063"/>
                <section id="12" start.x="9" start.y="11" goal.x="10" goal.y="9" duration="2.236068" g-value="22.188131"/>
                <section id="13" start.x="10" start.y="9" goal.x="14" goal.y="9" duration="4" g-value="26.188131"/>
                <section id="14" start.x="14" start.y="9" goal.x="14" goal.y="9" duration="0.050000001" g-value="26.238131"/>
                <section id="15" start.x="14" start.y="9" goal.x="15" goal.y="7" duration="2.236068" g-value="28.474199"/>
                <section id="16" start.x="15" start.y="7" goal.x="15" goal.y="7" duration="1.6832178" g-value="30.157417"/>
                <section id="17" start.x="15" start.y="7" goal.x="17" goal.y="7" duration="2" g-value="32.157417"/>
                <section id="18" start.x="17" start.y="7" goal.x="17" goal.y="8" duration="1" g-value="33.157417"/>
                <section id="19" start.x="17" start.y="8" goal.x="17" goal.y="8" duration="0.65254235" g-value="33.809959"/>
                <section id="20" start.x="17" start.y="8" goal.x="18" goal.y="8" duration="1" g-value="34.809959"/>
                <section id="21" start.x="18" start.y="8" goal.x="18" goal.y="10" duration="2" g-value="36.809959"/>
                <section id="22" start.x="18" start.y="10" goal.x="20" goal.y="10" duration="2" g-value="38.809959"/>
                <section id="23" start.x="20" start.y="10" goal.x="21" goal.y="9" duration="1.4142135" g-value="40.224174"/>
                <section id="24" start.x="21" start.y="9" goal.x="22" goal.y="9" duration="1" g-value="41.224174"/>
            </path>
        </agent>
    </log>
</root>
