<?xml version="1.0" ?>
<root>
    <log>
        <taskfilename>D:/GitHub/AA-SIPP_optimal_2019/Instances/32x32_20/128/175_task.xml</taskfilename>
        <mapfilename>32x32_20.xml</mapfilename>
        <configfilename>config.xml</configfilename>
        <obstaclesfilename>D:/GitHub/AA-SIPP_optimal_2019/Instances/32x32_20/128/175_task_obs.xml</obstaclesfilename>
        <summary runtime="0.041870698" tries="1" agentssolved="1 (100.000000%)" flowtime="46.925888" makespan="46.925888"/>
        <path>
            <row number="0">0 0 0 0 0 0 0 0 0 0 1 0 0 0 0 0 0 1 0 0 0 1 0 1 0 0 0 0 0 0 0 0 </row>
            <row number="1">1 0 0 0 1 0 1 1 0 0 0 0 0 0 0 0 0 0 0 1 0 1 0 0 0 1 0 0 0 0 0 0 </row>
            <row number="2">0 0 0 0 0 0 0 0 0 0 0 0 0 0 1 0 0 0 0 0 0 0 0 1 1 0 0 0 1 0 0 0 </row>
            <row number="3">0 0 0 0 0 1 0 1 0 0 0 0 0 0 0 0 0 0 1 0 0 0 0 0 0 0 0 0 0 1 0 0 </row>
            <row number="4">0 1 1 0 0 0 0 0 0 0 0 0 0 0 1 1 0 1 0 0 0 0 0 0 1 0 0 1 0 0 0 0 </row>
            <row number="5">0 0 0 0 0 0 1 0 0 1 0 1 0 0 1 1 0 0 0 0 0 0 1 0 0 0 0 1 0 0 1 1 </row>
            <row number="6">0 0 0 0 0 0 1 0 0 1 1 0 0 0 0 0 0 0 0 1 0 0 0 0 0 0 0 1 0 0 0 1 </row>
            <row number="7">0 1 0 0 0 1 0 0 0 0 0 0 0 0 0 0 0 0 0 0 0 1 1 0 0 0 1 0 0 1 0 0 </row>
            <row number="8">0 0 0 0 0 0 1 0 0 0 0 0 0 0 0 0 1 0 0 0 0 0 0 0 1 0 1 0 0 0 0 0 </row>
            <row number="9">0 0 1 0 1 0 0 0 0 0 0 0 0 0 0 0 0 1 0 1 0 0 0 0 0 0 0 1 1 0 0 0 </row>
            <row number="10">1 0 1 0 0 0 0 0 0 0 0 0 1 0 1 0 0 0 0 0 0 0 1 0 0 0 1 0 0 0 0 0 </row>
            <row number="11">0 0 0 0 0 0 0 0 0 0 0 0 1 0 0 0 0 0 1 0 1 0 1 0 0 0 0 0 0 0 1 0 </row>
            <row number="12">0 0 1 0 0 0 0 0 1 0 1 0 1 1 0 1 0 0 0 0 0 0 0 0 0 0 1 0 0 0 0 0 </row>
            <row number="13">0 1 0 0 0 0 0 0 0 0 0 0 0 0 0 0 0 0 1 0 1 0 0 0 0 0 1 0 0 0 1 0 </row>
            <row number="14">0 0 0 1 1 1 0 0 0 0 0 0 0 1 0 0 0 0 0 0 0 0 0 1 0 0 0 0 0 0 0 0 </row>
            <row number="15">0 0 0 0 0 0 0 0 1 0 0 0 0 1 0 1 0 1 0 0 1 0 0 0 0 0 0 0 0 0 0 0 </row>
            <row number="16">0 0 1 0 0 0 1 0 0 0 0 0 0 0 0 1 0 0 0 0 1 0 0 1 1 1 0 0 0 0 1 0 </row>
            <row number="17">0 1 0 0 0 0 0 0 1 1 1 0 0 1 0 1 0 0 1 0 1 * 0 1 1 0 0 0 0 1 1 1 </row>
            <row number="18">1 0 0 0 0 0 0 0 0 0 1 0 0 0 0 0 0 0 0 1 0 * 1 0 0 0 0 0 0 1 1 1 </row>
            <row number="19">0 0 0 0 0 0 1 0 0 0 1 0 0 1 0 0 1 0 1 0 * 0 1 0 0 0 1 0 0 0 0 0 </row>
            <row number="20">0 1 0 1 0 0 0 0 0 0 0 0 1 0 0 0 * * * * 0 0 1 1 0 1 0 0 0 1 0 0 </row>
            <row number="21">0 0 0 0 0 0 0 1 0 1 0 0 0 0 0 * 0 0 1 0 0 1 1 1 0 0 1 1 1 0 0 0 </row>
            <row number="22">0 0 1 0 1 0 0 1 0 0 0 0 1 0 * 0 * 0 0 1 0 0 0 0 0 0 0 0 0 0 1 0 </row>
            <row number="23">0 0 0 0 0 0 0 1 0 0 0 0 0 1 0 * * 0 1 0 0 0 1 0 1 0 1 1 0 0 0 0 </row>
            <row number="24">0 0 0 0 0 0 0 0 0 0 0 0 0 0 0 * 0 1 0 0 0 1 0 1 0 0 1 0 1 0 0 0 </row>
            <row number="25">0 0 0 0 0 0 0 0 0 0 0 0 0 0 0 * 1 * * * * * * * 0 1 0 0 1 0 0 1 </row>
            <row number="26">0 1 0 0 0 0 0 0 1 0 1 0 0 0 0 * * * 0 0 1 1 0 0 * 0 0 0 0 0 0 1 </row>
            <row number="27">0 0 1 0 0 1 0 0 1 0 0 0 0 0 0 0 0 0 0 0 0 0 0 0 * 0 0 0 0 0 0 0 </row>
            <row number="28">1 0 0 1 1 0 0 0 0 0 0 1 0 0 0 1 0 0 0 1 0 0 0 0 0 * 0 0 0 1 1 1 </row>
            <row number="29">1 0 0 0 0 1 0 0 0 0 1 0 0 0 0 1 0 1 0 1 0 0 0 1 0 * 0 0 0 0 1 1 </row>
            <row number="30">1 1 0 1 0 0 1 1 0 1 0 1 1 0 0 0 0 0 1 0 0 0 0 0 0 * 0 1 0 0 0 0 </row>
            <row number="31">1 1 0 0 0 0 0 0 0 0 0 0 0 0 0 1 0 0 1 0 0 0 0 0 0 0 * * 1 0 0 0 </row>
        </path>
        <agent id="0" start.x="27" start.y="31" goal.x="22" goal.y="17" size="0.5" movespeed="1" rotationspeed="1">
            <path pathfound="true" runtime="0.039614402" duration="46.925888">
                <section id="0" start.x="27" start.y="31" goal.x="26" goal.y="31" duration="1" g-value="1"/>
                <section id="1" start.x="26" start.y="31" goal.x="26" goal.y="31" duration="0.36524186" g-value="1.3652419"/>
                <section id="2" start.x="26" start.y="31" goal.x="25" goal.y="30" duration="1.4142135" g-value="2.7794554"/>
                <section id="3" start.x="25" start.y="30" goal.x="24" goal.y="26" duration="4.1231055" g-value="6.9025612"/>
                <section id="4" start.x="24" start.y="26" goal.x="24" goal.y="26" duration="0.34350696" g-value="7.246068"/>
                <section id="5" start.x="24" start.y="26" goal.x="23" goal.y="25" duration="1.4142135" g-value="8.6602812"/>
                <section id="6" start.x="23" start.y="25" goal.x="23" goal.y="25" duration="0.079999998" g-value="8.7402811"/>
                <section id="7" start.x="23" start.y="25" goal.x="20" goal.y="25" duration="3" g-value="11.740281"/>
                <section id="8" start.x="20" start.y="25" goal.x="20" goal.y="25" duration="0.54440546" g-value="12.284687"/>
                <section id="9" start.x="20" start.y="25" goal.x="18" goal.y="25" duration="2" g-value="14.284687"/>
                <section id="10" start.x="18" start.y="25" goal.x="17" goal.y="25" duration="1" g-value="15.284687"/>
                <section id="11" start.x="17" start.y="25" goal.x="17" goal.y="25" duration="0.89999998" g-value="16.184687"/>
                <section id="12" start.x="17" start.y="25" goal.x="19" goal.y="25" duration="2" g-value="18.184687"/>
                <section id="13" start.x="19" start.y="25" goal.x="19" goal.y="25" duration="0.23950152" g-value="18.424189"/>
                <section id="14" start.x="19" start.y="25" goal.x="17" goal.y="26" duration="2.236068" g-value="20.660257"/>
                <section id="15" start.x="17" start.y="26" goal.x="17" goal.y="26" duration="0.41" g-value="21.070257"/>
                <section id="16" start.x="17" start.y="26" goal.x="15" goal.y="26" duration="2" g-value="23.070257"/>
                <section id="17" start.x="15" start.y="26" goal.x="15" goal.y="25" duration="1" g-value="24.070257"/>
                <section id="18" start.x="15" start.y="25" goal.x="15" goal.y="25" duration="2.7324424" g-value="26.802698"/>
                <section id="19" start.x="15" start.y="25" goal.x="15" goal.y="24" duration="1" g-value="27.802698"/>
                <section id="20" start.x="15" start.y="24" goal.x="16" goal.y="23" duration="1.4142135" g-value="29.216913"/>
                <section id="21" start.x="16" start.y="23" goal.x="16" goal.y="22" duration="1" g-value="30.216913"/>
                <section id="22" start.x="16" start.y="22" goal.x="16" goal.y="22" duration="0.91207808" g-value="31.12899"/>
                <section id="23" start.x="16" start.y="22" goal.x="16" goal.y="23" duration="1" g-value="32.12899"/>
                <section id="24" start.x="16" start.y="23" goal.x="16" goal.y="23" duration="1.6758291" g-value="33.804821"/>
                <section id="25" start.x="16" start.y="23" goal.x="15" goal.y="23" duration="1" g-value="34.804821"/>
                <section id="26" start.x="15" start.y="23" goal.x="15" goal.y="23" duration="0.050000001" g-value="34.85482"/>
                <section id="27" start.x="15" start.y="23" goal.x="14" goal.y="22" duration="1.4142135" g-value="36.269032"/>
                <section id="28" start.x="14" start.y="22" goal.x="16" goal.y="20" duration="2.8284271" g-value="39.097462"/>
                <section id="29" start.x="16" start.y="20" goal.x="19" goal.y="20" duration="3" g-value="42.097462"/>
                <section id="30" start.x="19" start.y="20" goal.x="21" goal.y="18" duration="2.8284271" g-value="44.925888"/>
                <section id="31" start.x="21" start.y="18" goal.x="21" goal.y="17" duration="1" g-value="45.925888"/>
                <section id="32" start.x="21" start.y="17" goal.x="22" goal.y="17" duration="1" g-value="46.925888"/>
            </path>
        </agent>
    </log>
</root>
