<?xml version="1.0" ?>
<root>
    <log>
        <taskfilename>D:/GitHub/AA-SIPP_optimal_2019/Instances/32x32_20/128/176_task.xml</taskfilename>
        <mapfilename>32x32_20.xml</mapfilename>
        <configfilename>config.xml</configfilename>
        <obstaclesfilename>D:/GitHub/AA-SIPP_optimal_2019/Instances/32x32_20/128/176_task_obs.xml</obstaclesfilename>
        <summary runtime="0.0223899" tries="1" agentssolved="1 (100.000000%)" flowtime="35.733162" makespan="35.733162"/>
        <path>
            <row number="0">0 0 0 0 0 0 0 0 0 0 1 0 0 0 0 0 0 1 0 0 0 1 0 1 0 0 0 0 0 0 0 0 </row>
            <row number="1">1 0 0 0 1 0 1 1 0 0 0 0 0 0 0 0 0 0 0 1 0 1 0 0 0 1 0 0 0 0 0 0 </row>
            <row number="2">0 0 0 0 0 0 0 0 0 0 0 0 0 0 1 0 0 0 0 0 0 0 0 1 1 0 0 0 1 0 0 0 </row>
            <row number="3">0 0 0 0 0 1 0 1 0 0 0 0 0 0 0 0 0 0 1 0 0 0 0 0 0 0 0 0 0 1 0 0 </row>
            <row number="4">0 1 1 0 0 0 0 0 0 0 0 0 0 0 1 1 0 1 0 0 0 0 0 0 1 0 0 1 0 0 0 0 </row>
            <row number="5">0 0 0 0 0 0 1 0 0 1 0 1 0 0 1 1 0 0 0 0 0 0 1 0 0 0 0 1 0 0 1 1 </row>
            <row number="6">0 0 0 0 0 0 1 0 0 1 1 0 0 0 0 0 0 0 0 1 0 0 0 0 0 0 0 1 0 0 0 1 </row>
            <row number="7">0 1 0 0 0 1 0 0 0 0 0 0 0 0 0 0 0 0 0 0 0 1 1 0 0 0 1 0 0 1 0 0 </row>
            <row number="8">0 0 0 0 0 0 1 0 0 0 0 0 0 0 0 0 1 0 0 0 0 0 0 0 1 0 1 0 0 0 0 0 </row>
            <row number="9">0 0 1 0 1 0 0 0 0 0 0 0 0 0 0 0 0 1 0 1 0 * * * 0 0 0 1 1 0 0 0 </row>
            <row number="10">1 0 1 0 0 0 0 0 0 0 0 0 1 0 1 0 0 * * * * * 1 * * 0 1 0 0 0 0 0 </row>
            <row number="11">0 0 0 0 0 0 0 0 0 0 0 0 1 0 0 0 * * 1 0 1 * 1 0 0 * * * 0 0 1 0 </row>
            <row number="12">0 0 1 0 0 0 0 0 1 0 1 * 1 1 0 1 * 0 0 0 0 0 0 0 0 0 1 0 * 0 0 0 </row>
            <row number="13">0 1 0 0 0 0 0 0 0 0 0 * * * * * * 0 1 0 1 0 0 0 0 0 1 0 * 0 1 0 </row>
            <row number="14">0 0 0 1 1 1 0 0 0 0 0 0 0 1 0 0 0 0 0 0 0 0 0 1 0 0 0 0 * * 0 0 </row>
            <row number="15">0 0 0 0 0 0 0 0 1 0 0 0 0 1 0 1 0 1 0 0 1 0 0 0 0 0 0 0 * 0 0 0 </row>
            <row number="16">0 0 1 0 0 0 1 0 0 0 0 0 0 0 0 1 0 0 0 0 1 0 0 1 1 1 0 0 0 0 1 0 </row>
            <row number="17">0 1 0 0 0 0 0 0 1 1 1 0 0 1 0 1 0 0 1 0 1 0 0 1 1 0 0 0 0 1 1 1 </row>
            <row number="18">1 0 0 0 0 0 0 0 0 0 1 0 0 0 0 0 0 0 0 1 0 0 1 0 0 0 0 0 0 1 1 1 </row>
            <row number="19">0 0 0 0 0 0 1 0 0 0 1 0 0 1 0 0 1 0 1 0 0 0 1 0 0 0 1 0 0 0 0 0 </row>
            <row number="20">0 1 0 1 0 0 0 0 0 0 0 0 1 0 0 0 0 0 0 0 0 0 1 1 0 1 0 0 0 1 0 0 </row>
            <row number="21">0 0 0 0 0 0 0 1 0 1 0 0 0 0 0 0 0 0 1 0 0 1 1 1 0 0 1 1 1 0 0 0 </row>
            <row number="22">0 0 1 0 1 0 0 1 0 0 0 0 1 0 0 0 0 0 0 1 0 0 0 0 0 0 0 0 0 0 1 0 </row>
            <row number="23">0 0 0 0 0 0 0 1 0 0 0 0 0 1 0 0 0 0 1 0 0 0 1 0 1 0 1 1 0 0 0 0 </row>
            <row number="24">0 0 0 0 0 0 0 0 0 0 0 0 0 0 0 0 0 1 0 0 0 1 0 1 0 0 1 0 1 0 0 0 </row>
            <row number="25">0 0 0 0 0 0 0 0 0 0 0 0 0 0 0 0 1 0 0 0 0 0 0 0 0 1 0 0 1 0 0 1 </row>
            <row number="26">0 1 0 0 0 0 0 0 1 0 1 0 0 0 0 0 0 0 0 0 1 1 0 0 0 0 0 0 0 0 0 1 </row>
            <row number="27">0 0 1 0 0 1 0 0 1 0 0 0 0 0 0 0 0 0 0 0 0 0 0 0 0 0 0 0 0 0 0 0 </row>
            <row number="28">1 0 0 1 1 0 0 0 0 0 0 1 0 0 0 1 0 0 0 1 0 0 0 0 0 0 0 0 0 1 1 1 </row>
            <row number="29">1 0 0 0 0 1 0 0 0 0 1 0 0 0 0 1 0 1 0 1 0 0 0 1 0 0 0 0 0 0 1 1 </row>
            <row number="30">1 1 0 1 0 0 1 1 0 1 0 1 1 0 0 0 0 0 1 0 0 0 0 0 0 0 0 1 0 0 0 0 </row>
            <row number="31">1 1 0 0 0 0 0 0 0 0 0 0 0 0 0 1 0 0 1 0 0 0 0 0 0 0 0 0 1 0 0 0 </row>
        </path>
        <agent id="0" start.x="11" start.y="12" goal.x="28" goal.y="16" size="0.5" movespeed="1" rotationspeed="1">
            <path pathfound="true" runtime="0.020200601" duration="35.733162">
                <section id="0" start.x="11" start.y="12" goal.x="11" goal.y="13" duration="1" g-value="1"/>
                <section id="1" start.x="11" start.y="13" goal.x="16" goal.y="13" duration="5" g-value="6"/>
                <section id="2" start.x="16" start.y="13" goal.x="16" goal.y="11" duration="2" g-value="8"/>
                <section id="3" start.x="16" start.y="11" goal.x="17" goal.y="10" duration="1.4142135" g-value="9.4142132"/>
                <section id="4" start.x="17" start.y="10" goal.x="17" goal.y="10" duration="0.58764094" g-value="10.001855"/>
                <section id="5" start.x="17" start.y="10" goal.x="16" goal.y="11" duration="1.4142135" g-value="11.416068"/>
                <section id="6" start.x="16" start.y="11" goal.x="17" goal.y="11" duration="1" g-value="12.416068"/>
                <section id="7" start.x="17" start.y="11" goal.x="17" goal.y="10" duration="1" g-value="13.416068"/>
                <section id="8" start.x="17" start.y="10" goal.x="21" goal.y="10" duration="4" g-value="17.416067"/>
                <section id="9" start.x="21" start.y="10" goal.x="21" goal.y="11" duration="1" g-value="18.416067"/>
                <section id="10" start.x="21" start.y="11" goal.x="21" goal.y="11" duration="0.2" g-value="18.616068"/>
                <section id="11" start.x="21" start.y="11" goal.x="21" goal.y="9" duration="2" g-value="20.616068"/>
                <section id="12" start.x="21" start.y="9" goal.x="23" goal.y="9" duration="2" g-value="22.616068"/>
                <section id="13" start.x="23" start.y="9" goal.x="23" goal.y="10" duration="1" g-value="23.616068"/>
                <section id="14" start.x="23" start.y="10" goal.x="23" goal.y="10" duration="0.61186159" g-value="24.22793"/>
                <section id="15" start.x="23" start.y="10" goal.x="25" goal.y="11" duration="2.236068" g-value="26.463997"/>
                <section id="16" start.x="25" start.y="11" goal.x="27" goal.y="11" duration="2" g-value="28.463997"/>
                <section id="17" start.x="27" start.y="11" goal.x="28" goal.y="12" duration="1.4142135" g-value="29.878212"/>
                <section id="18" start.x="28" start.y="12" goal.x="29" goal.y="14" duration="2.236068" g-value="32.114281"/>
                <section id="19" start.x="29" start.y="14" goal.x="29" goal.y="14" duration="0.61888373" g-value="32.733162"/>
                <section id="20" start.x="29" start.y="14" goal.x="28" goal.y="14" duration="1" g-value="33.733162"/>
                <section id="21" start.x="28" start.y="14" goal.x="28" goal.y="16" duration="2" g-value="35.733162"/>
            </path>
        </agent>
    </log>
</root>
