<?xml version="1.0" ?>
<root>
    <log>
        <taskfilename>D:/GitHub/AA-SIPP_optimal_2019/Instances/32x32_20/128/177_task.xml</taskfilename>
        <mapfilename>32x32_20.xml</mapfilename>
        <configfilename>config.xml</configfilename>
        <obstaclesfilename>D:/GitHub/AA-SIPP_optimal_2019/Instances/32x32_20/128/177_task_obs.xml</obstaclesfilename>
        <summary runtime="0.047823999" tries="1" agentssolved="1 (100.000000%)" flowtime="42.184048" makespan="42.184048"/>
        <path>
            <row number="0">0 0 0 0 0 0 0 0 0 0 1 0 0 0 0 0 0 1 0 0 0 1 0 1 0 0 0 0 0 0 0 0 </row>
            <row number="1">1 0 0 0 1 0 1 1 0 0 0 0 0 0 0 0 0 0 0 1 0 1 0 0 0 1 0 0 0 0 0 0 </row>
            <row number="2">0 0 0 0 0 0 0 0 0 0 0 0 0 0 1 0 0 0 0 0 0 0 0 1 1 0 0 0 1 0 0 0 </row>
            <row number="3">0 0 0 0 0 1 0 1 0 0 0 0 0 0 0 0 0 0 1 0 0 0 0 0 0 0 0 0 0 1 0 0 </row>
            <row number="4">0 1 1 0 0 0 0 0 0 0 0 0 0 0 1 1 0 1 0 0 0 0 0 0 1 0 0 1 0 0 0 0 </row>
            <row number="5">0 0 0 0 0 0 1 0 0 1 0 1 0 0 1 1 0 * 0 0 0 0 1 0 0 0 0 1 0 0 1 1 </row>
            <row number="6">0 0 0 0 0 0 1 0 0 1 1 0 0 0 * * * 0 * 1 0 0 0 0 0 0 0 1 0 0 0 1 </row>
            <row number="7">0 1 0 0 0 1 0 0 0 0 0 0 0 * 0 0 0 0 * * 0 1 1 0 0 0 1 0 0 1 0 0 </row>
            <row number="8">0 0 0 0 0 * 1 0 0 0 0 0 0 * 0 0 1 0 0 0 * * 0 0 1 0 1 0 0 0 0 0 </row>
            <row number="9">0 0 1 0 1 * * 0 0 0 0 * * 0 0 0 0 1 0 1 0 0 * * * 0 0 1 1 0 0 0 </row>
            <row number="10">1 0 1 0 0 * 0 * * * * 0 1 0 1 0 0 0 0 0 0 0 1 0 * 0 1 0 0 0 0 0 </row>
            <row number="11">0 0 0 0 0 0 * 0 0 * * 0 1 0 0 0 0 0 1 0 1 0 1 0 0 * * 0 0 0 1 0 </row>
            <row number="12">0 0 1 0 0 0 0 * 1 0 1 0 1 1 0 1 0 0 0 0 0 0 0 0 0 0 1 0 0 0 0 0 </row>
            <row number="13">0 1 0 0 0 0 0 0 0 0 0 0 0 0 0 0 0 0 1 0 1 0 0 0 0 0 1 0 0 0 1 0 </row>
            <row number="14">0 0 0 1 1 1 0 0 0 0 0 0 0 1 0 0 0 0 0 0 0 0 0 1 0 0 0 0 0 0 0 0 </row>
            <row number="15">0 0 0 0 0 0 0 0 1 0 0 0 0 1 0 1 0 1 0 0 1 0 0 0 0 0 0 0 0 0 0 0 </row>
            <row number="16">0 0 1 0 0 0 1 0 0 0 0 0 0 0 0 1 0 0 0 0 1 0 0 1 1 1 0 0 0 0 1 0 </row>
            <row number="17">0 1 0 0 0 0 0 0 1 1 1 0 0 1 0 1 0 0 1 0 1 0 0 1 1 0 0 0 0 1 1 1 </row>
            <row number="18">1 0 0 0 0 0 0 0 0 0 1 0 0 0 0 0 0 0 0 1 0 0 1 0 0 0 0 0 0 1 1 1 </row>
            <row number="19">0 0 0 0 0 0 1 0 0 0 1 0 0 1 0 0 1 0 1 0 0 0 1 0 0 0 1 0 0 0 0 0 </row>
            <row number="20">0 1 0 1 0 0 0 0 0 0 0 0 1 0 0 0 0 0 0 0 0 0 1 1 0 1 0 0 0 1 0 0 </row>
            <row number="21">0 0 0 0 0 0 0 1 0 1 0 0 0 0 0 0 0 0 1 0 0 1 1 1 0 0 1 1 1 0 0 0 </row>
            <row number="22">0 0 1 0 1 0 0 1 0 0 0 0 1 0 0 0 0 0 0 1 0 0 0 0 0 0 0 0 0 0 1 0 </row>
            <row number="23">0 0 0 0 0 0 0 1 0 0 0 0 0 1 0 0 0 0 1 0 0 0 1 0 1 0 1 1 0 0 0 0 </row>
            <row number="24">0 0 0 0 0 0 0 0 0 0 0 0 0 0 0 0 0 1 0 0 0 1 0 1 0 0 1 0 1 0 0 0 </row>
            <row number="25">0 0 0 0 0 0 0 0 0 0 0 0 0 0 0 0 1 0 0 0 0 0 0 0 0 1 0 0 1 0 0 1 </row>
            <row number="26">0 1 0 0 0 0 0 0 1 0 1 0 0 0 0 0 0 0 0 0 1 1 0 0 0 0 0 0 0 0 0 1 </row>
            <row number="27">0 0 1 0 0 1 0 0 1 0 0 0 0 0 0 0 0 0 0 0 0 0 0 0 0 0 0 0 0 0 0 0 </row>
            <row number="28">1 0 0 1 1 0 0 0 0 0 0 1 0 0 0 1 0 0 0 1 0 0 0 0 0 0 0 0 0 1 1 1 </row>
            <row number="29">1 0 0 0 0 1 0 0 0 0 1 0 0 0 0 1 0 1 0 1 0 0 0 1 0 0 0 0 0 0 1 1 </row>
            <row number="30">1 1 0 1 0 0 1 1 0 1 0 1 1 0 0 0 0 0 1 0 0 0 0 0 0 0 0 1 0 0 0 0 </row>
            <row number="31">1 1 0 0 0 0 0 0 0 0 0 0 0 0 0 1 0 0 1 0 0 0 0 0 0 0 0 0 1 0 0 0 </row>
        </path>
        <agent id="0" start.x="7" start.y="12" goal.x="27" goal.y="11" size="0.5" movespeed="1" rotationspeed="1">
            <path pathfound="true" runtime="0.045305599" duration="42.184048">
                <section id="0" start.x="7" start.y="12" goal.x="5" goal.y="10" duration="2.8284271" g-value="2.8284271"/>
                <section id="1" start.x="5" start.y="10" goal.x="5" goal.y="10" duration="0.59157288" g-value="3.4200001"/>
                <section id="2" start.x="5" start.y="10" goal.x="5" goal.y="8" duration="2" g-value="5.4200001"/>
                <section id="3" start.x="5" start.y="8" goal.x="5" goal.y="9" duration="1" g-value="6.4200001"/>
                <section id="4" start.x="5" start.y="9" goal.x="6" goal.y="9" duration="1" g-value="7.4200001"/>
                <section id="5" start.x="6" start.y="9" goal.x="6" goal.y="9" duration="0.50019193" g-value="7.9201918"/>
                <section id="6" start.x="6" start.y="9" goal.x="7" goal.y="10" duration="1.4142135" g-value="9.3344059"/>
                <section id="7" start.x="7" start.y="10" goal.x="7" goal.y="10" duration="0.10490057" g-value="9.4393063"/>
                <section id="8" start.x="7" start.y="10" goal.x="9" goal.y="10" duration="2" g-value="11.439306"/>
                <section id="9" start.x="9" start.y="10" goal.x="9" goal.y="10" duration="0.14" g-value="11.579306"/>
                <section id="10" start.x="9" start.y="10" goal.x="9" goal.y="11" duration="1" g-value="12.579306"/>
                <section id="11" start.x="9" start.y="11" goal.x="9" goal.y="11" duration="1.1739269" g-value="13.753233"/>
                <section id="12" start.x="9" start.y="11" goal.x="10" goal.y="11" duration="1" g-value="14.753233"/>
                <section id="13" start.x="10" start.y="11" goal.x="10" goal.y="11" duration="0.050000001" g-value="14.803233"/>
                <section id="14" start.x="10" start.y="11" goal.x="11" goal.y="9" duration="2.236068" g-value="17.039301"/>
                <section id="15" start.x="11" start.y="9" goal.x="13" goal.y="8" duration="2.236068" g-value="19.27537"/>
                <section id="16" start.x="13" start.y="8" goal.x="13" goal.y="7" duration="1" g-value="20.27537"/>
                <section id="17" start.x="13" start.y="7" goal.x="13" goal.y="7" duration="0.029999999" g-value="20.305368"/>
                <section id="18" start.x="13" start.y="7" goal.x="14" goal.y="6" duration="1.4142135" g-value="21.719582"/>
                <section id="19" start.x="14" start.y="6" goal.x="14" goal.y="6" duration="1.6396074" g-value="23.35919"/>
                <section id="20" start.x="14" start.y="6" goal.x="16" goal.y="6" duration="2" g-value="25.35919"/>
                <section id="21" start.x="16" start.y="6" goal.x="17" goal.y="5" duration="1.4142135" g-value="26.773403"/>
                <section id="22" start.x="17" start.y="5" goal.x="17" goal.y="5" duration="1.5637887" g-value="28.337193"/>
                <section id="23" start.x="17" start.y="5" goal.x="18" goal.y="6" duration="1.4142135" g-value="29.751406"/>
                <section id="24" start.x="18" start.y="6" goal.x="18" goal.y="6" duration="0.19" g-value="29.941406"/>
                <section id="25" start.x="18" start.y="6" goal.x="18" goal.y="7" duration="1" g-value="30.941406"/>
                <section id="26" start.x="18" start.y="7" goal.x="19" goal.y="7" duration="1" g-value="31.941406"/>
                <section id="27" start.x="19" start.y="7" goal.x="20" goal.y="8" duration="1.4142135" g-value="33.355618"/>
                <section id="28" start.x="20" start.y="8" goal.x="21" goal.y="8" duration="1" g-value="34.355618"/>
                <section id="29" start.x="21" start.y="8" goal.x="22" goal.y="9" duration="1.4142135" g-value="35.769833"/>
                <section id="30" start.x="22" start.y="9" goal.x="24" goal.y="9" duration="2" g-value="37.769833"/>
                <section id="31" start.x="24" start.y="9" goal.x="24" goal.y="10" duration="1" g-value="38.769833"/>
                <section id="32" start.x="24" start.y="10" goal.x="25" goal.y="11" duration="1.4142135" g-value="40.184048"/>
                <section id="33" start.x="25" start.y="11" goal.x="27" goal.y="11" duration="2" g-value="42.184048"/>
            </path>
        </agent>
    </log>
</root>
