<?xml version="1.0" ?>
<root>
    <log>
        <taskfilename>D:/GitHub/AA-SIPP_optimal_2019/Instances/32x32_20/128/179_task.xml</taskfilename>
        <mapfilename>32x32_20.xml</mapfilename>
        <configfilename>config.xml</configfilename>
        <obstaclesfilename>D:/GitHub/AA-SIPP_optimal_2019/Instances/32x32_20/128/179_task_obs.xml</obstaclesfilename>
        <summary runtime="0.026216101" tries="1" agentssolved="1 (100.000000%)" flowtime="38.233795" makespan="38.233795"/>
        <path>
            <row number="0">0 0 0 0 0 0 0 0 0 0 1 0 0 0 0 0 0 1 0 0 0 1 0 1 0 0 0 0 0 0 0 0 </row>
            <row number="1">1 0 0 0 1 0 1 1 0 0 0 0 0 0 0 0 0 0 0 1 0 1 0 0 0 1 0 0 0 0 0 0 </row>
            <row number="2">0 0 0 0 0 0 0 0 0 0 0 0 0 0 1 0 0 0 0 0 0 0 0 1 1 0 0 0 1 0 0 0 </row>
            <row number="3">0 0 0 0 0 1 0 1 0 0 0 0 0 0 0 0 0 0 1 0 0 0 0 0 0 0 0 0 0 1 0 0 </row>
            <row number="4">0 1 1 0 0 0 0 0 0 0 0 0 0 0 1 1 0 1 0 0 0 0 0 0 1 0 0 1 0 0 0 0 </row>
            <row number="5">0 0 0 0 0 0 1 0 0 1 0 1 0 0 1 1 0 0 0 0 0 0 1 0 0 0 0 1 0 0 1 1 </row>
            <row number="6">0 0 0 0 0 0 1 0 0 1 1 0 0 0 0 0 0 0 0 1 0 0 0 0 0 0 0 1 0 0 0 1 </row>
            <row number="7">0 1 0 0 0 1 0 0 * * 0 0 0 0 0 0 0 0 0 0 0 1 1 0 0 0 1 0 0 1 0 0 </row>
            <row number="8">0 0 0 0 0 0 1 0 0 * 0 0 0 0 0 0 1 0 0 0 0 0 0 0 1 0 1 0 0 0 0 0 </row>
            <row number="9">0 0 1 0 1 0 0 0 0 * 0 0 0 0 0 0 0 1 0 1 0 0 0 0 0 0 0 1 1 0 0 0 </row>
            <row number="10">1 0 1 0 0 0 0 0 0 * 0 0 1 0 1 0 0 0 0 0 0 0 1 0 0 0 1 0 0 0 0 0 </row>
            <row number="11">0 0 0 0 0 0 0 * * 0 0 0 1 0 0 0 0 0 1 0 1 0 1 0 0 0 0 0 0 0 1 0 </row>
            <row number="12">0 0 1 0 0 0 0 * 1 0 1 0 1 1 0 1 0 0 0 0 0 0 0 0 0 0 1 0 0 0 0 0 </row>
            <row number="13">0 1 0 0 0 0 0 * 0 0 0 0 0 0 0 0 0 0 1 0 1 0 0 0 0 0 1 0 0 0 1 0 </row>
            <row number="14">0 0 0 1 1 1 0 * 0 0 0 0 0 1 0 0 0 0 0 0 0 0 0 1 0 0 0 0 0 0 0 0 </row>
            <row number="15">0 0 0 0 0 0 0 * 1 0 0 0 0 1 0 1 0 1 0 0 1 0 0 0 0 0 0 0 0 0 0 0 </row>
            <row number="16">0 0 1 0 0 0 1 * 0 0 0 0 0 0 0 1 0 0 0 0 1 0 0 1 1 1 0 0 0 0 1 0 </row>
            <row number="17">0 1 0 0 * * * * 1 1 1 0 0 1 0 1 0 0 1 0 1 0 0 1 1 0 0 0 0 1 1 1 </row>
            <row number="18">1 * * * 0 0 0 0 0 0 1 0 0 0 0 0 0 0 0 1 0 0 1 0 0 0 0 0 0 1 1 1 </row>
            <row number="19">0 0 * 0 0 0 1 0 0 0 1 0 0 1 0 0 1 0 1 0 0 0 1 0 0 0 1 0 0 0 0 0 </row>
            <row number="20">0 1 * 1 0 0 0 0 0 0 0 0 1 0 0 0 0 0 0 0 0 0 1 1 0 1 0 0 0 1 0 0 </row>
            <row number="21">0 0 * * 0 0 0 1 0 1 0 0 0 0 0 0 0 0 1 0 0 1 1 1 0 0 1 1 1 0 0 0 </row>
            <row number="22">0 0 1 * 1 0 0 1 0 0 0 0 1 0 0 0 0 0 0 1 0 0 0 0 0 0 0 0 0 0 1 0 </row>
            <row number="23">0 0 0 * 0 0 0 1 0 0 0 0 0 1 0 0 0 0 1 0 0 0 1 0 1 0 1 1 0 0 0 0 </row>
            <row number="24">0 0 0 * 0 0 0 0 0 0 0 0 0 0 0 0 0 1 0 0 0 1 0 1 0 0 1 0 1 0 0 0 </row>
            <row number="25">0 0 * 0 0 0 0 0 0 0 0 0 0 0 0 0 1 0 0 0 0 0 0 0 0 1 0 0 1 0 0 1 </row>
            <row number="26">0 1 * * * 0 0 0 1 0 1 0 0 0 0 0 0 0 0 0 1 1 0 0 0 0 0 0 0 0 0 1 </row>
            <row number="27">0 0 1 0 0 1 0 0 1 0 0 0 0 0 0 0 0 0 0 0 0 0 0 0 0 0 0 0 0 0 0 0 </row>
            <row number="28">1 0 0 1 1 0 0 0 0 0 0 1 0 0 0 1 0 0 0 1 0 0 0 0 0 0 0 0 0 1 1 1 </row>
            <row number="29">1 0 0 0 0 1 0 0 0 0 1 0 0 0 0 1 0 1 0 1 0 0 0 1 0 0 0 0 0 0 1 1 </row>
            <row number="30">1 1 0 1 0 0 1 1 0 1 0 1 1 0 0 0 0 0 1 0 0 0 0 0 0 0 0 1 0 0 0 0 </row>
            <row number="31">1 1 0 0 0 0 0 0 0 0 0 0 0 0 0 1 0 0 1 0 0 0 0 0 0 0 0 0 1 0 0 0 </row>
        </path>
        <agent id="0" start.x="4" start.y="26" goal.x="7" goal.y="6" size="0.5" movespeed="1" rotationspeed="1">
            <path pathfound="true" runtime="0.024457401" duration="38.233795">
                <section id="0" start.x="4" start.y="26" goal.x="2" goal.y="26" duration="2" g-value="2"/>
                <section id="1" start.x="2" start.y="26" goal.x="2" goal.y="26" duration="1.39" g-value="3.3900001"/>
                <section id="2" start.x="2" start.y="26" goal.x="3" goal.y="24" duration="2.236068" g-value="5.6260681"/>
                <section id="3" start.x="3" start.y="24" goal.x="3" goal.y="21" duration="3" g-value="8.6260681"/>
                <section id="4" start.x="3" start.y="21" goal.x="2" goal.y="21" duration="1" g-value="9.6260681"/>
                <section id="5" start.x="2" start.y="21" goal.x="2" goal.y="19" duration="2" g-value="11.626068"/>
                <section id="6" start.x="2" start.y="19" goal.x="1" goal.y="18" duration="1.4142135" g-value="13.040281"/>
                <section id="7" start.x="1" start.y="18" goal.x="1" goal.y="18" duration="2.8052697" g-value="15.845551"/>
                <section id="8" start.x="1" start.y="18" goal.x="2" goal.y="18" duration="1" g-value="16.845551"/>
                <section id="9" start.x="2" start.y="18" goal.x="3" goal.y="18" duration="1" g-value="17.845551"/>
                <section id="10" start.x="3" start.y="18" goal.x="4" goal.y="17" duration="1.4142135" g-value="19.259766"/>
                <section id="11" start.x="4" start.y="17" goal.x="4" goal.y="17" duration="2.3237498" g-value="21.583515"/>
                <section id="12" start.x="4" start.y="17" goal.x="7" goal.y="17" duration="3" g-value="24.583515"/>
                <section id="13" start.x="7" start.y="17" goal.x="7" goal.y="11" duration="6" g-value="30.583515"/>
                <section id="14" start.x="7" start.y="11" goal.x="9" goal.y="10" duration="2.236068" g-value="32.819584"/>
                <section id="15" start.x="9" start.y="10" goal.x="9" goal.y="7" duration="3" g-value="35.819584"/>
                <section id="16" start.x="9" start.y="7" goal.x="8" goal.y="7" duration="1" g-value="36.819584"/>
                <section id="17" start.x="8" start.y="7" goal.x="7" goal.y="6" duration="1.4142135" g-value="38.233795"/>
            </path>
        </agent>
    </log>
</root>
