<?xml version="1.0" ?>
<root>
    <log>
        <taskfilename>D:/GitHub/AA-SIPP_optimal_2019/Instances/32x32_20/128/184_task.xml</taskfilename>
        <mapfilename>32x32_20.xml</mapfilename>
        <configfilename>config.xml</configfilename>
        <obstaclesfilename>D:/GitHub/AA-SIPP_optimal_2019/Instances/32x32_20/128/184_task_obs.xml</obstaclesfilename>
        <summary runtime="0.0194289" tries="1" agentssolved="1 (100.000000%)" flowtime="41.512085" makespan="41.512085"/>
        <path>
            <row number="0">0 0 0 0 0 0 0 0 0 0 1 0 0 0 0 * * 1 0 0 0 1 0 1 0 0 0 0 0 0 0 0 </row>
            <row number="1">1 0 0 0 1 0 1 1 0 0 0 0 0 * * 0 * 0 0 1 0 1 * * * 1 0 0 0 0 0 0 </row>
            <row number="2">0 0 0 0 0 0 0 0 0 0 0 0 0 * 1 0 0 * * * 0 0 * 1 1 0 0 0 1 0 0 0 </row>
            <row number="3">0 0 0 0 0 1 0 1 0 0 0 * * 0 0 0 0 0 1 * 0 0 * 0 0 0 0 0 0 1 0 0 </row>
            <row number="4">0 1 1 0 0 0 0 0 * * * 0 0 0 1 1 0 1 0 0 * * 0 0 1 0 0 1 0 0 0 0 </row>
            <row number="5">0 0 0 0 0 0 1 0 * 1 0 1 0 0 1 1 0 0 0 0 0 0 1 0 0 0 0 1 0 0 1 1 </row>
            <row number="6">0 0 0 0 0 0 1 0 * 1 1 0 0 0 0 0 0 0 0 1 0 0 0 0 0 0 0 1 0 0 0 1 </row>
            <row number="7">0 1 0 0 0 1 0 0 * 0 0 0 0 0 0 0 0 0 0 0 0 1 1 0 0 0 1 0 0 1 0 0 </row>
            <row number="8">0 0 0 0 0 0 1 0 * 0 0 0 0 0 0 0 1 0 0 0 0 0 0 0 1 0 1 0 0 0 0 0 </row>
            <row number="9">0 0 1 0 1 0 0 * 0 0 0 0 0 0 0 0 0 1 0 1 0 0 0 0 0 0 0 1 1 0 0 0 </row>
            <row number="10">1 0 1 0 0 0 0 * 0 0 0 0 1 0 1 0 0 0 0 0 0 0 1 0 0 0 1 0 0 0 0 0 </row>
            <row number="11">0 0 0 0 0 0 0 * 0 0 0 0 1 0 0 0 0 0 1 0 1 0 1 0 0 0 0 0 0 0 1 0 </row>
            <row number="12">0 0 1 0 0 0 0 * 1 0 1 0 1 1 0 1 0 0 0 0 0 0 0 0 0 0 1 0 0 0 0 0 </row>
            <row number="13">0 1 0 0 0 0 * 0 0 0 0 0 0 0 0 0 0 0 1 0 1 0 0 0 0 0 1 0 0 0 1 0 </row>
            <row number="14">0 0 0 1 1 1 * 0 0 0 0 0 0 1 0 0 0 0 0 0 0 0 0 1 0 0 0 0 0 0 0 0 </row>
            <row number="15">0 0 0 0 0 * * 0 1 0 0 0 0 1 0 1 0 1 0 0 1 0 0 0 0 0 0 0 0 0 0 0 </row>
            <row number="16">0 0 1 0 0 * 1 0 0 0 0 0 0 0 0 1 0 0 0 0 1 0 0 1 1 1 0 0 0 0 1 0 </row>
            <row number="17">0 1 0 0 0 * 0 0 1 1 1 0 0 1 0 1 0 0 1 0 1 0 0 1 1 0 0 0 0 1 1 1 </row>
            <row number="18">1 0 0 0 0 * 0 0 0 0 1 0 0 0 0 0 0 0 0 1 0 0 1 0 0 0 0 0 0 1 1 1 </row>
            <row number="19">0 0 0 0 0 * 1 0 0 0 1 0 0 1 0 0 1 0 1 0 0 0 1 0 0 0 1 0 0 0 0 0 </row>
            <row number="20">0 1 0 1 0 * 0 0 0 0 0 0 1 0 0 0 0 0 0 0 0 0 1 1 0 1 0 0 0 1 0 0 </row>
            <row number="21">0 0 0 0 0 0 0 1 0 1 0 0 0 0 0 0 0 0 1 0 0 1 1 1 0 0 1 1 1 0 0 0 </row>
            <row number="22">0 0 1 0 1 0 0 1 0 0 0 0 1 0 0 0 0 0 0 1 0 0 0 0 0 0 0 0 0 0 1 0 </row>
            <row number="23">0 0 0 0 0 0 0 1 0 0 0 0 0 1 0 0 0 0 1 0 0 0 1 0 1 0 1 1 0 0 0 0 </row>
            <row number="24">0 0 0 0 0 0 0 0 0 0 0 0 0 0 0 0 0 1 0 0 0 1 0 1 0 0 1 0 1 0 0 0 </row>
            <row number="25">0 0 0 0 0 0 0 0 0 0 0 0 0 0 0 0 1 0 0 0 0 0 0 0 0 1 0 0 1 0 0 1 </row>
            <row number="26">0 1 0 0 0 0 0 0 1 0 1 0 0 0 0 0 0 0 0 0 1 1 0 0 0 0 0 0 0 0 0 1 </row>
            <row number="27">0 0 1 0 0 1 0 0 1 0 0 0 0 0 0 0 0 0 0 0 0 0 0 0 0 0 0 0 0 0 0 0 </row>
            <row number="28">1 0 0 1 1 0 0 0 0 0 0 1 0 0 0 1 0 0 0 1 0 0 0 0 0 0 0 0 0 1 1 1 </row>
            <row number="29">1 0 0 0 0 1 0 0 0 0 1 0 0 0 0 1 0 1 0 1 0 0 0 1 0 0 0 0 0 0 1 1 </row>
            <row number="30">1 1 0 1 0 0 1 1 0 1 0 1 1 0 0 0 0 0 1 0 0 0 0 0 0 0 0 1 0 0 0 0 </row>
            <row number="31">1 1 0 0 0 0 0 0 0 0 0 0 0 0 0 1 0 0 1 0 0 0 0 0 0 0 0 0 1 0 0 0 </row>
        </path>
        <agent id="0" start.x="24" start.y="1" goal.x="4" goal.y="21" size="0.5" movespeed="1" rotationspeed="1">
            <path pathfound="true" runtime="0.0172469" duration="41.512085">
                <section id="0" start.x="24" start.y="1" goal.x="22" goal.y="1" duration="2" g-value="2"/>
                <section id="1" start.x="22" start.y="1" goal.x="22" goal.y="3" duration="2" g-value="4"/>
                <section id="2" start.x="22" start.y="3" goal.x="22" goal.y="3" duration="0.49021363" g-value="4.4902134"/>
                <section id="3" start.x="22" start.y="3" goal.x="21" goal.y="4" duration="1.4142135" g-value="5.9044271"/>
                <section id="4" start.x="21" start.y="4" goal.x="19" goal.y="3" duration="2.236068" g-value="8.1404953"/>
                <section id="5" start.x="19" start.y="3" goal.x="19" goal.y="2" duration="1" g-value="9.1404953"/>
                <section id="6" start.x="19" start.y="2" goal.x="18" goal.y="2" duration="1" g-value="10.140495"/>
                <section id="7" start.x="18" start.y="2" goal.x="16" goal.y="1" duration="2.236068" g-value="12.376563"/>
                <section id="8" start.x="16" start.y="1" goal.x="16" goal.y="0" duration="1" g-value="13.376563"/>
                <section id="9" start.x="16" start.y="0" goal.x="13" goal.y="1" duration="3.1622777" g-value="16.538841"/>
                <section id="10" start.x="13" start.y="1" goal.x="12" goal.y="3" duration="2.236068" g-value="18.774908"/>
                <section id="11" start.x="12" start.y="3" goal.x="9" goal.y="4" duration="3.1622777" g-value="21.937187"/>
                <section id="12" start.x="9" start.y="4" goal.x="9" goal.y="4" duration="0.02" g-value="21.957186"/>
                <section id="13" start.x="9" start.y="4" goal.x="8" goal.y="4" duration="1" g-value="22.957186"/>
                <section id="14" start.x="8" start.y="4" goal.x="8" goal.y="5" duration="1" g-value="23.957186"/>
                <section id="15" start.x="8" start.y="5" goal.x="7" goal.y="11" duration="6.0827627" g-value="30.039949"/>
                <section id="16" start.x="7" start.y="11" goal.x="6" goal.y="13" duration="2.236068" g-value="32.276016"/>
                <section id="17" start.x="6" start.y="13" goal.x="6" goal.y="15" duration="2" g-value="34.276016"/>
                <section id="18" start.x="6" start.y="15" goal.x="5" goal.y="15" duration="1" g-value="35.276016"/>
                <section id="19" start.x="5" start.y="15" goal.x="5" goal.y="19" duration="4" g-value="39.276016"/>
                <section id="20" start.x="5" start.y="19" goal.x="4" goal.y="21" duration="2.236068" g-value="41.512085"/>
            </path>
        </agent>
    </log>
</root>
