<?xml version="1.0" ?>
<root>
    <log>
        <taskfilename>D:/GitHub/AA-SIPP_optimal_2019/Instances/32x32_20/128/185_task.xml</taskfilename>
        <mapfilename>32x32_20.xml</mapfilename>
        <configfilename>config.xml</configfilename>
        <obstaclesfilename>D:/GitHub/AA-SIPP_optimal_2019/Instances/32x32_20/128/185_task_obs.xml</obstaclesfilename>
        <summary runtime="0.018917101" tries="1" agentssolved="1 (100.000000%)" flowtime="35.313122" makespan="35.313122"/>
        <path>
            <row number="0">0 0 0 0 0 0 0 0 0 0 1 0 0 0 0 0 0 1 0 0 0 1 0 1 0 0 0 0 0 0 0 0 </row>
            <row number="1">1 0 0 0 1 0 1 1 0 0 0 0 0 0 0 0 0 0 0 1 0 1 0 0 0 1 0 0 0 0 0 0 </row>
            <row number="2">0 0 0 0 0 0 0 0 0 0 0 0 0 0 1 0 0 0 0 0 0 0 0 1 1 0 0 0 1 0 0 0 </row>
            <row number="3">0 0 0 0 0 1 0 1 0 0 0 0 0 0 0 0 0 0 1 0 0 0 0 0 0 0 0 0 0 1 0 0 </row>
            <row number="4">0 1 1 0 0 0 0 0 0 0 0 0 0 0 1 1 0 1 0 0 0 0 0 0 1 0 0 1 0 0 0 0 </row>
            <row number="5">0 0 0 0 0 0 1 0 0 1 0 1 0 0 1 1 0 0 0 0 0 0 1 0 0 0 0 1 0 0 1 1 </row>
            <row number="6">0 0 0 0 0 0 1 0 0 1 1 0 0 0 0 0 0 0 0 1 0 0 0 0 0 0 0 1 0 0 0 1 </row>
            <row number="7">0 1 0 0 0 1 0 0 0 0 0 0 0 0 0 0 0 0 0 0 0 1 1 0 0 0 1 0 0 1 0 0 </row>
            <row number="8">0 0 0 0 0 0 1 0 0 0 0 0 0 0 0 0 1 0 0 0 0 0 0 0 1 0 1 0 0 0 0 0 </row>
            <row number="9">0 0 1 0 1 0 0 0 0 0 0 0 0 0 0 0 0 1 0 1 0 0 0 0 0 0 0 1 1 0 0 0 </row>
            <row number="10">1 0 1 0 0 0 0 0 0 0 0 0 1 0 1 0 0 0 0 0 0 0 1 0 0 0 1 0 0 0 0 0 </row>
            <row number="11">0 0 0 * 0 0 0 0 0 0 0 0 1 0 0 0 0 0 1 0 1 0 1 0 0 0 0 0 0 0 1 0 </row>
            <row number="12">0 0 1 * 0 0 0 0 1 0 1 0 1 1 0 1 0 0 0 0 0 0 0 0 0 0 1 0 0 0 0 0 </row>
            <row number="13">0 1 * * 0 0 0 0 0 0 0 0 0 0 0 0 0 0 1 0 1 0 0 0 0 0 1 0 0 0 1 0 </row>
            <row number="14">0 0 * 1 1 1 0 0 0 0 0 0 0 1 0 0 0 0 0 0 0 0 0 1 0 0 0 0 0 0 0 0 </row>
            <row number="15">0 0 * * 0 0 0 0 1 0 0 0 0 1 0 1 0 1 0 0 1 0 0 0 0 0 0 0 0 0 0 0 </row>
            <row number="16">0 0 1 0 * 0 1 0 0 0 0 0 0 0 0 1 0 0 0 0 1 0 0 1 1 1 0 0 0 0 1 0 </row>
            <row number="17">0 1 0 0 * 0 0 0 1 1 1 0 0 1 0 1 0 0 1 0 1 0 0 1 1 0 0 0 0 1 1 1 </row>
            <row number="18">1 0 0 0 * 0 0 0 0 0 1 0 0 0 0 0 0 0 0 1 0 0 1 0 0 0 0 0 0 1 1 1 </row>
            <row number="19">0 0 * * 0 0 1 0 0 0 1 0 0 1 0 0 1 0 1 0 0 0 1 0 0 0 1 0 0 0 0 0 </row>
            <row number="20">0 1 * 1 0 0 0 0 0 0 0 0 1 0 0 0 0 0 0 0 0 0 1 1 0 1 0 0 0 1 0 0 </row>
            <row number="21">0 0 * * 0 0 0 1 0 1 0 0 0 0 0 0 0 0 1 0 0 1 1 1 0 0 1 1 1 0 0 0 </row>
            <row number="22">0 0 1 * 1 0 0 1 0 0 0 0 1 0 0 0 0 0 0 1 0 0 0 0 0 0 0 0 0 0 1 0 </row>
            <row number="23">0 0 0 * 0 0 0 1 0 0 0 0 0 1 0 0 0 0 1 0 0 0 1 0 1 0 1 1 0 0 0 0 </row>
            <row number="24">0 0 0 0 * 0 0 0 0 0 0 0 0 0 0 0 0 1 0 0 0 1 0 1 0 0 1 0 1 0 0 0 </row>
            <row number="25">0 0 0 0 * 0 0 0 0 0 0 0 0 0 0 0 1 0 0 0 0 0 0 0 0 1 0 0 1 0 0 1 </row>
            <row number="26">0 1 0 0 0 * * 0 1 0 1 0 0 0 0 0 0 0 0 0 1 1 0 0 0 0 0 0 0 0 0 1 </row>
            <row number="27">0 0 1 0 0 1 * 0 1 0 0 0 0 0 0 0 0 0 0 0 0 0 0 0 0 0 0 0 0 0 0 0 </row>
            <row number="28">1 0 0 1 1 0 0 * * * * 1 0 0 0 1 0 0 0 1 0 0 0 0 0 0 0 0 0 1 1 1 </row>
            <row number="29">1 0 0 0 0 1 0 0 0 0 1 0 0 0 0 1 0 1 0 1 0 0 0 1 0 0 0 0 0 0 1 1 </row>
            <row number="30">1 1 0 1 0 0 1 1 0 1 0 1 1 0 0 0 0 0 1 0 0 0 0 0 0 0 0 1 0 0 0 0 </row>
            <row number="31">1 1 0 0 0 0 0 0 0 0 0 0 0 0 0 1 0 0 1 0 0 0 0 0 0 0 0 0 1 0 0 0 </row>
        </path>
        <agent id="0" start.x="10" start.y="28" goal.x="2" goal.y="11" size="0.5" movespeed="1" rotationspeed="1">
            <path pathfound="true" runtime="0.017064" duration="35.313122">
                <section id="0" start.x="10" start.y="28" goal.x="10" goal.y="28" duration="4.6842132" g-value="4.6842132"/>
                <section id="1" start.x="10" start.y="28" goal.x="7" goal.y="28" duration="3" g-value="7.6842132"/>
                <section id="2" start.x="7" start.y="28" goal.x="6" goal.y="27" duration="1.4142135" g-value="9.0984268"/>
                <section id="3" start.x="6" start.y="27" goal.x="6" goal.y="27" duration="2.3605926" g-value="11.45902"/>
                <section id="4" start.x="6" start.y="27" goal.x="6" goal.y="26" duration="1" g-value="12.45902"/>
                <section id="5" start.x="6" start.y="26" goal.x="5" goal.y="26" duration="1" g-value="13.45902"/>
                <section id="6" start.x="5" start.y="26" goal.x="3" goal.y="23" duration="3.6055512" g-value="17.064571"/>
                <section id="7" start.x="3" start.y="23" goal.x="3" goal.y="21" duration="2" g-value="19.064571"/>
                <section id="8" start.x="3" start.y="21" goal.x="2" goal.y="21" duration="1" g-value="20.064571"/>
                <section id="9" start.x="2" start.y="21" goal.x="2" goal.y="19" duration="2" g-value="22.064571"/>
                <section id="10" start.x="2" start.y="19" goal.x="3" goal.y="19" duration="1" g-value="23.064571"/>
                <section id="11" start.x="3" start.y="19" goal.x="3" goal.y="19" duration="0.090000004" g-value="23.154572"/>
                <section id="12" start.x="3" start.y="19" goal.x="4" goal.y="18" duration="1.4142135" g-value="24.568785"/>
                <section id="13" start.x="4" start.y="18" goal.x="4" goal.y="18" duration="0.14012435" g-value="24.708908"/>
                <section id="14" start.x="4" start.y="18" goal.x="4" goal.y="16" duration="2" g-value="26.708908"/>
                <section id="15" start.x="4" start.y="16" goal.x="4" goal.y="16" duration="0.19" g-value="26.898909"/>
                <section id="16" start.x="4" start.y="16" goal.x="3" goal.y="15" duration="1.4142135" g-value="28.313122"/>
                <section id="17" start.x="3" start.y="15" goal.x="2" goal.y="15" duration="1" g-value="29.313122"/>
                <section id="18" start.x="2" start.y="15" goal.x="2" goal.y="13" duration="2" g-value="31.313122"/>
                <section id="19" start.x="2" start.y="13" goal.x="3" goal.y="13" duration="1" g-value="32.313122"/>
                <section id="20" start.x="3" start.y="13" goal.x="3" goal.y="11" duration="2" g-value="34.313122"/>
                <section id="21" start.x="3" start.y="11" goal.x="2" goal.y="11" duration="1" g-value="35.313122"/>
            </path>
        </agent>
    </log>
</root>
