<?xml version="1.0" ?>
<root>
    <log>
        <taskfilename>D:/GitHub/AA-SIPP_optimal_2019/Instances/32x32_20/128/188_task.xml</taskfilename>
        <mapfilename>32x32_20.xml</mapfilename>
        <configfilename>config.xml</configfilename>
        <obstaclesfilename>D:/GitHub/AA-SIPP_optimal_2019/Instances/32x32_20/128/188_task_obs.xml</obstaclesfilename>
        <summary runtime="0.077462099" tries="1" agentssolved="1 (100.000000%)" flowtime="75.74614" makespan="75.74614"/>
        <path>
            <row number="0">0 0 0 0 0 0 0 0 0 0 1 0 0 0 0 0 0 1 0 0 0 1 0 1 0 0 0 0 0 0 0 0 </row>
            <row number="1">1 0 0 0 1 0 1 1 0 0 0 0 0 0 0 0 0 0 0 1 0 1 0 0 0 1 0 0 0 0 0 0 </row>
            <row number="2">0 0 0 0 0 0 0 0 0 0 0 0 0 0 1 0 0 0 0 0 0 0 0 1 1 0 0 0 1 0 0 0 </row>
            <row number="3">0 0 0 0 0 1 0 1 0 0 0 0 0 0 0 0 0 0 1 0 0 0 0 0 0 0 0 0 0 1 0 0 </row>
            <row number="4">0 1 1 0 0 * * * 0 0 0 0 0 0 1 1 0 1 0 0 0 0 0 0 1 0 0 1 0 0 0 0 </row>
            <row number="5">0 0 0 0 0 0 1 * 0 1 0 1 0 0 1 1 0 0 0 0 0 0 1 0 0 0 0 1 0 0 1 1 </row>
            <row number="6">0 0 0 0 0 0 1 0 * 1 1 0 0 0 0 0 0 0 0 1 0 0 0 0 0 0 0 1 0 0 0 1 </row>
            <row number="7">0 1 0 0 0 1 0 0 * 0 0 0 0 0 0 0 0 0 0 0 0 1 1 0 0 0 1 0 0 1 0 0 </row>
            <row number="8">0 0 0 0 0 0 1 0 0 * * * * * * * 1 0 0 0 0 0 0 0 1 0 1 0 0 0 0 0 </row>
            <row number="9">0 0 1 0 1 0 0 0 0 0 0 0 0 0 0 * 0 1 0 1 0 0 0 0 0 0 0 1 1 0 0 0 </row>
            <row number="10">1 0 1 0 0 0 0 0 0 0 0 0 1 0 1 * 0 0 0 0 0 0 1 0 0 0 1 0 0 0 0 0 </row>
            <row number="11">0 0 0 0 0 0 0 0 0 0 0 0 1 0 * * 0 0 1 0 1 0 1 0 0 0 0 0 0 0 1 0 </row>
            <row number="12">0 0 1 0 0 0 0 0 1 0 1 0 1 1 * 1 0 0 0 0 0 0 0 0 0 0 1 0 0 0 0 0 </row>
            <row number="13">0 1 0 0 0 0 0 0 0 0 0 0 0 0 * 0 * 0 1 0 1 0 0 0 0 0 1 0 0 0 1 0 </row>
            <row number="14">0 0 0 1 1 1 0 0 0 0 0 0 0 1 * * * * * 0 0 0 0 1 0 0 0 0 0 0 0 0 </row>
            <row number="15">0 0 0 0 0 0 0 0 1 0 0 0 0 1 0 1 0 1 * 0 1 0 0 0 0 0 0 0 0 0 0 0 </row>
            <row number="16">0 0 1 0 0 0 1 0 0 0 0 0 0 0 0 1 0 * * 0 1 0 0 1 1 1 0 0 0 0 1 0 </row>
            <row number="17">0 1 0 0 0 0 0 0 1 1 1 0 0 1 0 1 0 * 1 0 1 0 0 1 1 0 0 0 0 1 1 1 </row>
            <row number="18">1 0 0 0 0 0 0 0 0 0 1 0 0 0 0 0 0 * 0 1 0 0 1 0 0 0 0 0 0 1 1 1 </row>
            <row number="19">0 0 0 0 0 0 1 0 0 0 1 0 0 1 0 0 1 * 1 0 * 0 1 0 0 0 1 0 0 0 0 0 </row>
            <row number="20">0 1 0 1 0 0 0 0 0 0 0 0 1 0 0 0 0 * * * * 0 1 1 0 1 0 0 0 1 0 0 </row>
            <row number="21">0 0 0 0 0 0 0 1 0 1 0 0 0 0 0 0 0 * 1 0 * 1 1 1 0 0 1 1 1 0 0 0 </row>
            <row number="22">0 0 1 0 1 0 0 1 0 0 0 0 1 0 0 0 0 * 0 1 * 0 0 0 0 0 0 0 0 0 1 0 </row>
            <row number="23">0 0 0 0 0 0 0 1 0 0 0 0 0 1 0 0 0 * 1 0 * 0 1 0 1 0 1 1 0 0 0 0 </row>
            <row number="24">0 0 0 0 0 0 0 0 0 0 0 0 0 0 0 0 0 1 * * 0 1 0 1 0 0 1 0 1 0 0 0 </row>
            <row number="25">0 0 0 0 0 0 0 0 0 0 0 0 0 0 0 0 1 0 * 0 0 0 0 0 0 1 0 0 1 0 0 1 </row>
            <row number="26">0 1 0 0 0 0 0 0 1 0 1 0 0 0 0 0 0 0 0 * 1 1 0 * 0 0 0 0 0 0 0 1 </row>
            <row number="27">0 0 1 0 0 1 0 0 1 0 0 0 0 0 0 0 0 0 0 * * * * * * 0 0 0 0 0 0 0 </row>
            <row number="28">1 0 0 1 1 0 0 0 0 0 0 1 0 0 0 1 0 0 0 1 0 0 0 0 0 * 0 0 0 1 1 1 </row>
            <row number="29">1 0 0 0 0 1 0 0 0 0 1 0 0 0 0 1 0 1 0 1 0 0 0 1 0 0 * * 0 0 1 1 </row>
            <row number="30">1 1 0 1 0 0 1 1 0 1 0 1 1 0 0 0 0 0 1 0 0 0 0 0 0 0 0 1 0 0 0 0 </row>
            <row number="31">1 1 0 0 0 0 0 0 0 0 0 0 0 0 0 1 0 0 1 0 0 0 0 0 0 0 0 0 1 0 0 0 </row>
        </path>
        <agent id="0" start.x="27" start.y="29" goal.x="5" goal.y="5" size="0.5" movespeed="1" rotationspeed="1">
            <path pathfound="true" runtime="0.073756598" duration="75.74614">
                <section id="0" start.x="27" start.y="29" goal.x="27" goal.y="29" duration="0.95736665" g-value="0.95736665"/>
                <section id="1" start.x="27" start.y="29" goal.x="26" goal.y="29" duration="1" g-value="1.9573666"/>
                <section id="2" start.x="26" start.y="29" goal.x="23" goal.y="26" duration="4.2426405" g-value="6.2000074"/>
                <section id="3" start.x="23" start.y="26" goal.x="23" goal.y="27" duration="1" g-value="7.2000074"/>
                <section id="4" start.x="23" start.y="27" goal.x="23" goal.y="27" duration="2.1591663" g-value="9.3591738"/>
                <section id="5" start.x="23" start.y="27" goal.x="20" goal.y="27" duration="3" g-value="12.359174"/>
                <section id="6" start.x="20" start.y="27" goal.x="19" goal.y="27" duration="1" g-value="13.359174"/>
                <section id="7" start.x="19" start.y="27" goal.x="19" goal.y="27" duration="0.090000004" g-value="13.449174"/>
                <section id="8" start.x="19" start.y="27" goal.x="18" goal.y="24" duration="3.1622777" g-value="16.611452"/>
                <section id="9" start.x="18" start.y="24" goal.x="18" goal.y="24" duration="0.16" g-value="16.771452"/>
                <section id="10" start.x="18" start.y="24" goal.x="19" goal.y="24" duration="1" g-value="17.771452"/>
                <section id="11" start.x="19" start.y="24" goal.x="20" goal.y="23" duration="1.4142135" g-value="19.185665"/>
                <section id="12" start.x="20" start.y="23" goal.x="20" goal.y="23" duration="0.44753858" g-value="19.633204"/>
                <section id="13" start.x="20" start.y="23" goal.x="20" goal.y="19" duration="4" g-value="23.633204"/>
                <section id="14" start.x="20" start.y="19" goal.x="19" goal.y="20" duration="1.4142135" g-value="25.047417"/>
                <section id="15" start.x="19" start.y="20" goal.x="19" goal.y="20" duration="0.437078" g-value="25.484495"/>
                <section id="16" start.x="19" start.y="20" goal.x="17" goal.y="20" duration="2" g-value="27.484495"/>
                <section id="17" start.x="17" start.y="20" goal.x="17" goal.y="23" duration="3" g-value="30.484495"/>
                <section id="18" start.x="17" start.y="23" goal.x="17" goal.y="23" duration="5.3707762" g-value="35.85527"/>
                <section id="19" start.x="17" start.y="23" goal.x="17" goal.y="19" duration="4" g-value="39.85527"/>
                <section id="20" start.x="17" start.y="19" goal.x="17" goal.y="19" duration="0.02" g-value="39.875271"/>
                <section id="21" start.x="17" start.y="19" goal.x="17" goal.y="18" duration="1" g-value="40.875271"/>
                <section id="22" start.x="17" start.y="18" goal.x="17" goal.y="16" duration="2" g-value="42.875271"/>
                <section id="23" start.x="17" start.y="16" goal.x="18" goal.y="16" duration="1" g-value="43.875271"/>
                <section id="24" start.x="18" start.y="16" goal.x="18" goal.y="14" duration="2" g-value="45.875271"/>
                <section id="25" start.x="18" start.y="14" goal.x="18" goal.y="14" duration="3.0625248" g-value="48.937798"/>
                <section id="26" start.x="18" start.y="14" goal.x="17" goal.y="14" duration="1" g-value="49.937798"/>
                <section id="27" start.x="17" start.y="14" goal.x="17" goal.y="14" duration="0.19" g-value="50.127796"/>
                <section id="28" start.x="17" start.y="14" goal.x="16" goal.y="13" duration="1.4142135" g-value="51.542011"/>
                <section id="29" start.x="16" start.y="13" goal.x="16" goal.y="13" duration="0.80578643" g-value="52.347797"/>
                <section id="30" start.x="16" start.y="13" goal.x="16" goal.y="14" duration="1" g-value="53.347797"/>
                <section id="31" start.x="16" start.y="14" goal.x="14" goal.y="14" duration="2" g-value="55.347797"/>
                <section id="32" start.x="14" start.y="14" goal.x="14" goal.y="11" duration="3" g-value="58.347797"/>
                <section id="33" start.x="14" start.y="11" goal.x="15" goal.y="11" duration="1" g-value="59.347797"/>
                <section id="34" start.x="15" start.y="11" goal.x="15" goal.y="8" duration="3" g-value="62.347797"/>
                <section id="35" start.x="15" start.y="8" goal.x="10" goal.y="8" duration="5" g-value="67.347794"/>
                <section id="36" start.x="10" start.y="8" goal.x="8" goal.y="7" duration="2.236068" g-value="69.583862"/>
                <section id="37" start.x="8" start.y="7" goal.x="7" goal.y="4" duration="3.1622777" g-value="72.74614"/>
                <section id="38" start.x="7" start.y="4" goal.x="5" goal.y="4" duration="2" g-value="74.74614"/>
                <section id="39" start.x="5" start.y="4" goal.x="5" goal.y="5" duration="1" g-value="75.74614"/>
            </path>
        </agent>
    </log>
</root>
