<?xml version="1.0" ?>
<root>
    <log>
        <taskfilename>D:/GitHub/AA-SIPP_optimal_2019/Instances/32x32_20/128/189_task.xml</taskfilename>
        <mapfilename>32x32_20.xml</mapfilename>
        <configfilename>config.xml</configfilename>
        <obstaclesfilename>D:/GitHub/AA-SIPP_optimal_2019/Instances/32x32_20/128/189_task_obs.xml</obstaclesfilename>
        <summary runtime="0.025024099" tries="1" agentssolved="1 (100.000000%)" flowtime="43.991688" makespan="43.991688"/>
        <path>
            <row number="0">0 0 0 0 0 0 0 0 0 0 1 0 0 0 0 0 0 1 0 0 0 1 0 1 0 0 0 0 0 0 0 0 </row>
            <row number="1">1 0 0 0 1 0 1 1 0 0 0 0 0 0 0 0 0 0 0 1 0 1 0 0 0 1 0 0 0 0 0 0 </row>
            <row number="2">0 0 0 0 0 0 0 0 0 0 0 0 0 0 1 0 0 0 0 0 0 0 0 1 1 0 0 0 1 0 0 0 </row>
            <row number="3">0 0 0 0 0 1 0 1 0 0 0 0 0 0 0 0 0 0 1 0 0 0 0 0 0 0 0 0 0 1 0 0 </row>
            <row number="4">0 1 1 0 0 0 0 0 0 0 0 0 0 0 1 1 0 1 0 * 0 0 0 0 1 0 0 1 0 0 0 0 </row>
            <row number="5">0 0 0 0 0 0 1 0 0 1 0 1 0 0 1 1 0 0 * 0 0 0 1 0 0 0 0 1 0 0 1 1 </row>
            <row number="6">0 0 0 0 0 0 1 0 0 1 1 0 0 0 0 0 0 0 * 1 0 0 0 0 0 0 0 1 0 0 0 1 </row>
            <row number="7">0 1 0 0 0 1 0 0 0 0 0 0 0 0 0 0 0 0 * 0 0 1 1 0 0 0 1 0 0 1 0 0 </row>
            <row number="8">0 0 0 0 0 0 1 0 0 0 0 0 0 0 0 0 1 * * 0 0 0 0 0 1 0 1 0 0 0 0 0 </row>
            <row number="9">0 0 1 0 1 0 0 0 0 0 0 0 0 0 0 0 0 1 * 1 0 0 0 0 0 0 0 1 1 0 0 0 </row>
            <row number="10">1 0 1 0 0 0 0 0 0 0 0 0 1 0 1 * * * * 0 0 0 1 0 0 0 1 0 0 0 0 0 </row>
            <row number="11">0 0 0 0 0 0 0 0 0 0 0 0 1 0 0 0 * 0 1 0 1 0 1 0 0 0 0 0 0 0 1 0 </row>
            <row number="12">0 0 1 0 0 0 0 0 1 0 1 0 1 1 0 1 * 0 0 0 0 0 0 0 0 0 1 0 0 0 0 0 </row>
            <row number="13">0 1 0 0 0 0 0 0 0 0 0 0 0 0 0 0 0 * 1 0 1 0 0 0 0 0 1 0 0 0 1 0 </row>
            <row number="14">0 0 0 1 1 1 0 0 0 0 0 0 0 1 0 0 * 0 0 0 0 0 0 1 0 0 0 0 0 0 0 0 </row>
            <row number="15">0 0 0 0 0 0 0 0 1 0 0 0 0 1 0 1 * 1 0 0 1 0 0 0 0 0 0 0 0 0 0 0 </row>
            <row number="16">0 0 1 0 0 0 1 0 0 0 0 0 0 0 0 1 * 0 0 0 1 0 0 1 1 1 0 0 0 0 1 0 </row>
            <row number="17">0 1 0 0 0 0 0 0 1 1 1 0 0 1 0 1 * 0 1 0 1 0 0 1 1 0 0 0 0 1 1 1 </row>
            <row number="18">1 0 0 0 0 0 0 0 0 0 1 0 0 0 0 * * 0 0 1 0 0 1 0 0 0 0 0 0 1 1 1 </row>
            <row number="19">0 0 0 0 0 0 1 0 0 0 1 0 0 1 0 * 1 0 1 0 0 0 1 0 0 0 1 0 0 0 0 0 </row>
            <row number="20">0 1 0 1 0 0 0 0 0 0 0 0 1 0 0 * 0 0 0 0 0 0 1 1 0 1 0 0 0 1 0 0 </row>
            <row number="21">0 0 0 0 0 0 0 1 0 1 0 0 0 0 0 * 0 0 1 0 0 1 1 1 0 0 1 1 1 0 0 0 </row>
            <row number="22">0 0 1 0 1 0 0 1 0 0 0 0 1 0 0 * 0 0 0 1 0 0 0 0 0 0 0 0 0 0 1 0 </row>
            <row number="23">0 0 0 0 0 0 0 1 0 0 0 0 0 1 0 * 0 0 1 0 0 0 1 0 1 0 1 1 0 0 0 0 </row>
            <row number="24">0 0 0 0 0 0 0 0 0 0 0 0 0 0 0 * 0 1 0 0 0 1 0 1 0 0 1 0 1 0 0 0 </row>
            <row number="25">0 0 0 0 0 0 0 0 0 0 0 0 0 0 * 0 1 0 0 0 0 0 0 0 0 1 0 0 1 0 0 1 </row>
            <row number="26">0 1 0 0 0 0 0 0 1 0 1 0 0 0 * 0 0 0 0 0 1 1 0 0 0 0 0 0 0 0 0 1 </row>
            <row number="27">0 0 1 0 0 1 0 0 1 0 0 0 0 * 0 0 0 0 0 0 0 0 0 0 0 0 0 0 0 0 0 0 </row>
            <row number="28">1 0 0 1 1 0 0 0 0 0 0 1 0 * 0 1 0 0 0 1 0 0 0 0 0 0 0 0 0 1 1 1 </row>
            <row number="29">1 0 0 0 0 1 0 0 0 0 1 0 * 0 0 1 0 1 0 1 0 0 0 1 0 0 0 0 0 0 1 1 </row>
            <row number="30">1 1 0 1 0 0 1 1 0 1 0 1 1 0 0 0 0 0 1 0 0 0 0 0 0 0 0 1 0 0 0 0 </row>
            <row number="31">1 1 0 0 0 0 0 0 0 0 0 0 0 0 0 1 0 0 1 0 0 0 0 0 0 0 0 0 1 0 0 0 </row>
        </path>
        <agent id="0" start.x="19" start.y="4" goal.x="11" goal.y="29" size="0.5" movespeed="1" rotationspeed="1">
            <path pathfound="true" runtime="0.022748999" duration="43.991688">
                <section id="0" start.x="19" start.y="4" goal.x="18" goal.y="5" duration="1.4142135" g-value="1.4142135"/>
                <section id="1" start.x="18" start.y="5" goal.x="18" goal.y="5" duration="3.0777497" g-value="4.4919634"/>
                <section id="2" start.x="18" start.y="5" goal.x="18" goal.y="8" duration="3" g-value="7.4919634"/>
                <section id="3" start.x="18" start.y="8" goal.x="17" goal.y="8" duration="1" g-value="8.4919634"/>
                <section id="4" start.x="17" start.y="8" goal.x="17" goal.y="8" duration="2.9522502" g-value="11.444214"/>
                <section id="5" start.x="17" start.y="8" goal.x="18" goal.y="8" duration="1" g-value="12.444214"/>
                <section id="6" start.x="18" start.y="8" goal.x="18" goal.y="9" duration="1" g-value="13.444214"/>
                <section id="7" start.x="18" start.y="9" goal.x="18" goal.y="9" duration="2.6827729" g-value="16.126986"/>
                <section id="8" start.x="18" start.y="9" goal.x="18" goal.y="10" duration="1" g-value="17.126986"/>
                <section id="9" start.x="18" start.y="10" goal.x="15" goal.y="10" duration="3" g-value="20.126986"/>
                <section id="10" start.x="15" start.y="10" goal.x="15" goal.y="10" duration="0.32807174" g-value="20.455057"/>
                <section id="11" start.x="15" start.y="10" goal.x="16" goal.y="11" duration="1.4142135" g-value="21.869272"/>
                <section id="12" start.x="16" start.y="11" goal.x="16" goal.y="11" duration="0.11814553" g-value="21.987417"/>
                <section id="13" start.x="16" start.y="11" goal.x="17" goal.y="13" duration="2.236068" g-value="24.223486"/>
                <section id="14" start.x="17" start.y="13" goal.x="17" goal.y="13" duration="0.64578635" g-value="24.869272"/>
                <section id="15" start.x="17" start.y="13" goal.x="16" goal.y="14" duration="1.4142135" g-value="26.283485"/>
                <section id="16" start.x="16" start.y="14" goal.x="16" goal.y="18" duration="4" g-value="30.283485"/>
                <section id="17" start.x="16" start.y="18" goal.x="15" goal.y="18" duration="1" g-value="31.283485"/>
                <section id="18" start.x="15" start.y="18" goal.x="15" goal.y="23" duration="5" g-value="36.283485"/>
                <section id="19" start.x="15" start.y="23" goal.x="12" goal.y="29" duration="6.7082038" g-value="42.991688"/>
                <section id="20" start.x="12" start.y="29" goal.x="11" goal.y="29" duration="1" g-value="43.991688"/>
            </path>
        </agent>
    </log>
</root>
