<?xml version="1.0" ?>
<root>
    <log>
        <taskfilename>D:/GitHub/AA-SIPP_optimal_2019/Instances/32x32_20/128/18_task.xml</taskfilename>
        <mapfilename>32x32_20.xml</mapfilename>
        <configfilename>config.xml</configfilename>
        <obstaclesfilename>D:/GitHub/AA-SIPP_optimal_2019/Instances/32x32_20/128/18_task_obs.xml</obstaclesfilename>
        <summary runtime="0.0271763" tries="1" agentssolved="1 (100.000000%)" flowtime="49.194023" makespan="49.194023"/>
        <path>
            <row number="0">0 0 0 0 0 0 0 0 0 0 1 0 0 0 0 0 0 1 * * * 1 0 1 * * * * * * * 0 </row>
            <row number="1">1 0 0 0 1 0 1 1 0 0 0 0 0 0 0 0 0 * * 1 * 1 * * * 1 0 0 0 0 0 * </row>
            <row number="2">0 0 0 0 0 0 0 0 0 0 0 0 0 0 1 0 * 0 0 0 * * * 1 1 0 0 0 1 0 0 0 </row>
            <row number="3">0 0 0 0 0 1 0 1 0 0 * * * * * * 0 0 1 0 0 0 0 0 0 0 0 0 0 1 0 0 </row>
            <row number="4">0 1 1 0 0 0 0 0 * * 0 0 0 0 1 1 0 1 0 0 0 0 0 0 1 0 0 1 0 0 0 0 </row>
            <row number="5">0 0 0 0 0 0 1 0 * 1 0 1 0 0 1 1 0 0 0 0 0 0 1 0 0 0 0 1 0 0 1 1 </row>
            <row number="6">0 0 0 0 0 0 1 0 * 1 1 0 0 0 0 0 0 0 0 1 0 0 0 0 0 0 0 1 0 0 0 1 </row>
            <row number="7">0 1 0 0 0 1 0 0 * 0 0 0 0 0 0 0 0 0 0 0 0 1 1 0 0 0 1 0 0 1 0 0 </row>
            <row number="8">0 0 0 0 0 0 1 0 * 0 0 0 0 0 0 0 1 0 0 0 0 0 0 0 1 0 1 0 0 0 0 0 </row>
            <row number="9">0 0 1 0 1 0 0 0 * 0 0 0 0 0 0 0 0 1 0 1 0 0 0 0 0 0 0 1 1 0 0 0 </row>
            <row number="10">1 0 1 0 0 0 0 * 0 0 0 0 1 0 1 0 0 0 0 0 0 0 1 0 0 0 1 0 0 0 0 0 </row>
            <row number="11">0 0 0 0 0 0 0 * 0 0 0 0 1 0 0 0 0 0 1 0 1 0 1 0 0 0 0 0 0 0 1 0 </row>
            <row number="12">0 0 1 0 0 0 * 0 1 0 1 0 1 1 0 1 0 0 0 0 0 0 0 0 0 0 1 0 0 0 0 0 </row>
            <row number="13">0 1 * * * * 0 0 0 0 0 0 0 0 0 0 0 0 1 0 1 0 0 0 0 0 1 0 0 0 1 0 </row>
            <row number="14">0 0 * 1 1 1 0 0 0 0 0 0 0 1 0 0 0 0 0 0 0 0 0 1 0 0 0 0 0 0 0 0 </row>
            <row number="15">0 * 0 0 0 0 0 0 1 0 0 0 0 1 0 1 0 1 0 0 1 0 0 0 0 0 0 0 0 0 0 0 </row>
            <row number="16">* * 1 0 0 0 1 0 0 0 0 0 0 0 0 1 0 0 0 0 1 0 0 1 1 1 0 0 0 0 1 0 </row>
            <row number="17">0 1 0 0 0 0 0 0 1 1 1 0 0 1 0 1 0 0 1 0 1 0 0 1 1 0 0 0 0 1 1 1 </row>
            <row number="18">1 0 0 0 0 0 0 0 0 0 1 0 0 0 0 0 0 0 0 1 0 0 1 0 0 0 0 0 0 1 1 1 </row>
            <row number="19">0 0 0 0 0 0 1 0 0 0 1 0 0 1 0 0 1 0 1 0 0 0 1 0 0 0 1 0 0 0 0 0 </row>
            <row number="20">0 1 0 1 0 0 0 0 0 0 0 0 1 0 0 0 0 0 0 0 0 0 1 1 0 1 0 0 0 1 0 0 </row>
            <row number="21">0 0 0 0 0 0 0 1 0 1 0 0 0 0 0 0 0 0 1 0 0 1 1 1 0 0 1 1 1 0 0 0 </row>
            <row number="22">0 0 1 0 1 0 0 1 0 0 0 0 1 0 0 0 0 0 0 1 0 0 0 0 0 0 0 0 0 0 1 0 </row>
            <row number="23">0 0 0 0 0 0 0 1 0 0 0 0 0 1 0 0 0 0 1 0 0 0 1 0 1 0 1 1 0 0 0 0 </row>
            <row number="24">0 0 0 0 0 0 0 0 0 0 0 0 0 0 0 0 0 1 0 0 0 1 0 1 0 0 1 0 1 0 0 0 </row>
            <row number="25">0 0 0 0 0 0 0 0 0 0 0 0 0 0 0 0 1 0 0 0 0 0 0 0 0 1 0 0 1 0 0 1 </row>
            <row number="26">0 1 0 0 0 0 0 0 1 0 1 0 0 0 0 0 0 0 0 0 1 1 0 0 0 0 0 0 0 0 0 1 </row>
            <row number="27">0 0 1 0 0 1 0 0 1 0 0 0 0 0 0 0 0 0 0 0 0 0 0 0 0 0 0 0 0 0 0 0 </row>
            <row number="28">1 0 0 1 1 0 0 0 0 0 0 1 0 0 0 1 0 0 0 1 0 0 0 0 0 0 0 0 0 1 1 1 </row>
            <row number="29">1 0 0 0 0 1 0 0 0 0 1 0 0 0 0 1 0 1 0 1 0 0 0 1 0 0 0 0 0 0 1 1 </row>
            <row number="30">1 1 0 1 0 0 1 1 0 1 0 1 1 0 0 0 0 0 1 0 0 0 0 0 0 0 0 1 0 0 0 0 </row>
            <row number="31">1 1 0 0 0 0 0 0 0 0 0 0 0 0 0 1 0 0 1 0 0 0 0 0 0 0 0 0 1 0 0 0 </row>
        </path>
        <agent id="0" start.x="31" start.y="1" goal.x="0" goal.y="17" size="0.5" movespeed="1" rotationspeed="1">
            <path pathfound="true" runtime="0.024328601" duration="49.194023">
                <section id="0" start.x="31" start.y="1" goal.x="30" goal.y="0" duration="1.4142135" g-value="1.4142135"/>
                <section id="1" start.x="30" start.y="0" goal.x="24" goal.y="0" duration="6" g-value="7.4142137"/>
                <section id="2" start.x="24" start.y="0" goal.x="24" goal.y="1" duration="1" g-value="8.4142132"/>
                <section id="3" start.x="24" start.y="1" goal.x="22" goal.y="1" duration="2" g-value="10.414213"/>
                <section id="4" start.x="22" start.y="1" goal.x="22" goal.y="2" duration="1" g-value="11.414213"/>
                <section id="5" start.x="22" start.y="2" goal.x="20" goal.y="2" duration="2" g-value="13.414213"/>
                <section id="6" start.x="20" start.y="2" goal.x="20" goal.y="0" duration="2" g-value="15.414213"/>
                <section id="7" start.x="20" start.y="0" goal.x="18" goal.y="0" duration="2" g-value="17.414213"/>
                <section id="8" start.x="18" start.y="0" goal.x="18" goal.y="1" duration="1" g-value="18.414213"/>
                <section id="9" start.x="18" start.y="1" goal.x="17" goal.y="1" duration="1" g-value="19.414213"/>
                <section id="10" start.x="17" start.y="1" goal.x="17" goal.y="1" duration="0.36000001" g-value="19.774214"/>
                <section id="11" start.x="17" start.y="1" goal.x="15" goal.y="3" duration="2.8284271" g-value="22.60264"/>
                <section id="12" start.x="15" start.y="3" goal.x="13" goal.y="3" duration="2" g-value="24.60264"/>
                <section id="13" start.x="13" start.y="3" goal.x="13" goal.y="3" duration="0.76295662" g-value="25.365597"/>
                <section id="14" start.x="13" start.y="3" goal.x="10" goal.y="3" duration="3" g-value="28.365597"/>
                <section id="15" start.x="10" start.y="3" goal.x="9" goal.y="4" duration="1.4142135" g-value="29.77981"/>
                <section id="16" start.x="9" start.y="4" goal.x="8" goal.y="4" duration="1" g-value="30.77981"/>
                <section id="17" start.x="8" start.y="4" goal.x="8" goal.y="9" duration="5" g-value="35.779812"/>
                <section id="18" start.x="8" start.y="9" goal.x="5" goal.y="13" duration="5" g-value="40.779812"/>
                <section id="19" start.x="5" start.y="13" goal.x="2" goal.y="13" duration="3" g-value="43.779812"/>
                <section id="20" start.x="2" start.y="13" goal.x="2" goal.y="14" duration="1" g-value="44.779812"/>
                <section id="21" start.x="2" start.y="14" goal.x="1" goal.y="15" duration="1.4142135" g-value="46.194023"/>
                <section id="22" start.x="1" start.y="15" goal.x="1" goal.y="16" duration="1" g-value="47.194023"/>
                <section id="23" start.x="1" start.y="16" goal.x="0" goal.y="16" duration="1" g-value="48.194023"/>
                <section id="24" start.x="0" start.y="16" goal.x="0" goal.y="17" duration="1" g-value="49.194023"/>
            </path>
        </agent>
    </log>
</root>
