<?xml version="1.0" ?>
<root>
    <log>
        <taskfilename>D:/GitHub/AA-SIPP_optimal_2019/Instances/32x32_20/128/192_task.xml</taskfilename>
        <mapfilename>32x32_20.xml</mapfilename>
        <configfilename>config.xml</configfilename>
        <obstaclesfilename>D:/GitHub/AA-SIPP_optimal_2019/Instances/32x32_20/128/192_task_obs.xml</obstaclesfilename>
        <summary runtime="0.0261299" tries="1" agentssolved="1 (100.000000%)" flowtime="41.147881" makespan="41.147881"/>
        <path>
            <row number="0">0 0 0 0 0 0 0 0 0 0 1 0 0 0 0 0 0 1 0 0 0 1 0 1 0 0 0 0 0 0 0 0 </row>
            <row number="1">1 0 0 0 1 0 1 1 0 0 0 0 0 0 0 0 0 0 0 1 0 1 0 0 0 1 0 0 0 0 0 0 </row>
            <row number="2">0 0 0 0 0 0 0 0 0 0 0 0 0 0 1 0 0 0 0 0 0 0 0 1 1 0 0 0 1 0 0 0 </row>
            <row number="3">0 0 0 0 0 1 0 1 0 0 0 0 0 0 0 0 0 0 1 0 0 0 0 0 0 0 0 0 0 1 0 0 </row>
            <row number="4">0 1 1 0 0 0 0 0 0 0 0 0 0 0 1 1 0 1 0 0 0 0 0 0 1 0 0 1 0 0 0 0 </row>
            <row number="5">0 0 0 0 0 0 1 0 0 1 0 1 0 0 1 1 0 0 0 0 0 0 1 0 0 0 0 1 0 0 1 1 </row>
            <row number="6">0 0 0 0 0 0 1 0 0 1 1 0 0 0 0 0 0 0 0 1 0 0 0 0 0 0 0 1 0 0 0 1 </row>
            <row number="7">0 1 0 0 0 1 0 0 0 0 0 0 0 0 0 0 0 0 0 0 0 1 1 0 0 0 1 0 0 1 0 0 </row>
            <row number="8">0 0 0 0 0 0 1 0 0 0 0 0 0 0 0 0 1 0 * 0 0 0 0 0 1 0 1 0 0 0 0 0 </row>
            <row number="9">0 0 1 0 1 0 0 0 0 0 0 * * * * * * 1 * 1 0 0 0 0 0 0 0 1 1 0 0 0 </row>
            <row number="10">1 0 1 0 0 0 0 0 0 0 * 0 1 * 1 0 * * * 0 0 0 1 0 0 0 1 0 0 0 0 0 </row>
            <row number="11">0 0 0 0 0 0 0 0 0 * 0 0 1 0 0 0 0 * 1 0 1 0 1 0 0 0 0 0 0 0 1 0 </row>
            <row number="12">0 0 1 0 0 0 0 0 1 * 1 0 1 1 0 1 0 0 0 0 0 0 0 0 0 0 1 0 0 0 0 0 </row>
            <row number="13">0 1 0 0 0 0 0 0 0 * * 0 0 0 0 0 0 0 1 0 1 0 0 0 0 0 1 0 0 0 1 0 </row>
            <row number="14">0 0 0 1 1 1 0 * * * * * 0 1 0 0 0 0 0 0 0 0 0 1 0 0 0 0 0 0 0 0 </row>
            <row number="15">0 0 0 0 0 * * 0 1 0 0 0 0 1 0 1 0 1 0 0 1 0 0 0 0 0 0 0 0 0 0 0 </row>
            <row number="16">0 0 1 0 * 0 1 0 0 0 0 0 0 0 0 1 0 0 0 0 1 0 0 1 1 1 0 0 0 0 1 0 </row>
            <row number="17">0 1 0 * 0 0 0 0 1 1 1 0 0 1 0 1 0 0 1 0 1 0 0 1 1 0 0 0 0 1 1 1 </row>
            <row number="18">1 0 0 0 0 0 0 0 0 0 1 0 0 0 0 0 0 0 0 1 0 0 1 0 0 0 0 0 0 1 1 1 </row>
            <row number="19">0 0 0 0 0 0 1 0 0 0 1 0 0 1 0 0 1 0 1 0 0 0 1 0 0 0 1 0 0 0 0 0 </row>
            <row number="20">0 1 0 1 0 0 0 0 0 0 0 0 1 0 0 0 0 0 0 0 0 0 1 1 0 1 0 0 0 1 0 0 </row>
            <row number="21">0 0 0 0 0 0 0 1 0 1 0 0 0 0 0 0 0 0 1 0 0 1 1 1 0 0 1 1 1 0 0 0 </row>
            <row number="22">0 0 1 0 1 0 0 1 0 0 0 0 1 0 0 0 0 0 0 1 0 0 0 0 0 0 0 0 0 0 1 0 </row>
            <row number="23">0 0 0 0 0 0 0 1 0 0 0 0 0 1 0 0 0 0 1 0 0 0 1 0 1 0 1 1 0 0 0 0 </row>
            <row number="24">0 0 0 0 0 0 0 0 0 0 0 0 0 0 0 0 0 1 0 0 0 1 0 1 0 0 1 0 1 0 0 0 </row>
            <row number="25">0 0 0 0 0 0 0 0 0 0 0 0 0 0 0 0 1 0 0 0 0 0 0 0 0 1 0 0 1 0 0 1 </row>
            <row number="26">0 1 0 0 0 0 0 0 1 0 1 0 0 0 0 0 0 0 0 0 1 1 0 0 0 0 0 0 0 0 0 1 </row>
            <row number="27">0 0 1 0 0 1 0 0 1 0 0 0 0 0 0 0 0 0 0 0 0 0 0 0 0 0 0 0 0 0 0 0 </row>
            <row number="28">1 0 0 1 1 0 0 0 0 0 0 1 0 0 0 1 0 0 0 1 0 0 0 0 0 0 0 0 0 1 1 1 </row>
            <row number="29">1 0 0 0 0 1 0 0 0 0 1 0 0 0 0 1 0 1 0 1 0 0 0 1 0 0 0 0 0 0 1 1 </row>
            <row number="30">1 1 0 1 0 0 1 1 0 1 0 1 1 0 0 0 0 0 1 0 0 0 0 0 0 0 0 1 0 0 0 0 </row>
            <row number="31">1 1 0 0 0 0 0 0 0 0 0 0 0 0 0 1 0 0 1 0 0 0 0 0 0 0 0 0 1 0 0 0 </row>
        </path>
        <agent id="0" start.x="18" start.y="8" goal.x="2" goal.y="18" size="0.5" movespeed="1" rotationspeed="1">
            <path pathfound="true" runtime="0.0239463" duration="41.147881">
                <section id="0" start.x="18" start.y="8" goal.x="18" goal.y="10" duration="2" g-value="2"/>
                <section id="1" start.x="18" start.y="10" goal.x="17" goal.y="10" duration="1" g-value="3"/>
                <section id="2" start.x="17" start.y="10" goal.x="17" goal.y="10" duration="2.6142135" g-value="5.6142135"/>
                <section id="3" start.x="17" start.y="10" goal.x="17" goal.y="11" duration="1" g-value="6.6142135"/>
                <section id="4" start.x="17" start.y="11" goal.x="17" goal.y="11" duration="1.3957863" g-value="8.0100002"/>
                <section id="5" start.x="17" start.y="11" goal.x="16" goal.y="10" duration="1.4142135" g-value="9.4242134"/>
                <section id="6" start.x="16" start.y="10" goal.x="16" goal.y="9" duration="1" g-value="10.424213"/>
                <section id="7" start.x="16" start.y="9" goal.x="16" goal.y="9" duration="1.9957865" g-value="12.42"/>
                <section id="8" start.x="16" start.y="9" goal.x="15" goal.y="9" duration="1" g-value="13.42"/>
                <section id="9" start.x="15" start.y="9" goal.x="14" goal.y="9" duration="1" g-value="14.42"/>
                <section id="10" start.x="14" start.y="9" goal.x="14" goal.y="9" duration="2.6100001" g-value="17.030001"/>
                <section id="11" start.x="14" start.y="9" goal.x="13" goal.y="9" duration="1" g-value="18.030001"/>
                <section id="12" start.x="13" start.y="9" goal.x="13" goal.y="10" duration="1" g-value="19.030001"/>
                <section id="13" start.x="13" start.y="10" goal.x="13" goal.y="10" duration="0.31529903" g-value="19.345299"/>
                <section id="14" start.x="13" start.y="10" goal.x="13" goal.y="9" duration="1" g-value="20.345299"/>
                <section id="15" start.x="13" start.y="9" goal.x="11" goal.y="9" duration="2" g-value="22.345299"/>
                <section id="16" start.x="11" start.y="9" goal.x="11" goal.y="9" duration="0.11" g-value="22.455299"/>
                <section id="17" start.x="11" start.y="9" goal.x="9" goal.y="11" duration="2.8284271" g-value="25.283726"/>
                <section id="18" start.x="9" start.y="11" goal.x="9" goal.y="13" duration="2" g-value="27.283726"/>
                <section id="19" start.x="9" start.y="13" goal.x="11" goal.y="14" duration="2.236068" g-value="29.519794"/>
                <section id="20" start.x="11" start.y="14" goal.x="11" goal.y="14" duration="0.10909476" g-value="29.628889"/>
                <section id="21" start.x="11" start.y="14" goal.x="9" goal.y="14" duration="2" g-value="31.628889"/>
                <section id="22" start.x="9" start.y="14" goal.x="9" goal.y="14" duration="0.86213589" g-value="32.491024"/>
                <section id="23" start.x="9" start.y="14" goal.x="7" goal.y="14" duration="2" g-value="34.491024"/>
                <section id="24" start.x="7" start.y="14" goal.x="6" goal.y="15" duration="1.4142135" g-value="35.905239"/>
                <section id="25" start.x="6" start.y="15" goal.x="5" goal.y="15" duration="1" g-value="36.905239"/>
                <section id="26" start.x="5" start.y="15" goal.x="2" goal.y="18" duration="4.2426405" g-value="41.147881"/>
            </path>
        </agent>
    </log>
</root>
