<?xml version="1.0" ?>
<root>
    <log>
        <taskfilename>D:/GitHub/AA-SIPP_optimal_2019/Instances/32x32_20/128/196_task.xml</taskfilename>
        <mapfilename>32x32_20.xml</mapfilename>
        <configfilename>config.xml</configfilename>
        <obstaclesfilename>D:/GitHub/AA-SIPP_optimal_2019/Instances/32x32_20/128/196_task_obs.xml</obstaclesfilename>
        <summary runtime="0.0197089" tries="1" agentssolved="1 (100.000000%)" flowtime="34.623085" makespan="34.623085"/>
        <path>
            <row number="0">0 0 0 0 0 0 0 0 0 0 1 0 0 0 0 0 0 1 0 0 0 1 0 1 0 0 0 0 0 0 0 0 </row>
            <row number="1">1 0 0 0 1 0 1 1 0 0 0 0 0 0 0 0 0 0 0 1 0 1 0 0 0 1 0 0 0 0 0 0 </row>
            <row number="2">0 0 0 0 0 0 0 0 0 0 0 0 0 0 1 0 0 0 0 0 0 0 0 1 1 0 0 0 1 0 0 0 </row>
            <row number="3">0 0 0 0 0 1 0 1 0 0 0 0 0 0 0 0 0 0 1 0 0 0 0 0 0 0 0 0 0 1 0 0 </row>
            <row number="4">0 1 1 0 0 0 0 0 0 0 0 0 0 0 1 1 0 1 0 0 0 0 0 0 1 0 0 1 0 0 0 0 </row>
            <row number="5">0 0 0 0 0 0 1 0 0 1 0 1 0 0 1 1 0 0 0 0 0 0 1 0 0 0 0 1 0 0 1 1 </row>
            <row number="6">0 0 0 0 0 0 1 0 0 1 1 0 0 0 0 0 0 0 0 1 0 0 0 0 0 0 0 1 0 0 0 1 </row>
            <row number="7">0 1 0 0 0 1 0 0 0 0 0 0 0 0 0 0 0 0 0 0 0 1 1 0 0 0 1 0 0 1 0 0 </row>
            <row number="8">0 0 0 0 0 0 1 0 0 0 0 0 0 0 0 0 1 0 0 0 0 0 0 0 1 0 1 0 0 0 0 0 </row>
            <row number="9">0 0 1 0 1 0 0 0 0 0 0 0 0 0 0 0 0 1 0 1 0 0 0 0 0 0 0 1 1 0 0 0 </row>
            <row number="10">1 0 1 0 0 0 0 0 0 0 0 0 1 0 1 0 0 0 0 0 0 0 1 0 0 0 1 0 0 0 0 0 </row>
            <row number="11">0 0 0 0 0 0 0 0 0 0 0 0 1 0 0 0 0 0 1 0 1 0 1 0 0 0 0 0 0 0 1 0 </row>
            <row number="12">0 0 1 0 0 0 0 0 1 0 1 0 1 1 0 1 0 0 0 0 0 0 0 0 0 0 1 0 0 0 0 0 </row>
            <row number="13">0 1 0 0 0 0 0 0 0 0 0 0 0 0 0 0 0 0 1 0 1 0 0 0 0 0 1 0 0 0 1 0 </row>
            <row number="14">0 0 0 1 1 1 0 0 0 0 0 0 0 1 0 0 0 0 0 0 0 0 0 1 0 0 0 0 0 0 0 0 </row>
            <row number="15">0 0 0 0 0 0 0 0 1 0 0 0 0 1 0 1 0 1 0 0 1 0 0 0 0 0 0 0 0 0 0 0 </row>
            <row number="16">0 0 1 0 0 0 1 0 0 0 0 0 0 0 0 1 0 0 0 0 1 0 0 1 1 1 0 0 0 0 1 0 </row>
            <row number="17">0 1 0 0 0 0 0 0 1 1 1 0 0 1 0 1 0 0 1 0 1 0 0 1 1 0 0 0 0 1 1 1 </row>
            <row number="18">1 0 0 0 0 0 0 0 0 0 1 0 0 0 0 0 0 0 0 1 0 0 1 0 0 0 0 0 0 1 1 1 </row>
            <row number="19">0 0 0 0 0 0 1 0 0 0 1 0 0 1 0 0 1 0 1 0 0 * 1 0 * 0 1 0 0 0 0 0 </row>
            <row number="20">0 1 0 1 0 0 0 0 0 0 0 0 1 0 0 0 0 * * * * * 1 1 * 1 0 0 0 1 0 0 </row>
            <row number="21">0 0 0 0 0 0 0 1 0 1 0 * * * * * * * 1 0 * 1 1 1 * * 1 1 1 0 0 0 </row>
            <row number="22">0 0 1 0 1 0 0 1 0 0 0 0 1 0 0 0 0 0 0 1 * * * * * 0 0 0 0 0 1 0 </row>
            <row number="23">0 0 0 0 0 0 0 1 0 0 0 0 0 1 0 0 0 0 1 0 0 * 1 0 1 0 1 1 0 0 0 0 </row>
            <row number="24">0 0 0 0 0 0 0 0 0 0 0 0 0 0 0 0 0 1 0 0 0 1 0 1 0 0 1 0 1 0 0 0 </row>
            <row number="25">0 0 0 0 0 0 0 0 0 0 0 0 0 0 0 0 1 0 0 0 0 0 0 0 0 1 0 0 1 0 0 1 </row>
            <row number="26">0 1 0 0 0 0 0 0 1 0 1 0 0 0 0 0 0 0 0 0 1 1 0 0 0 0 0 0 0 0 0 1 </row>
            <row number="27">0 0 1 0 0 1 0 0 1 0 0 0 0 0 0 0 0 0 0 0 0 0 0 0 0 0 0 0 0 0 0 0 </row>
            <row number="28">1 0 0 1 1 0 0 0 0 0 0 1 0 0 0 1 0 0 0 1 0 0 0 0 0 0 0 0 0 1 1 1 </row>
            <row number="29">1 0 0 0 0 1 0 0 0 0 1 0 0 0 0 1 0 1 0 1 0 0 0 1 0 0 0 0 0 0 1 1 </row>
            <row number="30">1 1 0 1 0 0 1 1 0 1 0 1 1 0 0 0 0 0 1 0 0 0 0 0 0 0 0 1 0 0 0 0 </row>
            <row number="31">1 1 0 0 0 0 0 0 0 0 0 0 0 0 0 1 0 0 1 0 0 0 0 0 0 0 0 0 1 0 0 0 </row>
        </path>
        <agent id="0" start.x="24" start.y="19" goal.x="11" goal.y="20" size="0.5" movespeed="1" rotationspeed="1">
            <path pathfound="true" runtime="0.016256601" duration="34.623085">
                <section id="0" start.x="24" start.y="19" goal.x="24" goal.y="21" duration="2" g-value="2"/>
                <section id="1" start.x="24" start.y="21" goal.x="25" goal.y="21" duration="1" g-value="3"/>
                <section id="2" start.x="25" start.y="21" goal.x="25" goal.y="21" duration="2.6757865" g-value="5.6757865"/>
                <section id="3" start.x="25" start.y="21" goal.x="24" goal.y="22" duration="1.4142135" g-value="7.0900002"/>
                <section id="4" start.x="24" start.y="22" goal.x="24" goal.y="22" duration="1.1526406" g-value="8.2426405"/>
                <section id="5" start.x="24" start.y="22" goal.x="21" goal.y="22" duration="3" g-value="11.24264"/>
                <section id="6" start.x="21" start.y="22" goal.x="21" goal.y="23" duration="1" g-value="12.24264"/>
                <section id="7" start.x="21" start.y="23" goal.x="21" goal.y="23" duration="1.5042133" g-value="13.746854"/>
                <section id="8" start.x="21" start.y="23" goal.x="20" goal.y="22" duration="1.4142135" g-value="15.161067"/>
                <section id="9" start.x="20" start.y="22" goal.x="20" goal.y="20" duration="2" g-value="17.161068"/>
                <section id="10" start.x="20" start.y="20" goal.x="21" goal.y="20" duration="1" g-value="18.161068"/>
                <section id="11" start.x="21" start.y="20" goal.x="21" goal.y="20" duration="1.1460682" g-value="19.307135"/>
                <section id="12" start.x="21" start.y="20" goal.x="21" goal.y="19" duration="1" g-value="20.307135"/>
                <section id="13" start.x="21" start.y="19" goal.x="21" goal.y="19" duration="0.23018342" g-value="20.537319"/>
                <section id="14" start.x="21" start.y="19" goal.x="20" goal.y="20" duration="1.4142135" g-value="21.951532"/>
                <section id="15" start.x="20" start.y="20" goal.x="20" goal.y="20" duration="0.52546877" g-value="22.477001"/>
                <section id="16" start.x="20" start.y="20" goal.x="17" goal.y="20" duration="3" g-value="25.477001"/>
                <section id="17" start.x="17" start.y="20" goal.x="17" goal.y="21" duration="1" g-value="26.477001"/>
                <section id="18" start.x="17" start.y="21" goal.x="16" goal.y="21" duration="1" g-value="27.477001"/>
                <section id="19" start.x="16" start.y="21" goal.x="16" goal.y="21" duration="1.1460828" g-value="28.623085"/>
                <section id="20" start.x="16" start.y="21" goal.x="11" goal.y="21" duration="5" g-value="33.623085"/>
                <section id="21" start.x="11" start.y="21" goal.x="11" goal.y="20" duration="1" g-value="34.623085"/>
            </path>
        </agent>
    </log>
</root>
