<?xml version="1.0" ?>
<root>
    <log>
        <taskfilename>D:/GitHub/AA-SIPP_optimal_2019/Instances/32x32_20/128/197_task.xml</taskfilename>
        <mapfilename>32x32_20.xml</mapfilename>
        <configfilename>config.xml</configfilename>
        <obstaclesfilename>D:/GitHub/AA-SIPP_optimal_2019/Instances/32x32_20/128/197_task_obs.xml</obstaclesfilename>
        <summary runtime="0.073052697" tries="1" agentssolved="1 (100.000000%)" flowtime="52.72337" makespan="52.72337"/>
        <path>
            <row number="0">0 0 0 0 0 0 0 0 0 0 1 0 0 0 0 0 0 1 0 0 0 1 0 1 0 0 0 0 0 0 0 0 </row>
            <row number="1">1 0 0 0 1 0 1 1 0 0 0 0 0 0 0 0 0 0 0 1 0 1 0 0 0 1 0 0 0 0 0 0 </row>
            <row number="2">0 0 0 * * * * * * * 0 0 0 0 1 0 0 0 0 0 0 0 0 1 1 0 0 0 1 0 0 0 </row>
            <row number="3">0 0 0 0 0 1 0 1 0 0 * * 0 0 0 0 0 0 1 0 0 0 0 0 0 0 0 0 0 1 0 0 </row>
            <row number="4">0 1 1 0 0 0 0 0 0 0 0 0 * 0 1 1 0 1 0 0 0 0 0 0 1 0 0 1 0 0 0 0 </row>
            <row number="5">0 0 0 0 0 0 1 0 0 1 0 1 * 0 1 1 0 0 0 0 0 0 1 0 0 0 0 1 0 0 1 1 </row>
            <row number="6">0 0 0 0 0 0 1 0 0 1 1 0 * 0 0 0 0 0 0 1 0 0 0 0 0 0 0 1 0 0 0 1 </row>
            <row number="7">0 1 0 0 0 1 0 0 0 0 0 0 0 * 0 0 0 0 0 0 0 1 1 0 0 0 1 0 0 1 0 0 </row>
            <row number="8">0 0 0 0 0 0 1 0 0 0 0 0 0 * 0 0 1 0 0 0 0 0 0 0 1 0 1 0 0 0 0 0 </row>
            <row number="9">0 0 1 0 1 0 0 0 0 0 0 0 0 * 0 0 0 1 0 1 0 0 0 0 0 0 0 1 1 0 0 0 </row>
            <row number="10">1 0 1 0 0 0 0 0 0 0 0 0 1 * 1 0 0 0 0 0 0 0 1 0 0 0 1 0 0 0 0 0 </row>
            <row number="11">0 0 0 0 0 0 0 0 0 0 0 0 1 * * 0 0 0 1 0 1 0 1 0 0 0 0 0 0 0 1 0 </row>
            <row number="12">0 0 1 0 0 0 0 0 1 0 1 0 1 1 * 1 0 0 0 0 0 0 0 0 0 0 1 0 0 0 0 0 </row>
            <row number="13">0 1 0 0 0 0 0 0 0 0 0 0 0 0 * 0 0 0 1 0 1 0 0 0 0 0 1 0 0 0 1 0 </row>
            <row number="14">0 0 0 1 1 1 0 0 0 0 0 0 0 1 0 * * 0 0 0 0 0 0 1 0 0 0 0 0 0 0 0 </row>
            <row number="15">0 0 0 0 0 0 0 0 1 0 0 0 0 1 0 1 * 1 0 0 1 0 0 0 0 0 0 0 0 0 0 0 </row>
            <row number="16">0 0 1 0 0 0 1 0 0 0 0 0 0 0 0 1 * 0 0 0 1 0 0 1 1 1 0 0 0 0 1 0 </row>
            <row number="17">0 1 0 0 0 0 0 0 1 1 1 0 0 1 0 1 * 0 1 0 1 0 0 1 1 0 0 0 0 1 1 1 </row>
            <row number="18">1 0 0 0 0 0 0 0 0 0 1 0 0 0 0 * * 0 0 1 0 0 1 0 0 0 0 0 0 1 1 1 </row>
            <row number="19">0 0 0 0 0 0 1 0 0 0 1 0 0 1 0 * 1 0 1 0 0 0 1 0 0 0 1 0 0 0 0 0 </row>
            <row number="20">0 1 0 1 0 0 0 0 0 0 0 0 1 0 0 * 0 0 0 0 0 0 1 1 0 1 0 0 0 1 0 0 </row>
            <row number="21">0 0 0 0 0 0 0 1 0 1 0 * * * * * 0 0 1 0 0 1 1 1 0 0 1 1 1 0 0 0 </row>
            <row number="22">0 0 1 0 1 0 0 1 0 * 0 * 1 0 0 0 0 0 0 1 0 0 0 0 0 0 0 0 0 0 1 0 </row>
            <row number="23">0 0 0 0 0 0 0 1 0 * 0 * 0 1 0 0 0 0 1 0 0 0 1 0 1 0 1 1 0 0 0 0 </row>
            <row number="24">0 0 0 0 0 0 0 0 0 0 * 0 * 0 0 0 0 1 0 0 0 1 0 1 0 0 1 0 1 0 0 0 </row>
            <row number="25">0 0 0 0 0 0 0 0 0 0 0 * * 0 0 0 1 0 0 0 0 0 0 0 0 1 0 0 1 0 0 1 </row>
            <row number="26">0 1 0 0 0 0 0 0 1 0 1 * 0 * 0 0 0 0 0 0 1 1 0 0 0 0 0 0 0 0 0 1 </row>
            <row number="27">0 0 1 0 0 1 0 0 1 0 0 0 * 0 0 0 0 0 0 0 0 0 0 0 0 0 0 0 0 0 0 0 </row>
            <row number="28">1 0 0 1 1 0 0 0 0 0 0 1 0 0 0 1 0 0 0 1 0 0 0 0 0 0 0 0 0 1 1 1 </row>
            <row number="29">1 0 0 0 0 1 0 0 0 0 1 0 0 0 0 1 0 1 0 1 0 0 0 1 0 0 0 0 0 0 1 1 </row>
            <row number="30">1 1 0 1 0 0 1 1 0 1 0 1 1 0 0 0 0 0 1 0 0 0 0 0 0 0 0 1 0 0 0 0 </row>
            <row number="31">1 1 0 0 0 0 0 0 0 0 0 0 0 0 0 1 0 0 1 0 0 0 0 0 0 0 0 0 1 0 0 0 </row>
        </path>
        <agent id="0" start.x="9" start.y="22" goal.x="2" goal.y="3" size="0.5" movespeed="1" rotationspeed="1">
            <path pathfound="true" runtime="0.070498303" duration="52.72337">
                <section id="0" start.x="9" start.y="22" goal.x="10" goal.y="24" duration="2.236068" g-value="2.236068"/>
                <section id="1" start.x="10" start.y="24" goal.x="11" goal.y="25" duration="1.4142135" g-value="3.6502814"/>
                <section id="2" start.x="11" start.y="25" goal.x="12" goal.y="27" duration="2.236068" g-value="5.8863497"/>
                <section id="3" start.x="12" start.y="27" goal.x="13" goal.y="26" duration="1.4142135" g-value="7.3005629"/>
                <section id="4" start.x="13" start.y="26" goal.x="13" goal.y="26" duration="0.7292015" g-value="8.0297642"/>
                <section id="5" start.x="13" start.y="26" goal.x="12" goal.y="25" duration="1.4142135" g-value="9.4439783"/>
                <section id="6" start.x="12" start.y="25" goal.x="12" goal.y="25" duration="0.17814574" g-value="9.6221237"/>
                <section id="7" start.x="12" start.y="25" goal.x="11" goal.y="23" duration="2.236068" g-value="11.858191"/>
                <section id="8" start.x="11" start.y="23" goal.x="11" goal.y="21" duration="2" g-value="13.858191"/>
                <section id="9" start.x="11" start.y="21" goal.x="11" goal.y="21" duration="0.48118141" g-value="14.339374"/>
                <section id="10" start.x="11" start.y="21" goal.x="14" goal.y="21" duration="3" g-value="17.339373"/>
                <section id="11" start.x="14" start.y="21" goal.x="15" goal.y="20" duration="1.4142135" g-value="18.753588"/>
                <section id="12" start.x="15" start.y="20" goal.x="15" goal.y="21" duration="1" g-value="19.753588"/>
                <section id="13" start.x="15" start.y="21" goal.x="15" goal.y="21" duration="0.050000001" g-value="19.803587"/>
                <section id="14" start.x="15" start.y="21" goal.x="15" goal.y="18" duration="3" g-value="22.803587"/>
                <section id="15" start.x="15" start.y="18" goal.x="16" goal.y="18" duration="1" g-value="23.803587"/>
                <section id="16" start.x="16" start.y="18" goal.x="16" goal.y="14" duration="4" g-value="27.803587"/>
                <section id="17" start.x="16" start.y="14" goal.x="14" goal.y="13" duration="2.236068" g-value="30.039656"/>
                <section id="18" start.x="14" start.y="13" goal.x="14" goal.y="13" duration="1.7721376" g-value="31.811792"/>
                <section id="19" start.x="14" start.y="13" goal.x="14" goal.y="11" duration="2" g-value="33.811794"/>
                <section id="20" start.x="14" start.y="11" goal.x="13" goal.y="11" duration="1" g-value="34.811794"/>
                <section id="21" start.x="13" start.y="11" goal.x="13" goal.y="9" duration="2" g-value="36.811794"/>
                <section id="22" start.x="13" start.y="9" goal.x="12" goal.y="4" duration="5.0990195" g-value="41.910812"/>
                <section id="23" start.x="12" start.y="4" goal.x="11" goal.y="3" duration="1.4142135" g-value="43.325024"/>
                <section id="24" start.x="11" start.y="3" goal.x="8" goal.y="2" duration="3.1622777" g-value="46.487305"/>
                <section id="25" start.x="8" start.y="2" goal.x="4" goal.y="2" duration="4" g-value="50.487305"/>
                <section id="26" start.x="4" start.y="2" goal.x="2" goal.y="3" duration="2.236068" g-value="52.72337"/>
            </path>
        </agent>
    </log>
</root>
