<?xml version="1.0" ?>
<root>
    <log>
        <taskfilename>D:/GitHub/AA-SIPP_optimal_2019/Instances/32x32_20/128/198_task.xml</taskfilename>
        <mapfilename>32x32_20.xml</mapfilename>
        <configfilename>config.xml</configfilename>
        <obstaclesfilename>D:/GitHub/AA-SIPP_optimal_2019/Instances/32x32_20/128/198_task_obs.xml</obstaclesfilename>
        <summary runtime="0.043834701" tries="1" agentssolved="1 (100.000000%)" flowtime="36.56242" makespan="36.56242"/>
        <path>
            <row number="0">0 0 0 0 0 0 0 0 0 0 1 0 0 0 0 0 0 1 0 0 0 1 0 1 0 0 0 0 0 0 0 0 </row>
            <row number="1">1 0 0 0 1 0 1 1 0 0 0 0 0 0 0 0 0 0 0 1 0 1 0 0 0 1 0 0 0 0 0 0 </row>
            <row number="2">0 0 0 0 0 0 0 0 0 0 0 0 0 0 1 0 0 0 0 0 0 0 0 1 1 0 0 0 1 0 0 0 </row>
            <row number="3">0 0 0 0 0 1 0 1 0 0 0 0 0 0 0 0 0 0 1 0 0 0 0 0 0 0 0 0 0 1 0 0 </row>
            <row number="4">0 1 1 0 0 0 0 0 0 0 0 0 0 0 1 1 0 1 0 0 0 0 0 0 1 0 0 1 0 0 0 0 </row>
            <row number="5">0 0 0 0 0 0 1 0 0 1 0 1 0 0 1 1 0 0 0 0 0 0 1 0 0 0 0 1 0 0 1 1 </row>
            <row number="6">0 0 0 0 0 0 1 0 0 1 1 0 0 0 0 0 0 0 0 1 0 0 0 0 0 0 0 1 0 0 0 1 </row>
            <row number="7">0 1 0 0 0 1 0 0 0 0 0 0 0 0 0 0 0 0 0 0 0 1 1 0 0 0 1 0 0 1 0 0 </row>
            <row number="8">0 0 0 0 0 0 1 0 0 0 0 0 0 0 0 0 1 0 0 0 0 0 0 0 1 0 1 0 0 0 0 0 </row>
            <row number="9">0 0 1 0 1 0 0 0 0 0 0 0 0 0 0 0 0 1 0 1 0 0 0 0 0 0 0 1 1 0 0 0 </row>
            <row number="10">1 0 1 0 0 0 0 0 0 0 0 0 1 0 1 0 0 0 0 0 0 0 1 0 0 0 1 0 0 0 0 0 </row>
            <row number="11">0 0 0 0 0 0 0 0 0 0 0 0 1 0 0 0 0 0 1 0 1 0 1 0 0 0 0 0 0 0 1 0 </row>
            <row number="12">0 0 1 0 0 0 0 0 1 0 1 0 1 1 0 1 0 0 0 0 0 0 0 0 0 0 1 0 0 0 0 0 </row>
            <row number="13">0 1 0 0 0 0 0 0 0 0 0 0 0 0 0 0 0 0 1 0 1 0 0 0 0 0 1 0 0 0 1 0 </row>
            <row number="14">0 0 0 1 1 1 0 0 0 0 0 0 0 1 0 0 0 0 0 0 0 0 0 1 0 0 0 0 0 0 0 0 </row>
            <row number="15">0 0 0 0 0 0 0 0 1 0 0 0 0 1 0 1 0 1 0 0 1 0 0 0 0 0 0 0 0 0 0 0 </row>
            <row number="16">0 0 1 0 0 0 1 0 0 0 0 0 0 0 0 1 0 0 0 0 1 0 0 1 1 1 0 0 0 0 1 0 </row>
            <row number="17">0 1 0 0 0 0 0 0 1 1 1 0 0 1 0 1 0 0 1 0 1 0 0 1 1 0 0 0 0 1 1 1 </row>
            <row number="18">1 0 0 0 0 0 0 0 0 0 1 0 0 0 0 0 0 * 0 1 0 0 1 0 0 0 0 0 0 1 1 1 </row>
            <row number="19">0 0 0 0 0 0 1 0 0 0 1 0 0 1 0 0 1 * 1 0 0 0 1 0 0 0 1 0 0 0 0 0 </row>
            <row number="20">0 1 0 1 0 0 0 0 0 0 0 0 1 0 0 0 * * 0 0 0 0 1 1 0 1 0 0 0 1 0 0 </row>
            <row number="21">0 0 0 0 0 0 0 1 0 1 0 * * * 0 * 0 0 1 0 0 1 1 1 0 0 1 1 1 0 0 0 </row>
            <row number="22">0 0 1 0 1 0 0 1 0 * * 0 1 0 * 0 0 0 0 1 0 0 0 0 0 0 0 0 0 0 1 0 </row>
            <row number="23">0 0 0 0 0 0 0 1 0 * 0 0 0 1 0 0 0 0 1 0 0 0 1 0 1 0 1 1 0 0 0 0 </row>
            <row number="24">0 0 0 0 0 0 0 0 0 0 * 0 0 0 0 0 0 1 0 0 0 1 0 1 0 0 1 0 1 0 0 0 </row>
            <row number="25">0 0 0 0 0 0 0 0 0 * 0 0 0 0 0 0 1 0 0 0 0 0 0 0 0 1 0 0 1 0 0 1 </row>
            <row number="26">0 1 0 0 0 0 0 0 1 * 1 0 0 0 0 0 0 0 0 0 1 1 0 0 0 0 0 0 0 0 0 1 </row>
            <row number="27">0 0 1 0 0 1 0 0 1 * 0 0 0 0 0 0 0 0 0 0 0 0 0 0 0 0 0 0 0 0 0 0 </row>
            <row number="28">1 0 0 1 1 0 0 0 0 0 0 1 0 0 0 1 0 0 0 1 0 0 0 0 0 0 0 0 0 1 1 1 </row>
            <row number="29">1 0 0 0 0 1 0 0 0 0 1 0 0 0 0 1 0 1 0 1 0 0 0 1 0 0 0 0 0 0 1 1 </row>
            <row number="30">1 1 0 1 0 0 1 1 0 1 0 1 1 0 0 0 0 0 1 0 0 0 0 0 0 0 0 1 0 0 0 0 </row>
            <row number="31">1 1 0 0 0 0 0 0 0 0 0 0 0 0 0 1 0 0 1 0 0 0 0 0 0 0 0 0 1 0 0 0 </row>
        </path>
        <agent id="0" start.x="9" start.y="27" goal.x="17" goal.y="17" size="0.5" movespeed="1" rotationspeed="1">
            <path pathfound="true" runtime="0.0424009" duration="36.56242">
                <section id="0" start.x="9" start.y="27" goal.x="9" goal.y="25" duration="2" g-value="2"/>
                <section id="1" start.x="9" start.y="25" goal.x="9" goal.y="25" duration="0.0099999998" g-value="2.01"/>
                <section id="2" start.x="9" start.y="25" goal.x="10" goal.y="24" duration="1.4142135" g-value="3.4242136"/>
                <section id="3" start.x="10" start.y="24" goal.x="10" goal.y="24" duration="0.66578639" g-value="4.0900002"/>
                <section id="4" start.x="10" start.y="24" goal.x="9" goal.y="23" duration="1.4142135" g-value="5.5042133"/>
                <section id="5" start.x="9" start.y="23" goal.x="10" goal.y="22" duration="1.4142135" g-value="6.918427"/>
                <section id="6" start.x="10" start.y="22" goal.x="10" goal.y="22" duration="0.91000009" g-value="7.8284273"/>
                <section id="7" start.x="10" start.y="22" goal.x="9" goal.y="22" duration="1" g-value="8.8284273"/>
                <section id="8" start.x="9" start.y="22" goal.x="9" goal.y="22" duration="6.9429536" g-value="15.77138"/>
                <section id="9" start.x="9" start.y="22" goal.x="10" goal.y="22" duration="1" g-value="16.771381"/>
                <section id="10" start.x="10" start.y="22" goal.x="10" goal.y="22" duration="0.15610087" g-value="16.927481"/>
                <section id="11" start.x="10" start.y="22" goal.x="11" goal.y="21" duration="1.4142135" g-value="18.341696"/>
                <section id="12" start.x="11" start.y="21" goal.x="12" goal.y="21" duration="1" g-value="19.341696"/>
                <section id="13" start.x="12" start.y="21" goal.x="12" goal.y="21" duration="3.0633097" g-value="22.405005"/>
                <section id="14" start.x="12" start.y="21" goal.x="13" goal.y="21" duration="1" g-value="23.405005"/>
                <section id="15" start.x="13" start.y="21" goal.x="14" goal.y="22" duration="1.4142135" g-value="24.819218"/>
                <section id="16" start.x="14" start.y="22" goal.x="14" goal.y="22" duration="4.9147749" g-value="29.733994"/>
                <section id="17" start.x="14" start.y="22" goal.x="16" goal.y="20" duration="2.8284271" g-value="32.56242"/>
                <section id="18" start.x="16" start.y="20" goal.x="17" goal.y="20" duration="1" g-value="33.56242"/>
                <section id="19" start.x="17" start.y="20" goal.x="17" goal.y="17" duration="3" g-value="36.56242"/>
            </path>
        </agent>
    </log>
</root>
