<?xml version="1.0" ?>
<root>
    <log>
        <taskfilename>D:/GitHub/AA-SIPP_optimal_2019/Instances/32x32_20/128/199_task.xml</taskfilename>
        <mapfilename>32x32_20.xml</mapfilename>
        <configfilename>config.xml</configfilename>
        <obstaclesfilename>D:/GitHub/AA-SIPP_optimal_2019/Instances/32x32_20/128/199_task_obs.xml</obstaclesfilename>
        <summary runtime="0.1060864" tries="1" agentssolved="1 (100.000000%)" flowtime="58.302639" makespan="58.302639"/>
        <path>
            <row number="0">0 0 0 0 0 0 0 0 0 0 1 0 0 0 0 0 0 1 0 0 0 1 0 1 0 0 0 0 0 0 0 0 </row>
            <row number="1">1 0 0 0 1 0 1 1 0 0 0 0 0 0 0 0 0 0 0 1 0 1 0 0 0 1 0 0 0 0 0 0 </row>
            <row number="2">0 0 0 0 0 0 0 0 0 0 0 0 0 0 1 0 0 0 0 0 0 0 0 1 1 0 0 0 1 0 0 0 </row>
            <row number="3">0 0 0 0 0 1 0 1 0 0 0 0 0 0 0 0 0 0 1 0 0 0 0 0 0 0 0 0 0 1 0 0 </row>
            <row number="4">0 1 1 0 0 0 0 0 0 0 0 0 0 0 1 1 0 1 0 0 0 0 0 0 1 0 0 1 0 0 0 0 </row>
            <row number="5">0 0 0 0 0 0 1 0 0 1 0 1 0 0 1 1 0 0 0 0 0 0 1 0 0 0 0 1 0 0 1 1 </row>
            <row number="6">0 0 0 0 0 0 1 0 0 1 1 0 0 0 0 0 0 0 0 1 0 0 0 0 0 0 0 1 0 0 0 1 </row>
            <row number="7">0 1 0 0 0 1 0 0 0 0 0 0 0 0 0 0 0 0 0 0 0 1 1 0 0 0 1 0 0 1 0 0 </row>
            <row number="8">0 0 0 0 0 0 1 0 0 0 0 0 0 0 0 0 1 0 0 0 0 0 0 0 1 0 1 0 0 0 0 0 </row>
            <row number="9">0 0 1 0 1 0 0 0 0 0 0 0 0 0 0 0 0 1 0 1 0 0 0 0 0 0 0 1 1 0 0 0 </row>
            <row number="10">1 0 1 0 0 0 0 0 0 0 0 0 1 0 1 0 0 0 0 0 0 0 1 0 0 0 1 0 0 0 0 0 </row>
            <row number="11">0 0 0 0 0 0 0 0 0 0 0 0 1 0 0 0 0 0 1 0 1 0 1 0 0 0 0 0 0 0 1 0 </row>
            <row number="12">0 0 1 0 0 0 0 0 1 0 1 0 1 1 0 1 0 0 0 0 0 0 0 0 0 0 1 0 0 0 0 0 </row>
            <row number="13">0 1 0 0 0 0 0 0 0 0 0 0 0 0 0 0 0 0 1 0 1 0 0 0 0 0 1 0 0 0 1 0 </row>
            <row number="14">0 0 0 1 1 1 0 0 0 0 0 0 0 1 0 0 0 0 0 0 0 0 0 1 0 0 0 0 0 0 0 0 </row>
            <row number="15">0 0 0 0 0 0 0 0 1 0 0 0 0 1 0 1 0 1 0 0 1 0 0 0 0 0 0 0 0 0 0 0 </row>
            <row number="16">0 0 1 0 0 0 1 0 0 0 0 0 0 0 0 1 0 0 0 0 1 0 0 1 1 1 0 0 0 0 1 0 </row>
            <row number="17">0 1 0 0 0 0 0 0 1 1 1 0 0 1 0 1 0 0 1 0 1 0 0 1 1 0 0 0 0 1 1 1 </row>
            <row number="18">1 0 0 0 0 0 0 0 0 0 1 0 0 0 0 0 0 0 0 1 0 0 1 0 0 0 0 0 0 1 1 1 </row>
            <row number="19">0 0 0 0 0 0 1 0 0 0 1 0 0 1 * 0 1 * 1 0 0 0 1 0 0 0 1 0 0 0 0 0 </row>
            <row number="20">0 1 0 1 0 0 0 0 0 0 0 0 1 0 * 0 0 * * * 0 0 1 1 0 1 0 0 0 1 0 0 </row>
            <row number="21">0 0 0 0 0 0 0 1 0 1 0 0 0 0 * * * 0 1 0 * 1 1 1 0 0 1 1 1 0 0 0 </row>
            <row number="22">0 0 1 0 1 0 0 1 0 0 0 0 1 0 * * 0 0 0 1 * * * * * * 0 0 0 0 1 0 </row>
            <row number="23">0 0 0 0 0 0 0 1 0 0 0 0 0 1 * * 0 0 1 0 0 0 1 0 1 0 1 1 0 0 0 0 </row>
            <row number="24">0 0 0 0 0 0 0 0 0 0 0 0 0 0 * * * 1 0 0 0 1 0 1 0 0 1 0 1 0 0 0 </row>
            <row number="25">0 0 0 0 0 0 0 0 0 0 0 0 0 0 0 * 1 0 0 0 0 0 0 0 0 1 0 0 1 0 0 1 </row>
            <row number="26">0 1 0 0 0 0 0 0 1 0 1 0 0 0 0 0 0 0 0 0 1 1 0 0 0 0 0 0 0 0 0 1 </row>
            <row number="27">0 0 1 0 0 1 0 0 1 0 0 0 0 0 0 0 0 0 0 0 0 0 0 0 0 0 0 0 0 0 0 0 </row>
            <row number="28">1 0 0 1 1 0 0 0 0 0 0 1 0 0 0 1 0 0 0 1 0 0 0 0 0 0 0 0 0 1 1 1 </row>
            <row number="29">1 0 0 0 0 1 0 0 0 0 1 0 0 0 0 1 0 1 0 1 0 0 0 1 0 0 0 0 0 0 1 1 </row>
            <row number="30">1 1 0 1 0 0 1 1 0 1 0 1 1 0 0 0 0 0 1 0 0 0 0 0 0 0 0 1 0 0 0 0 </row>
            <row number="31">1 1 0 0 0 0 0 0 0 0 0 0 0 0 0 1 0 0 1 0 0 0 0 0 0 0 0 0 1 0 0 0 </row>
        </path>
        <agent id="0" start.x="14" start.y="19" goal.x="25" goal.y="23" size="0.5" movespeed="1" rotationspeed="1">
            <path pathfound="true" runtime="0.1038737" duration="58.302639">
                <section id="0" start.x="14" start.y="19" goal.x="14" goal.y="22" duration="3" g-value="3"/>
                <section id="1" start.x="14" start.y="22" goal.x="14" goal.y="22" duration="0.60555118" g-value="3.6055512"/>
                <section id="2" start.x="14" start.y="22" goal.x="15" goal.y="23" duration="1.4142135" g-value="5.0197649"/>
                <section id="3" start.x="15" start.y="23" goal.x="15" goal.y="23" duration="0.7939319" g-value="5.8136969"/>
                <section id="4" start.x="15" start.y="23" goal.x="16" goal.y="21" duration="2.236068" g-value="8.0497646"/>
                <section id="5" start.x="16" start.y="21" goal.x="16" goal.y="21" duration="0.96336555" g-value="9.0131302"/>
                <section id="6" start.x="16" start.y="21" goal.x="15" goal.y="21" duration="1" g-value="10.01313"/>
                <section id="7" start.x="15" start.y="21" goal.x="15" goal.y="21" duration="0.17026994" g-value="10.1834"/>
                <section id="8" start.x="15" start.y="21" goal.x="15" goal.y="22" duration="1" g-value="11.1834"/>
                <section id="9" start.x="15" start.y="22" goal.x="16" goal.y="24" duration="2.236068" g-value="13.419468"/>
                <section id="10" start.x="16" start.y="24" goal.x="16" goal.y="24" duration="5.520627" g-value="18.940096"/>
                <section id="11" start.x="16" start.y="24" goal.x="15" goal.y="24" duration="1" g-value="19.940096"/>
                <section id="12" start.x="15" start.y="24" goal.x="15" goal.y="24" duration="3.1433723" g-value="23.083467"/>
                <section id="13" start.x="15" start.y="24" goal.x="15" goal.y="25" duration="1" g-value="24.083467"/>
                <section id="14" start.x="15" start.y="25" goal.x="14" goal.y="24" duration="1.4142135" g-value="25.497681"/>
                <section id="15" start.x="14" start.y="24" goal.x="14" goal.y="24" duration="2.8881869" g-value="28.385868"/>
                <section id="16" start.x="14" start.y="24" goal.x="14" goal.y="23" duration="1" g-value="29.385868"/>
                <section id="17" start.x="14" start.y="23" goal.x="14" goal.y="23" duration="8.209919" g-value="37.595787"/>
                <section id="18" start.x="14" start.y="23" goal.x="15" goal.y="22" duration="1.4142135" g-value="39.009998"/>
                <section id="19" start.x="15" start.y="22" goal.x="15" goal.y="22" duration="0.079999998" g-value="39.09"/>
                <section id="20" start.x="15" start.y="22" goal.x="17" goal.y="20" duration="2.8284271" g-value="41.918427"/>
                <section id="21" start.x="17" start.y="20" goal.x="17" goal.y="19" duration="1" g-value="42.918427"/>
                <section id="22" start.x="17" start.y="19" goal.x="17" goal.y="19" duration="3.9699996" g-value="46.888428"/>
                <section id="23" start.x="17" start.y="19" goal.x="17" goal.y="20" duration="1" g-value="47.888428"/>
                <section id="24" start.x="17" start.y="20" goal.x="19" goal.y="20" duration="2" g-value="49.888428"/>
                <section id="25" start.x="19" start.y="20" goal.x="20" goal.y="21" duration="1.4142135" g-value="51.302639"/>
                <section id="26" start.x="20" start.y="21" goal.x="20" goal.y="22" duration="1" g-value="52.302639"/>
                <section id="27" start.x="20" start.y="22" goal.x="25" goal.y="22" duration="5" g-value="57.302639"/>
                <section id="28" start.x="25" start.y="22" goal.x="25" goal.y="23" duration="1" g-value="58.302639"/>
            </path>
        </agent>
    </log>
</root>
