<?xml version="1.0" ?>
<root>
    <log>
        <taskfilename>D:/GitHub/AA-SIPP_optimal_2019/Instances/32x32_20/128/19_task.xml</taskfilename>
        <mapfilename>32x32_20.xml</mapfilename>
        <configfilename>config.xml</configfilename>
        <obstaclesfilename>D:/GitHub/AA-SIPP_optimal_2019/Instances/32x32_20/128/19_task_obs.xml</obstaclesfilename>
        <summary runtime="0.052803501" tries="1" agentssolved="1 (100.000000%)" flowtime="50.316818" makespan="50.316818"/>
        <path>
            <row number="0">0 0 0 0 0 0 0 0 0 0 1 0 0 0 0 0 0 1 0 0 0 1 0 1 0 0 0 0 0 0 0 0 </row>
            <row number="1">1 0 0 0 1 0 1 1 0 0 0 0 0 0 0 0 0 0 0 1 0 1 0 0 0 1 0 0 0 0 0 0 </row>
            <row number="2">0 0 0 0 0 0 0 0 0 0 0 0 0 0 1 0 0 0 0 0 0 0 0 1 1 0 0 0 1 0 0 0 </row>
            <row number="3">0 0 0 0 0 1 0 1 0 0 0 0 0 0 0 0 0 0 1 0 0 0 0 0 0 0 0 0 0 1 0 0 </row>
            <row number="4">0 1 1 0 0 0 0 0 0 0 0 0 0 0 1 1 0 1 0 0 0 0 0 0 1 0 0 1 0 0 0 0 </row>
            <row number="5">0 0 0 0 0 0 1 0 0 1 0 1 0 0 1 1 0 0 0 0 0 0 1 0 0 0 0 1 0 0 1 1 </row>
            <row number="6">0 0 0 0 0 0 1 0 0 1 1 0 0 0 0 0 0 0 0 1 0 0 0 0 0 0 0 1 0 0 0 1 </row>
            <row number="7">0 1 0 * 0 1 0 0 0 0 0 0 0 0 0 0 0 0 0 0 0 1 1 0 0 0 1 0 0 1 0 0 </row>
            <row number="8">0 0 0 * 0 0 1 0 0 0 0 0 0 0 0 0 1 0 0 0 0 0 0 0 1 0 1 0 0 0 0 0 </row>
            <row number="9">0 0 1 * 1 0 0 0 0 0 0 0 0 0 0 0 0 1 0 1 0 0 0 0 0 0 0 1 1 0 0 0 </row>
            <row number="10">1 0 1 * * 0 0 0 0 0 0 0 1 0 1 0 0 0 0 0 0 0 1 0 0 0 1 0 0 0 0 0 </row>
            <row number="11">0 0 0 0 0 * * 0 0 0 0 0 1 0 0 0 0 0 1 0 1 0 1 0 0 0 0 0 0 0 1 0 </row>
            <row number="12">0 0 1 0 0 0 * 0 1 0 1 0 1 1 0 1 0 0 0 0 0 0 0 0 0 0 1 0 0 0 0 0 </row>
            <row number="13">0 1 0 0 0 0 * 0 0 0 0 0 0 0 0 0 0 0 1 0 1 0 0 0 0 0 1 0 0 0 1 0 </row>
            <row number="14">0 0 0 1 1 1 * * * * 0 0 0 1 0 0 0 0 0 0 0 0 0 1 0 0 0 0 0 0 0 0 </row>
            <row number="15">0 0 0 0 * * * * 1 0 * * 0 1 0 1 0 1 0 0 1 0 0 0 0 0 0 0 0 0 0 0 </row>
            <row number="16">0 0 1 0 0 0 1 0 0 0 0 * 0 0 0 1 0 0 0 0 1 0 0 1 1 1 0 0 0 0 1 0 </row>
            <row number="17">0 1 0 0 0 0 0 0 1 1 1 * 0 1 0 1 0 0 1 0 1 0 0 1 1 0 0 0 0 1 1 1 </row>
            <row number="18">1 0 0 0 0 0 0 0 0 0 1 * * * * 0 0 0 0 1 0 0 1 0 0 0 0 0 0 1 1 1 </row>
            <row number="19">0 0 0 0 0 0 1 0 0 0 1 * 0 1 * 0 1 0 1 0 0 0 1 0 0 0 1 0 0 0 0 0 </row>
            <row number="20">0 1 0 1 0 0 0 0 0 0 0 0 1 0 0 * 0 0 0 0 0 0 1 1 0 1 0 0 0 1 0 0 </row>
            <row number="21">0 0 0 0 0 0 0 1 0 1 0 0 0 0 0 0 * 0 1 0 0 1 1 1 0 0 1 1 1 0 0 0 </row>
            <row number="22">0 0 1 0 1 0 0 1 0 0 0 0 1 0 0 0 * 0 0 1 0 0 0 0 0 0 0 0 0 0 1 0 </row>
            <row number="23">0 0 0 0 0 0 0 1 0 0 0 0 0 1 0 * 0 0 1 0 0 0 1 0 1 0 1 1 0 0 0 0 </row>
            <row number="24">0 0 0 0 0 0 0 0 0 0 0 0 0 0 0 * 0 1 0 0 0 1 0 1 0 0 1 0 1 0 0 0 </row>
            <row number="25">0 0 0 0 0 0 0 0 0 0 0 0 0 0 0 * 1 0 0 0 0 0 0 0 0 1 0 0 1 0 0 1 </row>
            <row number="26">0 1 0 0 0 0 0 0 1 0 1 0 0 0 0 * 0 0 0 0 1 1 0 0 0 0 0 0 0 0 0 1 </row>
            <row number="27">0 0 1 0 0 1 0 0 1 0 0 0 0 0 0 0 * 0 0 0 0 0 0 0 0 0 0 0 0 0 0 0 </row>
            <row number="28">1 0 0 1 1 0 0 0 0 0 0 1 0 0 0 1 0 * 0 1 0 0 0 0 0 0 0 0 0 1 1 1 </row>
            <row number="29">1 0 0 0 0 1 0 0 0 0 1 0 0 0 0 1 0 1 0 1 0 0 0 1 0 0 0 0 0 0 1 1 </row>
            <row number="30">1 1 0 1 0 0 1 1 0 1 0 1 1 0 0 0 0 0 1 0 0 0 0 0 0 0 0 1 0 0 0 0 </row>
            <row number="31">1 1 0 0 0 0 0 0 0 0 0 0 0 0 0 1 0 0 1 0 0 0 0 0 0 0 0 0 1 0 0 0 </row>
        </path>
        <agent id="0" start.x="17" start.y="28" goal.x="4" goal.y="6" size="0.5" movespeed="1" rotationspeed="1">
            <path pathfound="true" runtime="0.050385799" duration="50.316818">
                <section id="0" start.x="17" start.y="28" goal.x="17" goal.y="28" duration="0.56999999" g-value="0.56999999"/>
                <section id="1" start.x="17" start.y="28" goal.x="15" goal.y="26" duration="2.8284271" g-value="3.398427"/>
                <section id="2" start.x="15" start.y="26" goal.x="15" goal.y="24" duration="2" g-value="5.398427"/>
                <section id="3" start.x="15" start.y="24" goal.x="16" goal.y="21" duration="3.1622777" g-value="8.5607052"/>
                <section id="4" start.x="16" start.y="21" goal.x="16" goal.y="21" duration="0.27000001" g-value="8.8307047"/>
                <section id="5" start.x="16" start.y="21" goal.x="14" goal.y="19" duration="2.8284271" g-value="11.659132"/>
                <section id="6" start.x="14" start.y="19" goal.x="14" goal.y="19" duration="0.17" g-value="11.829132"/>
                <section id="7" start.x="14" start.y="19" goal.x="14" goal.y="18" duration="1" g-value="12.829132"/>
                <section id="8" start.x="14" start.y="18" goal.x="13" goal.y="18" duration="1" g-value="13.829132"/>
                <section id="9" start.x="13" start.y="18" goal.x="13" goal.y="18" duration="2.7501979" g-value="16.57933"/>
                <section id="10" start.x="13" start.y="18" goal.x="12" goal.y="18" duration="1" g-value="17.57933"/>
                <section id="11" start.x="12" start.y="18" goal.x="12" goal.y="18" duration="0.15610084" g-value="17.735432"/>
                <section id="12" start.x="12" start.y="18" goal.x="11" goal.y="19" duration="1.4142135" g-value="19.149645"/>
                <section id="13" start.x="11" start.y="19" goal.x="11" goal.y="19" duration="0.56513214" g-value="19.714777"/>
                <section id="14" start.x="11" start.y="19" goal.x="11" goal.y="15" duration="4" g-value="23.714777"/>
                <section id="15" start.x="11" start.y="15" goal.x="10" goal.y="15" duration="1" g-value="24.714777"/>
                <section id="16" start.x="10" start.y="15" goal.x="9" goal.y="14" duration="1.4142135" g-value="26.12899"/>
                <section id="17" start.x="9" start.y="14" goal.x="7" goal.y="14" duration="2" g-value="28.12899"/>
                <section id="18" start.x="7" start.y="14" goal.x="7" goal.y="15" duration="1" g-value="29.12899"/>
                <section id="19" start.x="7" start.y="15" goal.x="7" goal.y="15" duration="0.28522354" g-value="29.414213"/>
                <section id="20" start.x="7" start.y="15" goal.x="6" goal.y="15" duration="1" g-value="30.414213"/>
                <section id="21" start.x="6" start.y="15" goal.x="4" goal.y="15" duration="2" g-value="32.414215"/>
                <section id="22" start.x="4" start.y="15" goal.x="4" goal.y="15" duration="4.5042596" g-value="36.918472"/>
                <section id="23" start.x="4" start.y="15" goal.x="5" goal.y="15" duration="1" g-value="37.918472"/>
                <section id="24" start.x="5" start.y="15" goal.x="6" goal.y="15" duration="1" g-value="38.918472"/>
                <section id="25" start.x="6" start.y="15" goal.x="6" goal.y="11" duration="4" g-value="42.918472"/>
                <section id="26" start.x="6" start.y="11" goal.x="3" goal.y="10" duration="3.1622777" g-value="46.08075"/>
                <section id="27" start.x="3" start.y="10" goal.x="3" goal.y="8" duration="2" g-value="48.08075"/>
                <section id="28" start.x="3" start.y="8" goal.x="4" goal.y="6" duration="2.236068" g-value="50.316818"/>
            </path>
        </agent>
    </log>
</root>
