<?xml version="1.0" ?>
<root>
    <log>
        <taskfilename>D:/GitHub/AA-SIPP_optimal_2019/Instances/32x32_20/128/200_task.xml</taskfilename>
        <mapfilename>32x32_20.xml</mapfilename>
        <configfilename>config.xml</configfilename>
        <obstaclesfilename>D:/GitHub/AA-SIPP_optimal_2019/Instances/32x32_20/128/200_task_obs.xml</obstaclesfilename>
        <summary runtime="0.038839899" tries="1" agentssolved="1 (100.000000%)" flowtime="50.257458" makespan="50.257458"/>
        <path>
            <row number="0">0 0 0 0 0 0 0 0 0 0 1 0 0 0 0 0 0 1 0 0 0 1 0 1 0 0 0 0 0 0 0 0 </row>
            <row number="1">1 0 0 0 1 0 1 1 0 0 0 0 0 0 0 0 0 0 0 1 0 1 0 0 0 1 0 0 0 0 0 0 </row>
            <row number="2">0 0 0 0 0 0 0 0 0 0 0 0 0 0 1 0 0 0 0 0 0 0 0 1 1 0 0 0 1 0 0 0 </row>
            <row number="3">0 0 0 0 0 1 0 1 0 0 0 0 0 0 0 0 0 0 1 0 0 0 0 0 0 0 0 0 0 1 0 0 </row>
            <row number="4">0 1 1 0 0 0 0 0 0 0 0 0 0 0 1 1 0 1 0 0 0 0 0 0 1 0 0 1 0 0 0 0 </row>
            <row number="5">0 0 0 0 0 0 1 0 0 1 0 1 0 0 1 1 0 0 0 0 * * 1 0 0 0 0 1 0 0 1 1 </row>
            <row number="6">0 0 0 0 0 0 1 0 0 1 1 0 0 0 0 0 0 0 0 1 * * * * 0 0 0 1 0 0 0 1 </row>
            <row number="7">0 1 0 0 0 1 0 0 0 0 0 * * * * * * * * * * 1 1 * 0 0 1 0 0 1 0 0 </row>
            <row number="8">0 0 0 0 0 0 1 0 0 * * * 0 0 0 0 1 0 0 0 0 0 0 * 1 0 1 0 0 0 0 0 </row>
            <row number="9">0 0 1 0 1 0 0 0 * 0 0 0 0 0 0 0 0 1 0 1 0 0 0 * 0 0 0 1 1 0 0 0 </row>
            <row number="10">1 0 1 0 0 0 0 * 0 0 0 0 1 0 1 0 0 0 0 0 0 0 1 0 * 0 1 0 0 0 0 0 </row>
            <row number="11">0 0 0 0 0 0 0 0 0 0 0 0 1 0 0 0 0 0 1 0 1 0 1 0 0 * 0 0 0 0 1 0 </row>
            <row number="12">0 0 1 0 0 0 0 0 1 0 1 0 1 1 0 1 0 0 0 0 0 0 0 0 0 * 1 0 0 0 0 0 </row>
            <row number="13">0 1 0 0 0 0 0 0 0 0 0 0 0 0 0 0 0 0 1 0 1 0 0 0 0 * 1 0 0 0 1 0 </row>
            <row number="14">0 0 0 1 1 1 0 0 0 0 0 0 0 1 0 0 0 0 0 0 0 0 0 1 0 * 0 0 0 0 0 0 </row>
            <row number="15">0 0 0 0 0 0 0 0 1 0 0 0 0 1 0 1 0 1 0 0 1 0 0 0 0 0 * 0 0 0 0 0 </row>
            <row number="16">0 0 1 0 0 0 1 0 0 0 0 0 0 0 0 1 0 0 0 0 1 0 0 1 1 1 * 0 0 0 1 0 </row>
            <row number="17">0 1 0 0 0 0 0 0 1 1 1 0 0 1 0 1 0 0 1 0 1 0 0 1 1 0 * 0 0 1 1 1 </row>
            <row number="18">1 0 0 0 0 0 0 0 0 0 1 0 0 0 0 0 0 0 0 1 0 0 1 0 0 * 0 0 0 1 1 1 </row>
            <row number="19">0 0 0 0 0 0 1 0 0 0 1 0 0 1 0 0 1 0 1 0 0 0 1 0 * 0 1 0 0 0 0 0 </row>
            <row number="20">0 1 0 1 0 0 0 0 0 0 0 0 1 0 0 0 0 0 0 0 0 0 1 1 * 1 0 0 0 1 0 0 </row>
            <row number="21">0 0 0 0 0 0 0 1 0 1 0 0 0 0 0 0 0 0 1 0 0 1 1 1 * * 1 1 1 0 0 0 </row>
            <row number="22">0 0 1 0 1 0 0 1 0 0 0 0 1 0 0 0 0 0 0 1 0 0 0 0 0 * * 0 0 0 1 0 </row>
            <row number="23">0 0 0 0 0 0 0 1 0 0 0 0 0 1 0 0 0 0 1 0 0 0 1 0 1 0 1 1 0 0 0 0 </row>
            <row number="24">0 0 0 0 0 0 0 0 0 0 0 0 0 0 0 0 0 1 0 0 0 1 0 1 0 0 1 0 1 0 0 0 </row>
            <row number="25">0 0 0 0 0 0 0 0 0 0 0 0 0 0 0 0 1 0 0 0 0 0 0 0 0 1 0 0 1 0 0 1 </row>
            <row number="26">0 1 0 0 0 0 0 0 1 0 1 0 0 0 0 0 0 0 0 0 1 1 0 0 0 0 0 0 0 0 0 1 </row>
            <row number="27">0 0 1 0 0 1 0 0 1 0 0 0 0 0 0 0 0 0 0 0 0 0 0 0 0 0 0 0 0 0 0 0 </row>
            <row number="28">1 0 0 1 1 0 0 0 0 0 0 1 0 0 0 1 0 0 0 1 0 0 0 0 0 0 0 0 0 1 1 1 </row>
            <row number="29">1 0 0 0 0 1 0 0 0 0 1 0 0 0 0 1 0 1 0 1 0 0 0 1 0 0 0 0 0 0 1 1 </row>
            <row number="30">1 1 0 1 0 0 1 1 0 1 0 1 1 0 0 0 0 0 1 0 0 0 0 0 0 0 0 1 0 0 0 0 </row>
            <row number="31">1 1 0 0 0 0 0 0 0 0 0 0 0 0 0 1 0 0 1 0 0 0 0 0 0 0 0 0 1 0 0 0 </row>
        </path>
        <agent id="0" start.x="26" start.y="22" goal.x="6" goal.y="11" size="0.5" movespeed="1" rotationspeed="1">
            <path pathfound="true" runtime="0.036385398" duration="50.257458">
                <section id="0" start.x="26" start.y="22" goal.x="25" goal.y="22" duration="1" g-value="1"/>
                <section id="1" start.x="25" start.y="22" goal.x="25" goal.y="21" duration="1" g-value="2"/>
                <section id="2" start.x="25" start.y="21" goal.x="25" goal.y="21" duration="5.8342137" g-value="7.8342137"/>
                <section id="3" start.x="25" start.y="21" goal.x="24" goal.y="21" duration="1" g-value="8.8342133"/>
                <section id="4" start.x="24" start.y="21" goal.x="24" goal.y="19" duration="2" g-value="10.834213"/>
                <section id="5" start.x="24" start.y="19" goal.x="26" goal.y="17" duration="2.8284271" g-value="13.662641"/>
                <section id="6" start.x="26" start.y="17" goal.x="26" goal.y="15" duration="2" g-value="15.662641"/>
                <section id="7" start.x="26" start.y="15" goal.x="25" goal.y="14" duration="1.4142135" g-value="17.076855"/>
                <section id="8" start.x="25" start.y="14" goal.x="25" goal.y="11" duration="3" g-value="20.076855"/>
                <section id="9" start.x="25" start.y="11" goal.x="23" goal.y="9" duration="2.8284271" g-value="22.905281"/>
                <section id="10" start.x="23" start.y="9" goal.x="23" goal.y="6" duration="3" g-value="25.905281"/>
                <section id="11" start.x="23" start.y="6" goal.x="21" goal.y="6" duration="2" g-value="27.905281"/>
                <section id="12" start.x="21" start.y="6" goal.x="21" goal.y="5" duration="1" g-value="28.905281"/>
                <section id="13" start.x="21" start.y="5" goal.x="20" goal.y="5" duration="1" g-value="29.905281"/>
                <section id="14" start.x="20" start.y="5" goal.x="20" goal.y="7" duration="2" g-value="31.905281"/>
                <section id="15" start.x="20" start.y="7" goal.x="20" goal.y="7" duration="2.1095357" g-value="34.014816"/>
                <section id="16" start.x="20" start.y="7" goal.x="11" goal.y="7" duration="9" g-value="43.014816"/>
                <section id="17" start.x="11" start.y="7" goal.x="11" goal.y="8" duration="1" g-value="44.014816"/>
                <section id="18" start.x="11" start.y="8" goal.x="9" goal.y="8" duration="2" g-value="46.014816"/>
                <section id="19" start.x="9" start.y="8" goal.x="6" goal.y="11" duration="4.2426405" g-value="50.257458"/>
            </path>
        </agent>
    </log>
</root>
