<?xml version="1.0" ?>
<root>
    <log>
        <taskfilename>D:/GitHub/AA-SIPP_optimal_2019/Instances/32x32_20/128/202_task.xml</taskfilename>
        <mapfilename>32x32_20.xml</mapfilename>
        <configfilename>config.xml</configfilename>
        <obstaclesfilename>D:/GitHub/AA-SIPP_optimal_2019/Instances/32x32_20/128/202_task_obs.xml</obstaclesfilename>
        <summary runtime="0.0166295" tries="1" agentssolved="1 (100.000000%)" flowtime="37.634827" makespan="37.634827"/>
        <path>
            <row number="0">0 0 0 0 0 0 0 0 0 0 1 0 0 0 * * * 1 0 0 0 1 0 1 0 0 0 0 0 0 0 0 </row>
            <row number="1">1 0 0 0 1 0 1 1 0 0 0 0 0 * 0 0 0 0 0 1 0 1 0 0 0 1 0 0 0 0 0 0 </row>
            <row number="2">0 0 0 0 0 0 0 0 0 0 0 0 0 * 1 0 0 0 0 0 0 0 0 1 1 0 0 0 1 0 0 0 </row>
            <row number="3">0 0 0 0 0 1 0 1 0 0 0 0 * 0 0 0 0 0 1 0 0 0 0 0 0 0 0 0 0 1 0 0 </row>
            <row number="4">0 1 1 0 0 0 0 0 0 0 0 0 * 0 1 1 0 1 0 0 0 0 0 0 1 0 0 1 0 0 0 0 </row>
            <row number="5">0 0 0 0 0 0 1 0 0 1 0 1 * 0 1 1 0 0 0 0 0 0 1 0 0 0 0 1 0 0 1 1 </row>
            <row number="6">0 0 0 0 0 0 1 0 0 1 1 * * 0 0 0 0 0 0 1 0 0 0 0 0 0 0 1 0 0 0 1 </row>
            <row number="7">0 1 0 0 0 1 0 0 0 0 0 * 0 0 0 0 0 0 0 0 0 1 1 0 0 0 1 0 0 1 0 0 </row>
            <row number="8">0 0 0 0 0 0 1 0 0 0 * 0 0 0 0 0 1 0 0 0 0 0 0 0 1 0 1 0 0 0 0 0 </row>
            <row number="9">0 0 1 0 1 0 0 0 0 0 * 0 0 0 0 0 0 1 0 1 0 0 0 0 0 0 0 1 1 0 0 0 </row>
            <row number="10">1 0 1 0 0 0 0 0 * * 0 0 1 0 1 0 0 0 0 0 0 0 1 0 0 0 1 0 0 0 0 0 </row>
            <row number="11">0 0 0 0 0 0 0 * 0 0 0 0 1 0 0 0 0 0 1 0 1 0 1 0 0 0 0 0 0 0 1 0 </row>
            <row number="12">0 0 1 0 0 0 * 0 1 0 1 0 1 1 0 1 0 0 0 0 0 0 0 0 0 0 1 0 0 0 0 0 </row>
            <row number="13">0 1 0 0 0 0 * 0 0 0 0 0 0 0 0 0 0 0 1 0 1 0 0 0 0 0 1 0 0 0 1 0 </row>
            <row number="14">0 0 0 1 1 1 * 0 0 0 0 0 0 1 0 0 0 0 0 0 0 0 0 1 0 0 0 0 0 0 0 0 </row>
            <row number="15">0 0 0 0 0 * * 0 1 0 0 0 0 1 0 1 0 1 0 0 1 0 0 0 0 0 0 0 0 0 0 0 </row>
            <row number="16">0 0 1 0 0 * 1 0 0 0 0 0 0 0 0 1 0 0 0 0 1 0 0 1 1 1 0 0 0 0 1 0 </row>
            <row number="17">0 1 0 0 0 * 0 0 1 1 1 0 0 1 0 1 0 0 1 0 1 0 0 1 1 0 0 0 0 1 1 1 </row>
            <row number="18">1 0 0 0 0 * 0 0 0 0 1 0 0 0 0 0 0 0 0 1 0 0 1 0 0 0 0 0 0 1 1 1 </row>
            <row number="19">0 0 0 0 * 0 1 0 0 0 1 0 0 1 0 0 1 0 1 0 0 0 1 0 0 0 1 0 0 0 0 0 </row>
            <row number="20">0 1 0 1 * 0 0 0 0 0 0 0 1 0 0 0 0 0 0 0 0 0 1 1 0 1 0 0 0 1 0 0 </row>
            <row number="21">0 0 0 * * 0 0 1 0 1 0 0 0 0 0 0 0 0 1 0 0 1 1 1 0 0 1 1 1 0 0 0 </row>
            <row number="22">0 0 1 * 1 0 0 1 0 0 0 0 1 0 0 0 0 0 0 1 0 0 0 0 0 0 0 0 0 0 1 0 </row>
            <row number="23">0 0 0 * 0 0 0 1 0 0 0 0 0 1 0 0 0 0 1 0 0 0 1 0 1 0 1 1 0 0 0 0 </row>
            <row number="24">0 0 0 0 * 0 0 0 0 0 0 0 0 0 0 0 0 1 0 0 0 1 0 1 0 0 1 0 1 0 0 0 </row>
            <row number="25">0 0 0 0 0 0 0 0 0 0 0 0 0 0 0 0 1 0 0 0 0 0 0 0 0 1 0 0 1 0 0 1 </row>
            <row number="26">0 1 0 0 0 0 0 0 1 0 1 0 0 0 0 0 0 0 0 0 1 1 0 0 0 0 0 0 0 0 0 1 </row>
            <row number="27">0 0 1 0 0 1 0 0 1 0 0 0 0 0 0 0 0 0 0 0 0 0 0 0 0 0 0 0 0 0 0 0 </row>
            <row number="28">1 0 0 1 1 0 0 0 0 0 0 1 0 0 0 1 0 0 0 1 0 0 0 0 0 0 0 0 0 1 1 1 </row>
            <row number="29">1 0 0 0 0 1 0 0 0 0 1 0 0 0 0 1 0 1 0 1 0 0 0 1 0 0 0 0 0 0 1 1 </row>
            <row number="30">1 1 0 1 0 0 1 1 0 1 0 1 1 0 0 0 0 0 1 0 0 0 0 0 0 0 0 1 0 0 0 0 </row>
            <row number="31">1 1 0 0 0 0 0 0 0 0 0 0 0 0 0 1 0 0 1 0 0 0 0 0 0 0 0 0 1 0 0 0 </row>
        </path>
        <agent id="0" start.x="16" start.y="0" goal.x="5" goal.y="25" size="0.5" movespeed="1" rotationspeed="1">
            <path pathfound="true" runtime="0.0144968" duration="37.634827">
                <section id="0" start.x="16" start.y="0" goal.x="16" goal.y="0" duration="1.6142136" g-value="1.6142136"/>
                <section id="1" start.x="16" start.y="0" goal.x="15" goal.y="0" duration="1" g-value="2.6142135"/>
                <section id="2" start.x="15" start.y="0" goal.x="14" goal.y="0" duration="1" g-value="3.6142135"/>
                <section id="3" start.x="14" start.y="0" goal.x="13" goal.y="1" duration="1.4142135" g-value="5.0284271"/>
                <section id="4" start.x="13" start.y="1" goal.x="13" goal.y="1" duration="0.9781456" g-value="6.0065727"/>
                <section id="5" start.x="13" start.y="1" goal.x="12" goal.y="3" duration="2.236068" g-value="8.2426405"/>
                <section id="6" start.x="12" start.y="3" goal.x="12" goal.y="3" duration="0.029999999" g-value="8.2726402"/>
                <section id="7" start.x="12" start.y="3" goal.x="12" goal.y="6" duration="3" g-value="11.27264"/>
                <section id="8" start.x="12" start.y="6" goal.x="11" goal.y="6" duration="1" g-value="12.27264"/>
                <section id="9" start.x="11" start.y="6" goal.x="11" goal.y="6" duration="0.78516364" g-value="13.057804"/>
                <section id="10" start.x="11" start.y="6" goal.x="11" goal.y="7" duration="1" g-value="14.057804"/>
                <section id="11" start.x="11" start.y="7" goal.x="11" goal.y="7" duration="0.41" g-value="14.467804"/>
                <section id="12" start.x="11" start.y="7" goal.x="9" goal.y="10" duration="3.6055512" g-value="18.073355"/>
                <section id="13" start.x="9" start.y="10" goal.x="7" goal.y="11" duration="2.236068" g-value="20.309423"/>
                <section id="14" start.x="7" start.y="11" goal.x="6" goal.y="12" duration="1.4142135" g-value="21.723637"/>
                <section id="15" start.x="6" start.y="12" goal.x="6" goal.y="15" duration="3" g-value="24.723637"/>
                <section id="16" start.x="6" start.y="15" goal.x="5" goal.y="15" duration="1" g-value="25.723637"/>
                <section id="17" start.x="5" start.y="15" goal.x="4" goal.y="21" duration="6.0827627" g-value="31.8064"/>
                <section id="18" start.x="4" start.y="21" goal.x="3" goal.y="21" duration="1" g-value="32.8064"/>
                <section id="19" start.x="3" start.y="21" goal.x="3" goal.y="23" duration="2" g-value="34.8064"/>
                <section id="20" start.x="3" start.y="23" goal.x="5" goal.y="25" duration="2.8284271" g-value="37.634827"/>
            </path>
        </agent>
    </log>
</root>
