<?xml version="1.0" ?>
<root>
    <log>
        <taskfilename>D:/GitHub/AA-SIPP_optimal_2019/Instances/32x32_20/128/203_task.xml</taskfilename>
        <mapfilename>32x32_20.xml</mapfilename>
        <configfilename>config.xml</configfilename>
        <obstaclesfilename>D:/GitHub/AA-SIPP_optimal_2019/Instances/32x32_20/128/203_task_obs.xml</obstaclesfilename>
        <summary runtime="0.077600002" tries="1" agentssolved="1 (100.000000%)" flowtime="59.978542" makespan="59.978542"/>
        <path>
            <row number="0">0 0 0 0 0 0 0 0 0 0 1 0 0 0 0 0 0 1 0 0 0 1 0 1 0 0 0 0 0 0 0 0 </row>
            <row number="1">1 0 0 0 1 0 1 1 0 0 0 0 0 0 0 0 0 0 0 1 0 1 0 0 0 1 0 0 0 0 0 0 </row>
            <row number="2">0 0 0 0 0 0 0 0 0 0 0 0 0 0 1 0 0 0 0 0 0 0 0 1 1 0 0 0 1 0 0 0 </row>
            <row number="3">0 0 0 0 0 1 0 1 0 0 0 0 0 0 0 0 0 0 1 0 0 0 0 0 0 0 0 0 0 1 0 0 </row>
            <row number="4">0 1 1 0 0 0 0 0 0 0 0 0 0 0 1 1 0 1 0 0 0 0 0 0 1 0 0 1 0 0 0 0 </row>
            <row number="5">0 0 0 0 0 0 1 0 0 1 0 1 0 0 1 1 0 0 0 0 0 0 1 0 0 0 0 1 0 0 1 1 </row>
            <row number="6">0 0 0 0 0 0 1 0 0 1 1 0 0 0 0 0 0 * * 1 0 0 0 0 0 0 0 1 0 0 0 1 </row>
            <row number="7">0 1 0 0 0 1 0 0 0 0 0 0 0 0 0 * * * * * 0 1 1 0 0 0 1 0 0 1 0 0 </row>
            <row number="8">0 0 0 0 0 0 1 0 0 0 0 0 0 * * 0 1 0 0 0 * * 0 0 1 0 1 0 0 0 0 0 </row>
            <row number="9">0 0 1 0 1 0 0 0 0 0 0 * * 0 0 0 0 1 0 1 0 0 * * 0 0 0 1 1 0 0 0 </row>
            <row number="10">1 0 1 0 0 0 0 0 0 * * 0 1 0 1 0 0 0 0 0 0 0 1 * 0 0 1 0 0 0 0 0 </row>
            <row number="11">0 * * * * * 0 * * 0 0 0 1 0 0 0 0 0 1 0 1 0 1 0 * 0 0 0 0 0 1 0 </row>
            <row number="12">* 0 1 0 0 0 * 0 1 0 1 0 1 1 0 1 0 0 0 0 0 0 0 0 * 0 1 0 0 0 0 0 </row>
            <row number="13">* 1 0 0 0 0 0 0 0 0 0 0 0 0 0 0 0 0 1 0 1 0 0 0 0 * 1 0 0 0 1 0 </row>
            <row number="14">* 0 0 1 1 1 0 0 0 0 0 0 0 1 0 0 0 0 0 0 0 0 0 1 0 * 0 0 0 0 0 0 </row>
            <row number="15">* * * * * * 0 0 1 0 0 0 0 1 0 1 0 1 0 0 1 0 0 0 * * 0 0 0 0 0 0 </row>
            <row number="16">0 0 1 0 * 0 1 0 0 0 0 0 0 0 0 1 0 0 0 0 1 0 0 1 1 1 0 0 0 0 1 0 </row>
            <row number="17">0 1 0 0 * 0 0 0 1 1 1 0 0 1 0 1 0 0 1 0 1 0 0 1 1 0 0 0 0 1 1 1 </row>
            <row number="18">1 0 0 0 * 0 0 0 0 0 1 0 0 0 0 0 0 0 0 1 0 0 1 0 0 0 0 0 0 1 1 1 </row>
            <row number="19">0 0 0 0 * 0 1 0 0 0 1 0 0 1 0 0 1 0 1 0 0 0 1 0 0 0 1 0 0 0 0 0 </row>
            <row number="20">0 1 0 1 * 0 0 0 0 0 0 0 1 0 0 0 0 0 0 0 0 0 1 1 0 1 0 0 0 1 0 0 </row>
            <row number="21">0 0 0 * * 0 0 1 0 1 0 0 0 0 0 0 0 0 1 0 0 1 1 1 0 0 1 1 1 0 0 0 </row>
            <row number="22">0 0 1 * 1 0 0 1 0 0 0 0 1 0 0 0 0 0 0 1 0 0 0 0 0 0 0 0 0 0 1 0 </row>
            <row number="23">0 0 0 * 0 0 0 1 0 0 0 0 0 1 0 0 0 0 1 0 0 0 1 0 1 0 1 1 0 0 0 0 </row>
            <row number="24">0 0 0 0 0 0 0 0 0 0 0 0 0 0 0 0 0 1 0 0 0 1 0 1 0 0 1 0 1 0 0 0 </row>
            <row number="25">0 0 0 0 0 0 0 0 0 0 0 0 0 0 0 0 1 0 0 0 0 0 0 0 0 1 0 0 1 0 0 1 </row>
            <row number="26">0 1 0 0 0 0 0 0 1 0 1 0 0 0 0 0 0 0 0 0 1 1 0 0 0 0 0 0 0 0 0 1 </row>
            <row number="27">0 0 1 0 0 1 0 0 1 0 0 0 0 0 0 0 0 0 0 0 0 0 0 0 0 0 0 0 0 0 0 0 </row>
            <row number="28">1 0 0 1 1 0 0 0 0 0 0 1 0 0 0 1 0 0 0 1 0 0 0 0 0 0 0 0 0 1 1 1 </row>
            <row number="29">1 0 0 0 0 1 0 0 0 0 1 0 0 0 0 1 0 1 0 1 0 0 0 1 0 0 0 0 0 0 1 1 </row>
            <row number="30">1 1 0 1 0 0 1 1 0 1 0 1 1 0 0 0 0 0 1 0 0 0 0 0 0 0 0 1 0 0 0 0 </row>
            <row number="31">1 1 0 0 0 0 0 0 0 0 0 0 0 0 0 1 0 0 1 0 0 0 0 0 0 0 0 0 1 0 0 0 </row>
        </path>
        <agent id="0" start.x="3" start.y="23" goal.x="23" goal.y="15" size="0.5" movespeed="1" rotationspeed="1">
            <path pathfound="true" runtime="0.075111598" duration="59.978542">
                <section id="0" start.x="3" start.y="23" goal.x="3" goal.y="21" duration="2" g-value="2"/>
                <section id="1" start.x="3" start.y="21" goal.x="4" goal.y="21" duration="1" g-value="3"/>
                <section id="2" start.x="4" start.y="21" goal.x="4" goal.y="21" duration="0.4315801" g-value="3.4315801"/>
                <section id="3" start.x="4" start.y="21" goal.x="4" goal.y="17" duration="4" g-value="7.4315801"/>
                <section id="4" start.x="4" start.y="17" goal.x="4" goal.y="15" duration="2" g-value="9.4315805"/>
                <section id="5" start.x="4" start.y="15" goal.x="4" goal.y="15" duration="0.46055591" g-value="9.8921356"/>
                <section id="6" start.x="4" start.y="15" goal.x="5" goal.y="15" duration="1" g-value="10.892136"/>
                <section id="7" start.x="5" start.y="15" goal.x="5" goal.y="15" duration="0.33000001" g-value="11.222136"/>
                <section id="8" start.x="5" start.y="15" goal.x="0" goal.y="15" duration="5" g-value="16.222136"/>
                <section id="9" start.x="0" start.y="15" goal.x="0" goal.y="15" duration="1.1799999" g-value="17.402136"/>
                <section id="10" start.x="0" start.y="15" goal.x="0" goal.y="12" duration="3" g-value="20.402136"/>
                <section id="11" start.x="0" start.y="12" goal.x="1" goal.y="11" duration="1.4142135" g-value="21.816349"/>
                <section id="12" start.x="1" start.y="11" goal.x="4" goal.y="11" duration="3" g-value="24.816349"/>
                <section id="13" start.x="4" start.y="11" goal.x="6" goal.y="12" duration="2.236068" g-value="27.052418"/>
                <section id="14" start.x="6" start.y="12" goal.x="6" goal.y="12" duration="0.21326599" g-value="27.265684"/>
                <section id="15" start.x="6" start.y="12" goal.x="7" goal.y="11" duration="1.4142135" g-value="28.679897"/>
                <section id="16" start.x="7" start.y="11" goal.x="10" goal.y="10" duration="3.1622777" g-value="31.842175"/>
                <section id="17" start.x="10" start.y="10" goal.x="11" goal.y="9" duration="1.4142135" g-value="33.25639"/>
                <section id="18" start.x="11" start.y="9" goal.x="15" goal.y="7" duration="4.472136" g-value="37.728523"/>
                <section id="19" start.x="15" start.y="7" goal.x="17" goal.y="7" duration="2" g-value="39.728523"/>
                <section id="20" start.x="17" start.y="7" goal.x="17" goal.y="6" duration="1" g-value="40.728523"/>
                <section id="21" start.x="17" start.y="6" goal.x="17" goal.y="6" duration="3.305747" g-value="44.034271"/>
                <section id="22" start.x="17" start.y="6" goal.x="18" goal.y="6" duration="1" g-value="45.034271"/>
                <section id="23" start.x="18" start.y="6" goal.x="18" goal.y="7" duration="1" g-value="46.034271"/>
                <section id="24" start.x="18" start.y="7" goal.x="20" goal.y="8" duration="2.236068" g-value="48.27034"/>
                <section id="25" start.x="20" start.y="8" goal.x="22" goal.y="9" duration="2.236068" g-value="50.506409"/>
                <section id="26" start.x="22" start.y="9" goal.x="23" goal.y="9" duration="1" g-value="51.506409"/>
                <section id="27" start.x="23" start.y="9" goal.x="24" goal.y="11" duration="2.236068" g-value="53.742474"/>
                <section id="28" start.x="24" start.y="11" goal.x="25" goal.y="13" duration="2.236068" g-value="55.978542"/>
                <section id="29" start.x="25" start.y="13" goal.x="25" goal.y="15" duration="2" g-value="57.978542"/>
                <section id="30" start.x="25" start.y="15" goal.x="23" goal.y="15" duration="2" g-value="59.978542"/>
            </path>
        </agent>
    </log>
</root>
