<?xml version="1.0" ?>
<root>
    <log>
        <taskfilename>D:/GitHub/AA-SIPP_optimal_2019/Instances/32x32_20/128/204_task.xml</taskfilename>
        <mapfilename>32x32_20.xml</mapfilename>
        <configfilename>config.xml</configfilename>
        <obstaclesfilename>D:/GitHub/AA-SIPP_optimal_2019/Instances/32x32_20/128/204_task_obs.xml</obstaclesfilename>
        <summary runtime="0.015184" tries="1" agentssolved="1 (100.000000%)" flowtime="33.318192" makespan="33.318192"/>
        <path>
            <row number="0">0 0 0 0 0 0 0 0 0 0 1 0 0 0 0 0 0 1 0 0 0 1 0 1 0 0 0 0 0 0 0 0 </row>
            <row number="1">1 0 0 0 1 0 1 1 0 0 0 0 0 0 0 0 0 0 0 1 0 1 0 0 0 1 0 0 0 0 0 0 </row>
            <row number="2">0 0 0 0 0 0 0 0 0 0 0 0 0 0 1 0 0 0 0 0 0 0 0 1 1 0 0 0 1 0 0 0 </row>
            <row number="3">0 0 0 0 0 1 0 1 0 0 0 0 0 0 0 0 0 0 1 0 0 0 0 0 0 0 0 0 0 1 0 0 </row>
            <row number="4">0 1 1 0 0 0 0 0 0 0 0 0 0 0 1 1 0 1 0 0 0 0 0 0 1 0 0 1 0 0 0 0 </row>
            <row number="5">0 0 0 0 0 0 1 0 0 1 0 1 0 0 1 1 0 0 0 0 0 0 1 0 0 0 0 1 0 0 1 1 </row>
            <row number="6">* 0 0 0 0 0 1 0 0 1 1 0 0 0 0 0 0 0 0 1 0 0 0 0 0 0 0 1 0 0 0 1 </row>
            <row number="7">* 1 0 0 0 1 0 0 0 0 0 0 0 0 0 0 0 0 0 0 0 1 1 0 0 0 1 0 0 1 0 0 </row>
            <row number="8">* 0 0 0 0 0 1 0 0 0 0 0 0 0 0 0 1 0 0 0 0 0 0 0 1 0 1 0 0 0 0 0 </row>
            <row number="9">0 * 1 0 1 0 0 0 0 0 0 0 0 0 0 0 0 1 0 1 0 0 0 0 0 0 0 1 1 0 0 0 </row>
            <row number="10">1 * 1 0 0 0 0 0 0 0 0 0 1 0 1 0 0 0 0 0 0 0 1 0 0 0 1 0 0 0 0 0 </row>
            <row number="11">0 * * * 0 0 0 0 0 0 0 0 1 0 0 0 0 0 1 0 1 0 1 0 0 0 0 0 0 0 1 0 </row>
            <row number="12">0 0 1 * 0 0 0 0 1 0 1 0 1 1 0 1 0 0 0 0 0 0 0 0 0 0 1 0 0 0 0 0 </row>
            <row number="13">0 1 * * 0 0 0 0 0 0 0 0 0 0 0 0 0 0 1 0 1 0 0 0 0 0 1 0 0 0 1 0 </row>
            <row number="14">0 0 * 1 1 1 * * 0 0 0 0 0 1 0 0 0 0 0 0 0 0 0 1 0 0 0 0 0 0 0 0 </row>
            <row number="15">0 0 * * * * * * 1 0 0 0 0 1 0 1 0 1 0 0 1 0 0 0 0 0 0 0 0 0 0 0 </row>
            <row number="16">0 0 1 0 0 * 1 0 0 0 0 0 0 0 0 1 0 0 0 0 1 0 0 1 1 1 0 0 0 0 1 0 </row>
            <row number="17">0 1 0 0 0 * 0 0 1 1 1 0 0 1 0 1 0 0 1 0 1 0 0 1 1 0 0 0 0 1 1 1 </row>
            <row number="18">1 0 0 0 0 0 * 0 0 0 1 0 0 0 0 0 0 0 0 1 0 0 1 0 0 0 0 0 0 1 1 1 </row>
            <row number="19">0 0 0 0 0 0 1 0 0 0 1 0 0 1 0 0 1 0 1 0 0 0 1 0 0 0 1 0 0 0 0 0 </row>
            <row number="20">0 1 0 1 0 0 0 0 0 0 0 0 1 0 0 0 0 0 0 0 0 0 1 1 0 1 0 0 0 1 0 0 </row>
            <row number="21">0 0 0 0 0 0 0 1 0 1 0 0 0 0 0 0 0 0 1 0 0 1 1 1 0 0 1 1 1 0 0 0 </row>
            <row number="22">0 0 1 0 1 0 0 1 0 0 0 0 1 0 0 0 0 0 0 1 0 0 0 0 0 0 0 0 0 0 1 0 </row>
            <row number="23">0 0 0 0 0 0 0 1 0 0 0 0 0 1 0 0 0 0 1 0 0 0 1 0 1 0 1 1 0 0 0 0 </row>
            <row number="24">0 0 0 0 0 0 0 0 0 0 0 0 0 0 0 0 0 1 0 0 0 1 0 1 0 0 1 0 1 0 0 0 </row>
            <row number="25">0 0 0 0 0 0 0 0 0 0 0 0 0 0 0 0 1 0 0 0 0 0 0 0 0 1 0 0 1 0 0 1 </row>
            <row number="26">0 1 0 0 0 0 0 0 1 0 1 0 0 0 0 0 0 0 0 0 1 1 0 0 0 0 0 0 0 0 0 1 </row>
            <row number="27">0 0 1 0 0 1 0 0 1 0 0 0 0 0 0 0 0 0 0 0 0 0 0 0 0 0 0 0 0 0 0 0 </row>
            <row number="28">1 0 0 1 1 0 0 0 0 0 0 1 0 0 0 1 0 0 0 1 0 0 0 0 0 0 0 0 0 1 1 1 </row>
            <row number="29">1 0 0 0 0 1 0 0 0 0 1 0 0 0 0 1 0 1 0 1 0 0 0 1 0 0 0 0 0 0 1 1 </row>
            <row number="30">1 1 0 1 0 0 1 1 0 1 0 1 1 0 0 0 0 0 1 0 0 0 0 0 0 0 0 1 0 0 0 0 </row>
            <row number="31">1 1 0 0 0 0 0 0 0 0 0 0 0 0 0 1 0 0 1 0 0 0 0 0 0 0 0 0 1 0 0 0 </row>
        </path>
        <agent id="0" start.x="6" start.y="18" goal.x="1" goal.y="5" size="0.5" movespeed="1" rotationspeed="1">
            <path pathfound="true" runtime="0.0132479" duration="33.318192">
                <section id="0" start.x="6" start.y="18" goal.x="6" goal.y="18" duration="1.3846408" g-value="1.3846408"/>
                <section id="1" start.x="6" start.y="18" goal.x="5" goal.y="17" duration="1.4142135" g-value="2.7988544"/>
                <section id="2" start.x="5" start.y="17" goal.x="5" goal.y="17" duration="3.6856406" g-value="6.4844952"/>
                <section id="3" start.x="5" start.y="17" goal.x="5" goal.y="15" duration="2" g-value="8.4844952"/>
                <section id="4" start.x="5" start.y="15" goal.x="6" goal.y="15" duration="1" g-value="9.4844952"/>
                <section id="5" start.x="6" start.y="15" goal.x="6" goal.y="14" duration="1" g-value="10.484495"/>
                <section id="6" start.x="6" start.y="14" goal.x="6" goal.y="14" duration="0.52550501" g-value="11.01"/>
                <section id="7" start.x="6" start.y="14" goal.x="7" goal.y="14" duration="1" g-value="12.01"/>
                <section id="8" start.x="7" start.y="14" goal.x="7" goal.y="15" duration="1" g-value="13.01"/>
                <section id="9" start.x="7" start.y="15" goal.x="6" goal.y="15" duration="1" g-value="14.01"/>
                <section id="10" start.x="6" start.y="15" goal.x="6" goal.y="15" duration="1.4297647" g-value="15.439765"/>
                <section id="11" start.x="6" start.y="15" goal.x="2" goal.y="15" duration="4" g-value="19.439764"/>
                <section id="12" start.x="2" start.y="15" goal.x="2" goal.y="13" duration="2" g-value="21.439764"/>
                <section id="13" start.x="2" start.y="13" goal.x="3" goal.y="13" duration="1" g-value="22.439764"/>
                <section id="14" start.x="3" start.y="13" goal.x="3" goal.y="13" duration="0.050000001" g-value="22.489765"/>
                <section id="15" start.x="3" start.y="13" goal.x="3" goal.y="11" duration="2" g-value="24.489765"/>
                <section id="16" start.x="3" start.y="11" goal.x="1" goal.y="11" duration="2" g-value="26.489765"/>
                <section id="17" start.x="1" start.y="11" goal.x="1" goal.y="9" duration="2" g-value="28.489765"/>
                <section id="18" start.x="1" start.y="9" goal.x="0" goal.y="8" duration="1.4142135" g-value="29.903978"/>
                <section id="19" start.x="0" start.y="8" goal.x="0" goal.y="6" duration="2" g-value="31.903978"/>
                <section id="20" start.x="0" start.y="6" goal.x="1" goal.y="5" duration="1.4142135" g-value="33.318192"/>
            </path>
        </agent>
    </log>
</root>
