<?xml version="1.0" ?>
<root>
    <log>
        <taskfilename>D:/GitHub/AA-SIPP_optimal_2019/Instances/32x32_20/128/206_task.xml</taskfilename>
        <mapfilename>32x32_20.xml</mapfilename>
        <configfilename>config.xml</configfilename>
        <obstaclesfilename>D:/GitHub/AA-SIPP_optimal_2019/Instances/32x32_20/128/206_task_obs.xml</obstaclesfilename>
        <summary runtime="0.037248202" tries="1" agentssolved="1 (100.000000%)" flowtime="44.749157" makespan="44.749157"/>
        <path>
            <row number="0">0 0 0 0 0 0 0 0 0 0 1 0 0 0 0 0 0 1 0 0 0 1 0 1 0 0 0 0 0 0 0 0 </row>
            <row number="1">1 0 0 0 1 0 1 1 0 0 0 0 0 0 0 0 0 0 0 1 0 1 0 0 0 1 0 * * * 0 0 </row>
            <row number="2">0 0 0 0 0 0 0 0 0 0 0 0 0 0 1 0 0 0 0 0 0 0 0 1 1 0 0 * 1 0 * 0 </row>
            <row number="3">0 0 0 0 0 1 0 1 0 0 0 0 0 0 0 0 0 0 1 0 0 0 0 0 0 0 * 0 0 1 * 0 </row>
            <row number="4">0 1 1 0 0 0 0 0 0 0 0 0 0 0 1 1 0 1 0 0 0 0 0 0 1 0 * 1 * * * 0 </row>
            <row number="5">0 0 0 0 0 0 1 0 0 1 0 1 0 0 1 1 0 0 0 0 0 0 1 0 0 0 * 1 * 0 1 1 </row>
            <row number="6">0 0 0 0 0 0 1 0 0 1 1 0 0 0 0 0 0 0 0 1 0 0 0 0 * * 0 1 * 0 0 1 </row>
            <row number="7">0 1 0 0 0 1 0 0 0 0 0 0 0 0 0 0 0 0 0 0 0 1 1 * 0 0 1 0 0 1 0 0 </row>
            <row number="8">0 0 0 0 0 0 1 0 0 0 0 0 0 0 0 0 1 0 0 0 0 0 * * 1 0 1 0 0 0 0 0 </row>
            <row number="9">0 0 1 0 1 0 0 0 0 0 0 0 0 0 0 0 0 1 0 1 * * 0 0 0 0 0 1 1 0 0 0 </row>
            <row number="10">1 0 1 0 0 0 0 0 0 0 0 0 1 0 1 0 0 0 0 0 0 * 1 0 0 0 1 0 0 0 0 0 </row>
            <row number="11">0 0 0 0 0 0 0 0 0 0 0 0 1 0 0 0 0 0 1 0 1 * 1 0 0 0 0 0 0 0 1 0 </row>
            <row number="12">0 0 1 0 0 0 0 0 1 0 1 0 1 1 0 1 0 * * * * * 0 0 0 0 1 0 0 0 0 0 </row>
            <row number="13">0 1 0 0 0 0 0 0 0 0 0 0 0 0 0 0 0 * 1 0 1 0 0 0 0 0 1 0 0 0 1 0 </row>
            <row number="14">0 0 0 1 1 1 0 0 0 0 0 0 0 1 0 0 0 * * 0 0 0 0 1 0 0 0 0 0 0 0 0 </row>
            <row number="15">0 0 0 0 0 0 0 0 1 0 0 0 0 1 0 1 0 1 * 0 1 0 0 0 0 0 0 0 0 0 0 0 </row>
            <row number="16">0 0 1 0 0 0 1 0 0 0 0 0 0 0 0 1 0 0 0 0 1 0 0 1 1 1 0 0 0 0 1 0 </row>
            <row number="17">0 1 0 0 0 0 0 0 1 1 1 0 0 1 0 1 0 0 1 0 1 0 0 1 1 0 0 0 0 1 1 1 </row>
            <row number="18">1 0 0 0 0 0 0 0 0 0 1 0 0 0 0 0 0 0 0 1 0 0 1 0 0 0 0 0 0 1 1 1 </row>
            <row number="19">0 0 0 0 0 0 1 0 0 0 1 0 0 1 0 0 1 0 1 0 0 0 1 0 0 0 1 0 0 0 0 0 </row>
            <row number="20">0 1 0 1 0 0 0 0 0 0 0 0 1 0 0 0 0 0 0 0 0 0 1 1 0 1 0 0 0 1 0 0 </row>
            <row number="21">0 0 0 0 0 0 0 1 0 1 0 0 0 0 0 0 0 0 1 0 0 1 1 1 0 0 1 1 1 0 0 0 </row>
            <row number="22">0 0 1 0 1 0 0 1 0 0 0 0 1 0 0 0 0 0 0 1 0 0 0 0 0 0 0 0 0 0 1 0 </row>
            <row number="23">0 0 0 0 0 0 0 1 0 0 0 0 0 1 0 0 0 0 1 0 0 0 1 0 1 0 1 1 0 0 0 0 </row>
            <row number="24">0 0 0 0 0 0 0 0 0 0 0 0 0 0 0 0 0 1 0 0 0 1 0 1 0 0 1 0 1 0 0 0 </row>
            <row number="25">0 0 0 0 0 0 0 0 0 0 0 0 0 0 0 0 1 0 0 0 0 0 0 0 0 1 0 0 1 0 0 1 </row>
            <row number="26">0 1 0 0 0 0 0 0 1 0 1 0 0 0 0 0 0 0 0 0 1 1 0 0 0 0 0 0 0 0 0 1 </row>
            <row number="27">0 0 1 0 0 1 0 0 1 0 0 0 0 0 0 0 0 0 0 0 0 0 0 0 0 0 0 0 0 0 0 0 </row>
            <row number="28">1 0 0 1 1 0 0 0 0 0 0 1 0 0 0 1 0 0 0 1 0 0 0 0 0 0 0 0 0 1 1 1 </row>
            <row number="29">1 0 0 0 0 1 0 0 0 0 1 0 0 0 0 1 0 1 0 1 0 0 0 1 0 0 0 0 0 0 1 1 </row>
            <row number="30">1 1 0 1 0 0 1 1 0 1 0 1 1 0 0 0 0 0 1 0 0 0 0 0 0 0 0 1 0 0 0 0 </row>
            <row number="31">1 1 0 0 0 0 0 0 0 0 0 0 0 0 0 1 0 0 1 0 0 0 0 0 0 0 0 0 1 0 0 0 </row>
        </path>
        <agent id="0" start.x="28" start.y="6" goal.x="18" goal.y="16" size="0.5" movespeed="1" rotationspeed="1">
            <path pathfound="true" runtime="0.034857798" duration="44.749157">
                <section id="0" start.x="28" start.y="6" goal.x="28" goal.y="6" duration="2.6142135" g-value="2.6142135"/>
                <section id="1" start.x="28" start.y="6" goal.x="28" goal.y="5" duration="1" g-value="3.6142135"/>
                <section id="2" start.x="28" start.y="5" goal.x="28" goal.y="4" duration="1" g-value="4.6142135"/>
                <section id="3" start.x="28" start.y="4" goal.x="30" goal.y="4" duration="2" g-value="6.6142135"/>
                <section id="4" start.x="30" start.y="4" goal.x="30" goal.y="2" duration="2" g-value="8.6142139"/>
                <section id="5" start.x="30" start.y="2" goal.x="29" goal.y="1" duration="1.4142135" g-value="10.028427"/>
                <section id="6" start.x="29" start.y="1" goal.x="27" goal.y="1" duration="2" g-value="12.028427"/>
                <section id="7" start.x="27" start.y="1" goal.x="26" goal.y="3" duration="2.236068" g-value="14.264495"/>
                <section id="8" start.x="26" start.y="3" goal.x="26" goal.y="5" duration="2" g-value="16.264496"/>
                <section id="9" start.x="26" start.y="5" goal.x="23" goal.y="7" duration="3.6055512" g-value="19.870047"/>
                <section id="10" start.x="23" start.y="7" goal.x="23" goal.y="8" duration="1" g-value="20.870047"/>
                <section id="11" start.x="23" start.y="8" goal.x="23" goal.y="7" duration="1" g-value="21.870047"/>
                <section id="12" start.x="23" start.y="7" goal.x="23" goal.y="8" duration="1" g-value="22.870047"/>
                <section id="13" start.x="23" start.y="8" goal.x="20" goal.y="9" duration="3.1622777" g-value="26.032324"/>
                <section id="14" start.x="20" start.y="9" goal.x="20" goal.y="9" duration="0.76587993" g-value="26.798204"/>
                <section id="15" start.x="20" start.y="9" goal.x="21" goal.y="10" duration="1.4142135" g-value="28.212418"/>
                <section id="16" start.x="21" start.y="10" goal.x="21" goal.y="12" duration="2" g-value="30.212418"/>
                <section id="17" start.x="21" start.y="12" goal.x="21" goal.y="12" duration="5.5367384" g-value="35.749157"/>
                <section id="18" start.x="21" start.y="12" goal.x="17" goal.y="12" duration="4" g-value="39.749157"/>
                <section id="19" start.x="17" start.y="12" goal.x="17" goal.y="14" duration="2" g-value="41.749157"/>
                <section id="20" start.x="17" start.y="14" goal.x="18" goal.y="14" duration="1" g-value="42.749157"/>
                <section id="21" start.x="18" start.y="14" goal.x="18" goal.y="16" duration="2" g-value="44.749157"/>
            </path>
        </agent>
    </log>
</root>
