<?xml version="1.0" ?>
<root>
    <log>
        <taskfilename>D:/GitHub/AA-SIPP_optimal_2019/Instances/32x32_20/128/207_task.xml</taskfilename>
        <mapfilename>32x32_20.xml</mapfilename>
        <configfilename>config.xml</configfilename>
        <obstaclesfilename>D:/GitHub/AA-SIPP_optimal_2019/Instances/32x32_20/128/207_task_obs.xml</obstaclesfilename>
        <summary runtime="0.021893701" tries="1" agentssolved="1 (100.000000%)" flowtime="42.785038" makespan="42.785038"/>
        <path>
            <row number="0">0 0 0 0 0 0 0 0 0 0 1 0 0 0 0 0 0 1 0 0 0 1 0 1 0 0 0 0 0 0 0 0 </row>
            <row number="1">1 0 0 0 1 0 1 1 0 0 0 0 0 0 0 0 0 0 0 1 0 1 0 0 0 1 0 0 0 0 0 0 </row>
            <row number="2">0 0 0 0 0 0 0 0 0 0 0 0 0 0 1 0 0 0 0 0 0 0 0 1 1 0 0 0 1 0 0 0 </row>
            <row number="3">0 0 0 0 0 1 0 1 0 0 0 0 0 0 0 0 0 0 1 0 0 0 0 0 0 0 0 0 0 1 0 0 </row>
            <row number="4">0 1 1 0 0 0 0 0 0 0 0 0 0 0 1 1 0 1 0 0 0 0 0 0 1 0 0 1 0 0 0 0 </row>
            <row number="5">0 0 0 0 0 0 1 0 0 1 0 1 0 0 1 1 0 0 0 0 0 0 1 0 0 0 0 1 0 0 1 1 </row>
            <row number="6">0 0 0 0 0 0 1 0 0 1 1 0 0 0 0 0 0 0 0 1 0 0 0 0 0 0 0 1 0 0 0 1 </row>
            <row number="7">0 1 0 0 0 1 0 0 0 0 0 0 0 0 0 0 0 0 0 0 0 1 1 0 0 0 1 0 0 1 0 0 </row>
            <row number="8">0 0 0 0 0 0 1 0 0 0 0 0 0 0 0 0 1 0 0 0 0 0 0 0 1 0 1 0 0 0 0 0 </row>
            <row number="9">0 0 1 0 1 0 0 0 0 0 0 0 0 0 0 0 0 1 0 1 0 0 0 0 0 0 0 1 1 0 0 0 </row>
            <row number="10">1 0 1 0 0 0 0 0 0 0 0 0 1 0 1 0 0 0 0 0 0 0 1 0 0 0 1 0 0 0 0 0 </row>
            <row number="11">0 0 0 0 0 0 0 0 0 0 0 0 1 0 0 0 0 0 1 0 1 0 1 0 0 0 0 0 0 0 1 0 </row>
            <row number="12">0 0 1 0 0 0 0 0 1 0 1 0 1 1 0 1 * * * * 0 0 0 0 0 0 1 0 0 0 0 0 </row>
            <row number="13">0 1 0 0 0 0 0 0 0 0 0 0 0 0 0 0 0 0 1 * 1 0 0 0 0 0 1 0 0 0 1 0 </row>
            <row number="14">0 0 0 1 1 1 0 0 0 0 0 0 0 1 * * * * * * 0 0 0 1 0 0 0 0 0 0 0 0 </row>
            <row number="15">0 0 0 0 0 0 0 0 1 0 0 0 0 1 * 1 0 1 0 0 1 0 0 0 0 0 0 0 0 0 0 0 </row>
            <row number="16">0 0 1 0 0 0 1 0 0 0 0 0 0 0 * 1 0 0 0 0 1 0 0 1 1 1 0 0 0 0 1 0 </row>
            <row number="17">0 1 0 0 0 0 0 0 1 1 1 0 0 1 * 1 0 0 1 0 1 0 0 1 1 0 0 0 0 1 1 1 </row>
            <row number="18">1 0 0 0 0 0 0 0 0 0 1 0 0 0 * 0 0 0 0 1 0 0 1 0 0 0 0 0 0 1 1 1 </row>
            <row number="19">0 0 0 0 0 0 1 0 0 0 1 0 0 1 * 0 1 0 1 0 0 0 1 0 0 0 1 0 0 0 0 0 </row>
            <row number="20">0 1 0 1 0 0 0 0 0 0 0 0 1 0 0 * * * * * 0 0 1 1 0 1 0 0 0 1 0 0 </row>
            <row number="21">0 0 0 0 0 0 0 1 0 1 0 0 0 0 0 0 0 0 1 0 * 1 1 1 0 0 1 1 1 0 0 0 </row>
            <row number="22">0 0 1 0 1 0 0 1 0 0 0 0 1 0 0 0 0 0 0 1 * 0 0 0 0 0 0 0 0 0 1 0 </row>
            <row number="23">0 0 0 0 0 0 0 1 0 0 0 0 0 1 0 0 0 0 1 0 * 0 1 0 1 0 1 1 0 0 0 0 </row>
            <row number="24">0 0 0 0 0 0 0 0 0 0 0 0 0 0 0 0 0 1 0 0 * 1 0 1 0 0 1 0 1 0 0 0 </row>
            <row number="25">0 0 0 0 0 0 0 0 0 0 0 0 0 0 0 0 1 0 0 0 * * * 0 0 1 0 0 1 0 0 1 </row>
            <row number="26">0 1 0 0 0 0 0 0 1 0 1 0 0 0 0 0 0 0 0 0 1 1 * * 0 0 0 0 0 0 0 1 </row>
            <row number="27">0 0 1 0 0 1 0 0 1 0 0 0 0 0 0 0 0 0 0 0 0 0 0 * 0 0 0 0 0 0 0 0 </row>
            <row number="28">1 0 0 1 1 0 0 0 0 0 0 1 0 0 0 1 0 0 0 1 0 0 0 0 * 0 0 0 0 1 1 1 </row>
            <row number="29">1 0 0 0 0 1 0 0 0 0 1 0 0 0 0 1 0 1 0 1 0 0 0 1 * 0 0 0 0 0 1 1 </row>
            <row number="30">1 1 0 1 0 0 1 1 0 1 0 1 1 0 0 0 0 0 1 0 0 0 0 0 0 0 0 1 0 0 0 0 </row>
            <row number="31">1 1 0 0 0 0 0 0 0 0 0 0 0 0 0 1 0 0 1 0 0 0 0 0 0 0 0 0 1 0 0 0 </row>
        </path>
        <agent id="0" start.x="16" start.y="12" goal.x="25" goal.y="30" size="0.5" movespeed="1" rotationspeed="1">
            <path pathfound="true" runtime="0.0193929" duration="42.785038">
                <section id="0" start.x="16" start.y="12" goal.x="19" goal.y="12" duration="3" g-value="3"/>
                <section id="1" start.x="19" start.y="12" goal.x="19" goal.y="14" duration="2" g-value="5"/>
                <section id="2" start.x="19" start.y="14" goal.x="18" goal.y="14" duration="1" g-value="6"/>
                <section id="3" start.x="18" start.y="14" goal.x="18" goal.y="14" duration="3.2522776" g-value="9.2522774"/>
                <section id="4" start.x="18" start.y="14" goal.x="17" goal.y="14" duration="1" g-value="10.252277"/>
                <section id="5" start.x="17" start.y="14" goal.x="18" goal.y="14" duration="1" g-value="11.252277"/>
                <section id="6" start.x="18" start.y="14" goal.x="18" goal.y="14" duration="0.42685822" g-value="11.679136"/>
                <section id="7" start.x="18" start.y="14" goal.x="15" goal.y="14" duration="3" g-value="14.679136"/>
                <section id="8" start.x="15" start.y="14" goal.x="14" goal.y="14" duration="1" g-value="15.679136"/>
                <section id="9" start.x="14" start.y="14" goal.x="14" goal.y="17" duration="3" g-value="18.679136"/>
                <section id="10" start.x="14" start.y="17" goal.x="14" goal.y="17" duration="1.38" g-value="20.059135"/>
                <section id="11" start.x="14" start.y="17" goal.x="14" goal.y="19" duration="2" g-value="22.059135"/>
                <section id="12" start.x="14" start.y="19" goal.x="15" goal.y="20" duration="1.4142135" g-value="23.473349"/>
                <section id="13" start.x="15" start.y="20" goal.x="15" goal.y="20" duration="0.59533787" g-value="24.068687"/>
                <section id="14" start.x="15" start.y="20" goal.x="19" goal.y="20" duration="4" g-value="28.068687"/>
                <section id="15" start.x="19" start.y="20" goal.x="20" goal.y="21" duration="1.4142135" g-value="29.482901"/>
                <section id="16" start.x="20" start.y="21" goal.x="20" goal.y="21" duration="0.33000001" g-value="29.812901"/>
                <section id="17" start.x="20" start.y="21" goal.x="20" goal.y="25" duration="4" g-value="33.812901"/>
                <section id="18" start.x="20" start.y="25" goal.x="22" goal.y="25" duration="2" g-value="35.812901"/>
                <section id="19" start.x="22" start.y="25" goal.x="22" goal.y="26" duration="1" g-value="36.812901"/>
                <section id="20" start.x="22" start.y="26" goal.x="23" goal.y="26" duration="1" g-value="37.812901"/>
                <section id="21" start.x="23" start.y="26" goal.x="23" goal.y="26" duration="0.5" g-value="38.312901"/>
                <section id="22" start.x="23" start.y="26" goal.x="25" goal.y="30" duration="4.472136" g-value="42.785038"/>
            </path>
        </agent>
    </log>
</root>
