<?xml version="1.0" ?>
<root>
    <log>
        <taskfilename>D:/GitHub/AA-SIPP_optimal_2019/Instances/32x32_20/128/208_task.xml</taskfilename>
        <mapfilename>32x32_20.xml</mapfilename>
        <configfilename>config.xml</configfilename>
        <obstaclesfilename>D:/GitHub/AA-SIPP_optimal_2019/Instances/32x32_20/128/208_task_obs.xml</obstaclesfilename>
        <summary runtime="0.0303922" tries="1" agentssolved="1 (100.000000%)" flowtime="42.301689" makespan="42.301689"/>
        <path>
            <row number="0">0 0 0 0 0 0 0 0 0 0 1 0 0 0 0 0 0 1 0 0 0 1 0 1 0 0 0 0 0 0 0 0 </row>
            <row number="1">1 0 0 0 1 0 1 1 0 0 0 0 0 0 0 0 0 0 0 1 0 1 0 0 0 1 0 0 0 0 0 0 </row>
            <row number="2">0 0 0 0 0 0 0 0 0 0 0 0 0 0 1 0 0 0 0 0 0 0 0 1 1 0 0 0 1 0 0 0 </row>
            <row number="3">0 0 0 0 0 1 0 1 0 0 0 0 0 0 0 0 0 0 1 0 0 0 0 0 0 0 0 0 0 1 0 0 </row>
            <row number="4">0 1 1 0 0 * 0 0 0 0 0 0 0 0 1 1 0 1 0 0 0 0 0 0 1 0 0 1 0 0 0 0 </row>
            <row number="5">0 0 0 0 * 0 1 0 0 1 0 1 0 0 1 1 0 0 0 0 0 0 1 0 0 0 0 1 0 0 1 1 </row>
            <row number="6">0 0 0 0 * 0 1 0 0 1 1 0 0 0 0 0 0 0 0 1 0 0 0 0 0 0 0 1 0 0 0 1 </row>
            <row number="7">0 1 0 * 0 1 0 0 0 0 0 0 0 0 0 0 0 0 0 0 0 1 1 0 0 0 1 0 0 1 0 0 </row>
            <row number="8">0 * * 0 0 0 1 0 0 0 0 0 0 0 0 0 1 0 0 0 0 0 0 0 1 0 1 0 0 0 0 0 </row>
            <row number="9">0 * 1 0 1 0 0 0 0 0 0 0 0 0 0 0 0 1 0 1 0 0 0 0 0 0 0 1 1 0 0 0 </row>
            <row number="10">1 * 1 0 0 0 0 0 0 0 0 0 1 0 1 0 0 0 0 0 0 0 1 0 0 0 1 0 0 0 0 0 </row>
            <row number="11">0 * * * 0 0 0 0 0 0 0 0 1 0 0 0 0 0 1 0 1 0 1 0 0 0 0 0 0 0 1 0 </row>
            <row number="12">0 0 1 * 0 0 0 0 1 0 1 0 1 1 0 1 0 0 0 0 0 0 0 0 0 0 1 0 0 0 0 0 </row>
            <row number="13">0 1 * * 0 0 0 0 0 0 0 0 0 0 0 0 0 0 1 0 1 0 0 0 0 0 1 0 0 0 1 0 </row>
            <row number="14">0 * * 1 1 1 0 0 0 0 0 0 0 1 0 0 0 0 0 0 0 0 0 1 0 0 0 0 0 0 0 0 </row>
            <row number="15">0 * * * * 0 0 0 1 0 0 0 0 1 0 1 0 1 0 0 1 0 0 0 0 0 0 0 0 0 0 0 </row>
            <row number="16">0 0 1 0 * 0 1 0 0 0 0 0 0 0 0 1 0 0 0 0 1 0 0 1 1 1 0 0 0 0 1 0 </row>
            <row number="17">0 1 0 0 * 0 0 0 1 1 1 0 0 1 0 1 0 0 1 0 1 0 0 1 1 0 0 0 0 1 1 1 </row>
            <row number="18">1 0 0 * 0 0 0 0 0 0 1 0 0 0 0 0 0 0 0 1 0 0 1 0 0 0 0 0 0 1 1 1 </row>
            <row number="19">0 0 * * 0 0 1 0 0 0 1 0 0 1 0 0 1 0 1 0 0 0 1 0 0 0 1 0 0 0 0 0 </row>
            <row number="20">0 1 * 1 0 0 0 0 0 0 0 0 1 0 0 0 0 0 0 0 0 0 1 1 0 1 0 0 0 1 0 0 </row>
            <row number="21">0 0 0 0 0 0 0 1 0 1 0 0 0 0 0 0 0 0 1 0 0 1 1 1 0 0 1 1 1 0 0 0 </row>
            <row number="22">0 0 1 0 1 0 0 1 0 0 0 0 1 0 0 0 0 0 0 1 0 0 0 0 0 0 0 0 0 0 1 0 </row>
            <row number="23">0 0 0 0 0 0 0 1 0 0 0 0 0 1 0 0 0 0 1 0 0 0 1 0 1 0 1 1 0 0 0 0 </row>
            <row number="24">0 0 0 0 0 0 0 0 0 0 0 0 0 0 0 0 0 1 0 0 0 1 0 1 0 0 1 0 1 0 0 0 </row>
            <row number="25">0 0 0 0 0 0 0 0 0 0 0 0 0 0 0 0 1 0 0 0 0 0 0 0 0 1 0 0 1 0 0 1 </row>
            <row number="26">0 1 0 0 0 0 0 0 1 0 1 0 0 0 0 0 0 0 0 0 1 1 0 0 0 0 0 0 0 0 0 1 </row>
            <row number="27">0 0 1 0 0 1 0 0 1 0 0 0 0 0 0 0 0 0 0 0 0 0 0 0 0 0 0 0 0 0 0 0 </row>
            <row number="28">1 0 0 1 1 0 0 0 0 0 0 1 0 0 0 1 0 0 0 1 0 0 0 0 0 0 0 0 0 1 1 1 </row>
            <row number="29">1 0 0 0 0 1 0 0 0 0 1 0 0 0 0 1 0 1 0 1 0 0 0 1 0 0 0 0 0 0 1 1 </row>
            <row number="30">1 1 0 1 0 0 1 1 0 1 0 1 1 0 0 0 0 0 1 0 0 0 0 0 0 0 0 1 0 0 0 0 </row>
            <row number="31">1 1 0 0 0 0 0 0 0 0 0 0 0 0 0 1 0 0 1 0 0 0 0 0 0 0 0 0 1 0 0 0 </row>
        </path>
        <agent id="0" start.x="5" start.y="4" goal.x="2" goal.y="21" size="0.5" movespeed="1" rotationspeed="1">
            <path pathfound="true" runtime="0.0283469" duration="42.301689">
                <section id="0" start.x="5" start.y="4" goal.x="2" goal.y="8" duration="5" g-value="5"/>
                <section id="1" start.x="2" start.y="8" goal.x="1" goal.y="8" duration="1" g-value="6"/>
                <section id="2" start.x="1" start.y="8" goal.x="1" goal.y="8" duration="6.2325592" g-value="12.232559"/>
                <section id="3" start.x="1" start.y="8" goal.x="1" goal.y="11" duration="3" g-value="15.232559"/>
                <section id="4" start.x="1" start.y="11" goal.x="3" goal.y="11" duration="2" g-value="17.232559"/>
                <section id="5" start.x="3" start.y="11" goal.x="3" goal.y="11" duration="0.25" g-value="17.482559"/>
                <section id="6" start.x="3" start.y="11" goal.x="3" goal.y="13" duration="2" g-value="19.482559"/>
                <section id="7" start.x="3" start.y="13" goal.x="3" goal.y="13" duration="1.2474592" g-value="20.730019"/>
                <section id="8" start.x="3" start.y="13" goal.x="2" goal.y="13" duration="1" g-value="21.730019"/>
                <section id="9" start.x="2" start.y="13" goal.x="2" goal.y="14" duration="1" g-value="22.730019"/>
                <section id="10" start.x="2" start.y="14" goal.x="1" goal.y="14" duration="1" g-value="23.730019"/>
                <section id="11" start.x="1" start.y="14" goal.x="1" goal.y="14" duration="5.3351817" g-value="29.065199"/>
                <section id="12" start.x="1" start.y="14" goal.x="1" goal.y="15" duration="1" g-value="30.065199"/>
                <section id="13" start.x="1" start.y="15" goal.x="1" goal.y="15" duration="2.0742137" g-value="32.139412"/>
                <section id="14" start.x="1" start.y="15" goal.x="4" goal.y="15" duration="3" g-value="35.139412"/>
                <section id="15" start.x="4" start.y="15" goal.x="4" goal.y="16" duration="1" g-value="36.139412"/>
                <section id="16" start.x="4" start.y="16" goal.x="3" goal.y="19" duration="3.1622777" g-value="39.301689"/>
                <section id="17" start.x="3" start.y="19" goal.x="2" goal.y="19" duration="1" g-value="40.301689"/>
                <section id="18" start.x="2" start.y="19" goal.x="2" goal.y="21" duration="2" g-value="42.301689"/>
            </path>
        </agent>
    </log>
</root>
