<?xml version="1.0" ?>
<root>
    <log>
        <taskfilename>D:/GitHub/AA-SIPP_optimal_2019/Instances/32x32_20/128/209_task.xml</taskfilename>
        <mapfilename>32x32_20.xml</mapfilename>
        <configfilename>config.xml</configfilename>
        <obstaclesfilename>D:/GitHub/AA-SIPP_optimal_2019/Instances/32x32_20/128/209_task_obs.xml</obstaclesfilename>
        <summary runtime="0.0238686" tries="1" agentssolved="1 (100.000000%)" flowtime="39.133606" makespan="39.133606"/>
        <path>
            <row number="0">0 0 0 0 0 0 0 0 0 0 1 0 0 0 0 0 0 1 0 0 0 1 0 1 0 0 0 0 0 0 0 0 </row>
            <row number="1">1 0 0 0 1 0 1 1 0 0 0 0 0 0 0 0 0 0 0 1 0 1 0 0 0 1 0 0 0 0 * 0 </row>
            <row number="2">0 0 0 0 0 0 0 0 0 0 0 0 0 0 1 0 0 0 0 0 0 0 0 1 1 0 0 0 1 0 * 0 </row>
            <row number="3">0 0 0 0 0 1 0 1 0 0 0 0 0 0 0 0 0 0 1 0 0 0 0 0 0 0 0 0 0 1 * 0 </row>
            <row number="4">0 1 1 0 0 0 0 0 0 0 0 0 0 0 1 1 0 1 0 0 0 0 0 0 1 0 0 1 * * * 0 </row>
            <row number="5">0 0 0 0 0 0 1 0 0 1 0 1 0 0 1 1 0 0 0 0 0 0 1 0 0 0 0 1 * 0 1 1 </row>
            <row number="6">0 0 0 0 0 0 1 0 0 1 1 0 0 0 0 0 0 0 0 1 0 0 0 0 0 0 0 1 * 0 0 1 </row>
            <row number="7">0 1 0 0 0 1 0 0 0 0 0 0 0 0 0 0 0 0 0 0 0 1 1 0 0 0 1 0 * 1 0 0 </row>
            <row number="8">0 0 0 0 0 0 1 0 0 0 0 0 0 0 0 0 1 0 0 0 0 0 0 0 1 0 1 0 * * 0 0 </row>
            <row number="9">0 0 1 0 1 0 0 0 0 0 0 0 0 0 0 0 0 1 0 1 0 0 0 0 0 0 0 1 1 * 0 0 </row>
            <row number="10">1 0 1 0 0 0 0 0 0 0 0 0 1 0 1 0 0 0 0 0 0 0 1 0 0 0 1 0 0 * 0 0 </row>
            <row number="11">0 0 0 0 0 0 0 0 0 0 0 0 1 0 0 0 0 0 1 0 1 0 1 0 0 0 0 0 * 0 1 0 </row>
            <row number="12">0 0 1 0 0 0 0 0 1 0 1 0 1 1 0 1 0 0 0 0 0 0 0 0 0 0 1 * 0 0 0 0 </row>
            <row number="13">0 1 0 0 0 0 0 0 0 0 0 0 0 0 0 0 0 0 1 0 1 0 0 0 0 0 1 * 0 0 1 0 </row>
            <row number="14">0 0 0 1 1 1 0 0 0 0 0 0 0 1 0 0 0 0 0 0 0 0 0 1 0 0 * * * 0 0 0 </row>
            <row number="15">0 0 0 0 0 0 0 0 1 0 0 0 0 1 0 1 0 1 0 0 1 0 0 0 0 0 * 0 0 0 0 0 </row>
            <row number="16">0 0 1 0 0 0 1 0 0 0 0 0 0 0 0 1 0 0 0 0 1 0 0 1 1 1 0 * 0 0 1 0 </row>
            <row number="17">0 1 0 0 0 0 0 0 1 1 1 0 0 1 0 1 0 0 1 0 1 0 0 1 1 * * * 0 1 1 1 </row>
            <row number="18">1 0 0 0 0 0 0 0 0 0 1 0 0 0 0 0 0 0 0 1 0 0 1 0 0 * 0 0 0 1 1 1 </row>
            <row number="19">0 0 0 0 0 0 1 0 0 0 1 0 0 1 0 0 1 0 1 0 0 0 1 0 0 0 1 0 0 0 0 0 </row>
            <row number="20">0 1 0 1 0 0 0 0 0 0 0 0 1 0 0 0 0 0 0 0 0 0 1 1 0 1 0 0 0 1 0 0 </row>
            <row number="21">0 0 0 0 0 0 0 1 0 1 0 0 0 0 0 0 0 0 1 0 0 1 1 1 0 0 1 1 1 0 0 0 </row>
            <row number="22">0 0 1 0 1 0 0 1 0 0 0 0 1 0 0 0 0 0 0 1 0 0 0 0 0 0 0 0 0 0 1 0 </row>
            <row number="23">0 0 0 0 0 0 0 1 0 0 0 0 0 1 0 0 0 0 1 0 0 0 1 0 1 0 1 1 0 0 0 0 </row>
            <row number="24">0 0 0 0 0 0 0 0 0 0 0 0 0 0 0 0 0 1 0 0 0 1 0 1 0 0 1 0 1 0 0 0 </row>
            <row number="25">0 0 0 0 0 0 0 0 0 0 0 0 0 0 0 0 1 0 0 0 0 0 0 0 0 1 0 0 1 0 0 1 </row>
            <row number="26">0 1 0 0 0 0 0 0 1 0 1 0 0 0 0 0 0 0 0 0 1 1 0 0 0 0 0 0 0 0 0 1 </row>
            <row number="27">0 0 1 0 0 1 0 0 1 0 0 0 0 0 0 0 0 0 0 0 0 0 0 0 0 0 0 0 0 0 0 0 </row>
            <row number="28">1 0 0 1 1 0 0 0 0 0 0 1 0 0 0 1 0 0 0 1 0 0 0 0 0 0 0 0 0 1 1 1 </row>
            <row number="29">1 0 0 0 0 1 0 0 0 0 1 0 0 0 0 1 0 1 0 1 0 0 0 1 0 0 0 0 0 0 1 1 </row>
            <row number="30">1 1 0 1 0 0 1 1 0 1 0 1 1 0 0 0 0 0 1 0 0 0 0 0 0 0 0 1 0 0 0 0 </row>
            <row number="31">1 1 0 0 0 0 0 0 0 0 0 0 0 0 0 1 0 0 1 0 0 0 0 0 0 0 0 0 1 0 0 0 </row>
        </path>
        <agent id="0" start.x="30" start.y="1" goal.x="24" goal.y="18" size="0.5" movespeed="1" rotationspeed="1">
            <path pathfound="true" runtime="0.022357101" duration="39.133606">
                <section id="0" start.x="30" start.y="1" goal.x="30" goal.y="4" duration="3" g-value="3"/>
                <section id="1" start.x="30" start.y="4" goal.x="30" goal.y="4" duration="1.5822778" g-value="4.5822778"/>
                <section id="2" start.x="30" start.y="4" goal.x="28" goal.y="4" duration="2" g-value="6.5822778"/>
                <section id="3" start.x="28" start.y="4" goal.x="28" goal.y="8" duration="4" g-value="10.582277"/>
                <section id="4" start.x="28" start.y="8" goal.x="29" goal.y="8" duration="1" g-value="11.582277"/>
                <section id="5" start.x="29" start.y="8" goal.x="29" goal.y="10" duration="2" g-value="13.582277"/>
                <section id="6" start.x="29" start.y="10" goal.x="27" goal.y="12" duration="2.8284271" g-value="16.410706"/>
                <section id="7" start.x="27" start.y="12" goal.x="27" goal.y="12" duration="0.88999975" g-value="17.300705"/>
                <section id="8" start.x="27" start.y="12" goal.x="28" goal.y="14" duration="2.236068" g-value="19.536772"/>
                <section id="9" start.x="28" start.y="14" goal.x="28" goal.y="14" duration="0.43539551" g-value="19.972168"/>
                <section id="10" start.x="28" start.y="14" goal.x="26" goal.y="14" duration="2" g-value="21.972168"/>
                <section id="11" start.x="26" start.y="14" goal.x="26" goal.y="14" duration="0.18081433" g-value="22.152983"/>
                <section id="12" start.x="26" start.y="14" goal.x="27" goal.y="16" duration="2.236068" g-value="24.38905"/>
                <section id="13" start.x="27" start.y="16" goal.x="27" goal.y="16" duration="0.030000001" g-value="24.41905"/>
                <section id="14" start.x="27" start.y="16" goal.x="27" goal.y="17" duration="1" g-value="25.41905"/>
                <section id="15" start.x="27" start.y="17" goal.x="27" goal.y="17" duration="0.31999999" g-value="25.73905"/>
                <section id="16" start.x="27" start.y="17" goal.x="25" goal.y="17" duration="2" g-value="27.73905"/>
                <section id="17" start.x="25" start.y="17" goal.x="25" goal.y="17" duration="9.3945551" g-value="37.133606"/>
                <section id="18" start.x="25" start.y="17" goal.x="25" goal.y="18" duration="1" g-value="38.133606"/>
                <section id="19" start.x="25" start.y="18" goal.x="24" goal.y="18" duration="1" g-value="39.133606"/>
            </path>
        </agent>
    </log>
</root>
