<?xml version="1.0" ?>
<root>
    <log>
        <taskfilename>D:/GitHub/AA-SIPP_optimal_2019/Instances/32x32_20/128/210_task.xml</taskfilename>
        <mapfilename>32x32_20.xml</mapfilename>
        <configfilename>config.xml</configfilename>
        <obstaclesfilename>D:/GitHub/AA-SIPP_optimal_2019/Instances/32x32_20/128/210_task_obs.xml</obstaclesfilename>
        <summary runtime="0.0595681" tries="1" agentssolved="1 (100.000000%)" flowtime="56.759895" makespan="56.759895"/>
        <path>
            <row number="0">0 0 0 0 0 0 0 0 0 0 1 0 0 0 0 0 0 1 0 0 0 1 0 1 0 0 0 0 0 0 0 0 </row>
            <row number="1">1 0 0 0 1 0 1 1 0 0 0 0 0 * * * 0 * 0 1 0 1 0 0 0 1 0 0 0 0 0 0 </row>
            <row number="2">0 0 0 0 0 0 * * * 0 0 0 0 * 1 * * * 0 0 0 0 0 1 1 0 0 0 1 0 0 0 </row>
            <row number="3">0 0 0 0 0 1 0 1 0 * * * * 0 0 0 * 0 1 0 0 0 0 0 0 0 0 0 0 1 0 0 </row>
            <row number="4">0 1 1 0 0 0 0 0 0 0 0 0 0 0 1 1 * 1 0 0 0 0 0 0 1 0 0 1 0 0 0 0 </row>
            <row number="5">0 0 0 0 0 0 1 0 0 1 0 1 0 0 1 1 * 0 0 0 0 0 1 0 0 0 0 1 0 0 1 1 </row>
            <row number="6">0 0 0 0 0 0 1 0 0 1 1 0 0 0 0 0 0 * 0 1 * 0 0 0 0 0 0 1 0 0 0 1 </row>
            <row number="7">0 1 0 0 0 1 0 0 0 0 0 0 0 0 0 0 0 0 * * * 1 1 0 0 0 1 0 0 1 0 0 </row>
            <row number="8">0 0 0 0 0 0 1 0 0 0 0 0 0 0 0 0 1 0 0 0 * * 0 0 1 0 1 0 0 0 0 0 </row>
            <row number="9">0 0 1 0 1 0 0 0 0 0 0 0 0 0 0 0 0 1 0 1 0 0 * * 0 0 0 1 1 0 0 0 </row>
            <row number="10">1 0 1 0 0 0 0 0 0 0 0 0 1 0 1 0 0 0 0 0 0 0 1 0 * 0 1 0 0 0 0 0 </row>
            <row number="11">0 0 0 0 0 0 0 0 0 0 0 0 1 0 0 0 0 0 1 0 1 0 1 0 0 * * * * 0 1 0 </row>
            <row number="12">0 0 1 0 0 0 0 0 1 0 1 0 1 1 0 1 0 0 0 0 0 0 0 0 0 0 1 0 * * 0 0 </row>
            <row number="13">0 1 0 0 0 0 0 0 0 0 0 0 0 0 0 0 0 0 1 0 1 0 0 0 0 0 1 0 * 0 1 0 </row>
            <row number="14">0 0 0 1 1 1 0 0 0 0 0 0 0 1 0 0 0 0 0 0 0 0 0 1 0 0 0 0 * 0 0 0 </row>
            <row number="15">0 0 0 0 0 0 0 0 1 0 0 0 0 1 0 1 0 1 0 0 1 0 0 0 0 0 0 0 * 0 0 0 </row>
            <row number="16">0 0 1 0 0 0 1 0 0 0 0 0 0 0 0 1 0 0 0 0 1 0 0 1 1 1 0 0 * 0 1 0 </row>
            <row number="17">0 1 0 0 0 0 0 0 1 1 1 0 0 1 0 1 0 0 1 0 1 0 0 1 1 0 0 0 * 1 1 1 </row>
            <row number="18">1 0 0 0 0 0 0 0 0 0 1 0 0 0 0 0 0 0 0 1 0 0 1 0 0 0 0 0 * 1 1 1 </row>
            <row number="19">0 0 0 0 0 0 1 0 0 0 1 0 0 1 0 0 1 0 1 0 0 0 1 0 0 0 1 0 * * * 0 </row>
            <row number="20">0 1 0 1 0 0 0 0 0 0 0 0 1 0 0 0 0 0 0 0 0 0 1 1 0 1 0 0 0 1 * 0 </row>
            <row number="21">0 0 0 0 0 0 0 1 0 1 0 0 0 0 0 0 0 0 1 0 0 1 1 1 0 0 1 1 1 0 * 0 </row>
            <row number="22">0 0 1 0 1 0 0 1 0 0 0 0 1 0 0 0 0 0 0 1 0 0 0 0 0 0 0 0 0 0 1 0 </row>
            <row number="23">0 0 0 0 0 0 0 1 0 0 0 0 0 1 0 0 0 0 1 0 0 0 1 0 1 0 1 1 0 0 0 0 </row>
            <row number="24">0 0 0 0 0 0 0 0 0 0 0 0 0 0 0 0 0 1 0 0 0 1 0 1 0 0 1 0 1 0 0 0 </row>
            <row number="25">0 0 0 0 0 0 0 0 0 0 0 0 0 0 0 0 1 0 0 0 0 0 0 0 0 1 0 0 1 0 0 1 </row>
            <row number="26">0 1 0 0 0 0 0 0 1 0 1 0 0 0 0 0 0 0 0 0 1 1 0 0 0 0 0 0 0 0 0 1 </row>
            <row number="27">0 0 1 0 0 1 0 0 1 0 0 0 0 0 0 0 0 0 0 0 0 0 0 0 0 0 0 0 0 0 0 0 </row>
            <row number="28">1 0 0 1 1 0 0 0 0 0 0 1 0 0 0 1 0 0 0 1 0 0 0 0 0 0 0 0 0 1 1 1 </row>
            <row number="29">1 0 0 0 0 1 0 0 0 0 1 0 0 0 0 1 0 1 0 1 0 0 0 1 0 0 0 0 0 0 1 1 </row>
            <row number="30">1 1 0 1 0 0 1 1 0 1 0 1 1 0 0 0 0 0 1 0 0 0 0 0 0 0 0 1 0 0 0 0 </row>
            <row number="31">1 1 0 0 0 0 0 0 0 0 0 0 0 0 0 1 0 0 1 0 0 0 0 0 0 0 0 0 1 0 0 0 </row>
        </path>
        <agent id="0" start.x="30" start.y="21" goal.x="6" goal.y="3" size="0.5" movespeed="1" rotationspeed="1">
            <path pathfound="true" runtime="0.0570677" duration="56.759895">
                <section id="0" start.x="30" start.y="21" goal.x="30" goal.y="19" duration="2" g-value="2"/>
                <section id="1" start.x="30" start.y="19" goal.x="28" goal.y="19" duration="2" g-value="4"/>
                <section id="2" start.x="28" start.y="19" goal.x="28" goal.y="11" duration="8" g-value="12"/>
                <section id="3" start.x="28" start.y="11" goal.x="28" goal.y="11" duration="0.14792244" g-value="12.147923"/>
                <section id="4" start.x="28" start.y="11" goal.x="29" goal.y="12" duration="1.4142135" g-value="13.562136"/>
                <section id="5" start.x="29" start.y="12" goal.x="29" goal.y="12" duration="1.5101217" g-value="15.072258"/>
                <section id="6" start.x="29" start.y="12" goal.x="28" goal.y="11" duration="1.4142135" g-value="16.486471"/>
                <section id="7" start.x="28" start.y="11" goal.x="26" goal.y="11" duration="2" g-value="18.486471"/>
                <section id="8" start.x="26" start.y="11" goal.x="26" goal.y="11" duration="0.079999998" g-value="18.566471"/>
                <section id="9" start.x="26" start.y="11" goal.x="25" goal.y="11" duration="1" g-value="19.566471"/>
                <section id="10" start.x="25" start.y="11" goal.x="23" goal.y="9" duration="2.8284271" g-value="22.394897"/>
                <section id="11" start.x="23" start.y="9" goal.x="20" goal.y="8" duration="3.1622777" g-value="25.557177"/>
                <section id="12" start.x="20" start.y="8" goal.x="20" goal.y="6" duration="2" g-value="27.557177"/>
                <section id="13" start.x="20" start.y="6" goal.x="20" goal.y="7" duration="1" g-value="28.557177"/>
                <section id="14" start.x="20" start.y="7" goal.x="18" goal.y="7" duration="2" g-value="30.557177"/>
                <section id="15" start.x="18" start.y="7" goal.x="18" goal.y="7" duration="0.80000001" g-value="31.357176"/>
                <section id="16" start.x="18" start.y="7" goal.x="16" goal.y="5" duration="2.8284271" g-value="34.185604"/>
                <section id="17" start.x="16" start.y="5" goal.x="16" goal.y="3" duration="2" g-value="36.185604"/>
                <section id="18" start.x="16" start.y="3" goal.x="17" goal.y="2" duration="1.4142135" g-value="37.599815"/>
                <section id="19" start.x="17" start.y="2" goal.x="17" goal.y="1" duration="1" g-value="38.599815"/>
                <section id="20" start.x="17" start.y="1" goal.x="17" goal.y="1" duration="2.6879423" g-value="41.287758"/>
                <section id="21" start.x="17" start.y="1" goal.x="17" goal.y="2" duration="1" g-value="42.287758"/>
                <section id="22" start.x="17" start.y="2" goal.x="15" goal.y="2" duration="2" g-value="44.287758"/>
                <section id="23" start.x="15" start.y="2" goal.x="15" goal.y="1" duration="1" g-value="45.287758"/>
                <section id="24" start.x="15" start.y="1" goal.x="13" goal.y="1" duration="2" g-value="47.287758"/>
                <section id="25" start.x="13" start.y="1" goal.x="12" goal.y="3" duration="2.236068" g-value="49.523827"/>
                <section id="26" start.x="12" start.y="3" goal.x="10" goal.y="3" duration="2" g-value="51.523827"/>
                <section id="27" start.x="10" start.y="3" goal.x="8" goal.y="2" duration="2.236068" g-value="53.759895"/>
                <section id="28" start.x="8" start.y="2" goal.x="6" goal.y="2" duration="2" g-value="55.759895"/>
                <section id="29" start.x="6" start.y="2" goal.x="6" goal.y="3" duration="1" g-value="56.759895"/>
            </path>
        </agent>
    </log>
</root>
