<?xml version="1.0" ?>
<root>
    <log>
        <taskfilename>D:/GitHub/AA-SIPP_optimal_2019/Instances/32x32_20/128/215_task.xml</taskfilename>
        <mapfilename>32x32_20.xml</mapfilename>
        <configfilename>config.xml</configfilename>
        <obstaclesfilename>D:/GitHub/AA-SIPP_optimal_2019/Instances/32x32_20/128/215_task_obs.xml</obstaclesfilename>
        <summary runtime="0.0151973" tries="1" agentssolved="1 (100.000000%)" flowtime="39.541496" makespan="39.541496"/>
        <path>
            <row number="0">0 * 0 0 0 0 0 0 0 0 1 0 0 0 0 0 0 1 0 0 0 1 0 1 0 0 0 0 0 0 0 0 </row>
            <row number="1">1 0 * 0 1 0 1 1 0 0 0 0 0 0 0 0 0 0 0 1 0 1 0 0 0 1 0 0 0 0 0 0 </row>
            <row number="2">0 0 * 0 0 0 0 0 0 0 0 0 0 0 1 0 0 0 0 0 0 0 0 1 1 0 0 0 1 0 0 0 </row>
            <row number="3">0 0 0 * 0 1 0 1 0 0 0 0 0 0 0 0 0 0 1 0 0 0 0 0 0 0 0 0 0 1 0 0 </row>
            <row number="4">0 1 1 * 0 0 0 0 0 0 0 0 0 0 1 1 0 1 0 0 0 0 0 0 1 0 0 1 0 0 0 0 </row>
            <row number="5">0 0 0 * 0 0 1 0 0 1 0 1 0 0 1 1 0 0 0 0 0 0 1 0 0 0 0 1 0 0 1 1 </row>
            <row number="6">0 0 * 0 0 0 1 0 0 1 1 0 0 0 0 0 0 0 0 1 0 0 0 0 0 0 0 1 0 0 0 1 </row>
            <row number="7">0 1 * * 0 1 0 0 0 0 0 0 0 0 0 0 0 0 0 0 0 1 1 0 0 0 1 0 0 1 0 0 </row>
            <row number="8">0 0 0 0 * * 1 0 0 0 0 0 0 0 0 0 1 0 0 0 0 0 0 0 1 0 1 0 0 0 0 0 </row>
            <row number="9">0 0 1 0 1 * 0 0 0 0 0 0 0 0 0 0 0 1 0 1 0 0 0 0 0 0 0 1 1 0 0 0 </row>
            <row number="10">1 0 1 0 0 * 0 0 0 0 0 0 1 0 1 0 0 0 0 0 0 0 1 0 0 0 1 0 0 0 0 0 </row>
            <row number="11">0 0 0 0 0 * 0 0 0 0 0 0 1 0 0 0 0 0 1 0 1 0 1 0 0 0 0 0 0 0 1 0 </row>
            <row number="12">0 0 1 0 0 0 * 0 1 0 1 0 1 1 0 1 0 0 0 0 0 0 0 0 0 0 1 0 0 0 0 0 </row>
            <row number="13">0 1 0 0 0 0 * 0 0 0 0 0 0 0 0 0 0 0 1 0 1 0 0 0 0 0 1 0 0 0 1 0 </row>
            <row number="14">0 0 0 1 1 1 * 0 0 0 0 0 0 1 0 0 0 0 0 0 0 0 0 1 0 0 0 0 0 0 0 0 </row>
            <row number="15">0 0 0 0 0 * * 0 1 0 0 0 0 1 0 1 0 1 0 0 1 0 0 0 0 0 0 0 0 0 0 0 </row>
            <row number="16">0 0 1 0 0 * 1 0 0 0 0 0 0 0 0 1 0 0 0 0 1 0 0 1 1 1 0 0 0 0 1 0 </row>
            <row number="17">0 1 0 0 0 * 0 0 1 1 1 0 0 1 0 1 0 0 1 0 1 0 0 1 1 0 0 0 0 1 1 1 </row>
            <row number="18">1 0 0 0 0 * 0 0 0 0 1 0 0 0 0 0 0 0 0 1 0 0 1 0 0 0 0 0 0 1 1 1 </row>
            <row number="19">0 0 0 0 0 * 1 0 0 0 1 0 0 1 0 0 1 0 1 0 0 0 1 0 0 0 1 0 0 0 0 0 </row>
            <row number="20">0 1 0 1 0 * 0 0 0 0 0 0 1 0 0 0 0 0 0 0 0 0 1 1 0 1 0 0 0 1 0 0 </row>
            <row number="21">0 0 0 0 0 * 0 1 0 1 0 0 0 0 0 0 0 0 1 0 0 1 1 1 0 0 1 1 1 0 0 0 </row>
            <row number="22">0 0 1 0 1 * 0 1 0 0 0 0 1 0 0 0 0 0 0 1 0 0 0 0 0 0 0 0 0 0 1 0 </row>
            <row number="23">0 0 0 0 0 * 0 1 0 0 0 0 0 1 0 0 0 0 1 0 0 0 1 0 1 0 1 1 0 0 0 0 </row>
            <row number="24">0 0 0 0 0 0 * * 0 0 0 0 0 0 0 0 0 1 0 0 0 1 0 1 0 0 1 0 1 0 0 0 </row>
            <row number="25">0 0 0 0 0 0 0 0 * * 0 0 0 0 0 0 1 0 0 0 0 0 0 0 0 1 0 0 1 0 0 1 </row>
            <row number="26">0 1 0 0 0 0 0 0 1 * 1 0 0 0 0 0 0 0 0 0 1 1 0 0 0 0 0 0 0 0 0 1 </row>
            <row number="27">0 0 1 0 0 1 0 0 1 * 0 0 0 0 0 0 0 0 0 0 0 0 0 0 0 0 0 0 0 0 0 0 </row>
            <row number="28">1 0 0 1 1 0 0 0 0 * 0 1 0 0 0 1 0 0 0 1 0 0 0 0 0 0 0 0 0 1 1 1 </row>
            <row number="29">1 0 0 0 0 1 0 0 * 0 1 0 0 0 0 1 0 1 0 1 0 0 0 1 0 0 0 0 0 0 1 1 </row>
            <row number="30">1 1 0 1 0 0 1 1 * 1 0 1 1 0 0 0 0 0 1 0 0 0 0 0 0 0 0 1 0 0 0 0 </row>
            <row number="31">1 1 0 0 0 0 0 0 * 0 0 0 0 0 0 1 0 0 1 0 0 0 0 0 0 0 0 0 1 0 0 0 </row>
        </path>
        <agent id="0" start.x="1" start.y="0" goal.x="9" goal.y="31" size="0.5" movespeed="1" rotationspeed="1">
            <path pathfound="true" runtime="0.0130758" duration="39.541496">
                <section id="0" start.x="1" start.y="0" goal.x="3" goal.y="3" duration="3.6055512" g-value="3.6055512"/>
                <section id="1" start.x="3" start.y="3" goal.x="3" goal.y="5" duration="2" g-value="5.6055512"/>
                <section id="2" start.x="3" start.y="5" goal.x="2" goal.y="6" duration="1.4142135" g-value="7.0197649"/>
                <section id="3" start.x="2" start.y="6" goal.x="2" goal.y="7" duration="1" g-value="8.0197649"/>
                <section id="4" start.x="2" start.y="7" goal.x="4" goal.y="8" duration="2.236068" g-value="10.255833"/>
                <section id="5" start.x="4" start.y="8" goal.x="5" goal.y="8" duration="1" g-value="11.255833"/>
                <section id="6" start.x="5" start.y="8" goal.x="5" goal.y="9" duration="1" g-value="12.255833"/>
                <section id="7" start.x="5" start.y="9" goal.x="6" goal.y="13" duration="4.1231055" g-value="16.378939"/>
                <section id="8" start.x="6" start.y="13" goal.x="6" goal.y="13" duration="0.34999999" g-value="16.728939"/>
                <section id="9" start.x="6" start.y="13" goal.x="6" goal.y="15" duration="2" g-value="18.728939"/>
                <section id="10" start.x="6" start.y="15" goal.x="5" goal.y="15" duration="1" g-value="19.728939"/>
                <section id="11" start.x="5" start.y="15" goal.x="5" goal.y="22" duration="7" g-value="26.728939"/>
                <section id="12" start.x="5" start.y="22" goal.x="6" goal.y="24" duration="2.236068" g-value="28.965006"/>
                <section id="13" start.x="6" start.y="24" goal.x="9" goal.y="25" duration="3.1622777" g-value="32.127285"/>
                <section id="14" start.x="9" start.y="25" goal.x="9" goal.y="28" duration="3" g-value="35.127285"/>
                <section id="15" start.x="9" start.y="28" goal.x="8" goal.y="29" duration="1.4142135" g-value="36.541496"/>
                <section id="16" start.x="8" start.y="29" goal.x="8" goal.y="31" duration="2" g-value="38.541496"/>
                <section id="17" start.x="8" start.y="31" goal.x="9" goal.y="31" duration="1" g-value="39.541496"/>
            </path>
        </agent>
    </log>
</root>
