<?xml version="1.0" ?>
<root>
    <log>
        <taskfilename>D:/GitHub/AA-SIPP_optimal_2019/Instances/32x32_20/128/217_task.xml</taskfilename>
        <mapfilename>32x32_20.xml</mapfilename>
        <configfilename>config.xml</configfilename>
        <obstaclesfilename>D:/GitHub/AA-SIPP_optimal_2019/Instances/32x32_20/128/217_task_obs.xml</obstaclesfilename>
        <summary runtime="0.031040501" tries="1" agentssolved="1 (100.000000%)" flowtime="35.046658" makespan="35.046658"/>
        <path>
            <row number="0">0 0 0 0 0 0 0 0 0 0 1 0 0 0 0 0 0 1 0 0 0 1 0 1 0 0 0 0 0 0 0 0 </row>
            <row number="1">1 0 0 0 1 0 1 1 0 0 0 0 0 0 0 0 0 0 0 1 0 1 0 0 0 1 0 0 0 0 0 0 </row>
            <row number="2">0 0 0 0 0 0 0 0 0 0 0 0 0 0 1 0 0 0 0 0 0 0 0 1 1 0 0 0 1 0 0 0 </row>
            <row number="3">0 0 0 0 0 1 0 1 0 0 0 0 0 0 0 0 0 0 1 0 0 0 0 0 0 0 0 0 0 1 0 0 </row>
            <row number="4">0 1 1 0 0 0 0 0 0 0 0 0 0 0 1 1 0 1 0 0 0 0 0 0 1 0 0 1 0 0 0 0 </row>
            <row number="5">0 0 0 0 0 0 1 0 0 1 0 1 0 0 1 1 0 0 0 0 0 0 1 0 0 0 0 1 0 0 1 1 </row>
            <row number="6">0 0 0 0 0 0 1 0 0 1 1 0 0 0 0 0 0 0 0 1 0 0 0 0 0 0 0 1 0 0 0 1 </row>
            <row number="7">0 1 0 0 0 1 0 0 0 0 0 0 0 0 * * 0 0 0 0 0 1 1 0 0 0 1 0 0 1 0 0 </row>
            <row number="8">0 0 0 0 0 0 1 0 0 0 0 * * * * * 1 0 0 0 0 0 0 0 1 0 1 0 0 0 0 0 </row>
            <row number="9">0 0 1 0 1 0 0 0 0 0 0 * 0 0 0 * 0 1 0 1 0 0 0 0 0 0 0 1 1 0 0 0 </row>
            <row number="10">1 0 1 0 0 0 0 0 0 0 0 * 1 0 1 * 0 0 0 0 0 0 1 0 0 0 1 0 0 0 0 0 </row>
            <row number="11">0 0 0 0 0 0 0 0 0 0 0 * 1 0 0 * * * 1 0 1 0 1 0 0 0 0 0 0 0 1 0 </row>
            <row number="12">0 0 1 0 0 0 0 0 1 0 1 0 1 1 0 1 0 * 0 0 0 0 0 0 0 0 1 0 0 0 0 0 </row>
            <row number="13">0 1 0 0 0 0 0 0 0 0 0 0 0 0 0 0 0 * 1 0 1 0 0 0 0 0 1 0 0 0 1 0 </row>
            <row number="14">0 0 0 1 1 1 0 0 0 0 0 0 0 1 0 0 * * 0 0 0 0 0 1 0 0 0 0 0 0 0 0 </row>
            <row number="15">0 0 0 0 0 0 0 0 1 0 0 0 0 1 0 1 * 1 0 0 1 0 0 0 0 0 0 0 0 0 0 0 </row>
            <row number="16">0 0 1 0 0 0 1 0 0 0 0 0 0 0 0 1 * 0 0 0 1 0 0 1 1 1 0 0 0 0 1 0 </row>
            <row number="17">0 1 0 0 0 0 0 0 1 1 1 0 0 1 0 1 * 0 1 0 1 0 0 1 1 0 0 0 0 1 1 1 </row>
            <row number="18">1 0 0 0 0 0 0 0 0 0 1 0 0 0 0 0 * * 0 1 0 0 1 0 0 0 0 0 0 1 1 1 </row>
            <row number="19">0 0 0 0 0 0 1 0 0 0 1 0 0 1 0 0 1 * 1 0 0 0 1 0 0 0 1 0 0 0 0 0 </row>
            <row number="20">0 1 0 1 0 0 0 0 0 0 0 0 1 0 0 0 0 * 0 0 0 0 1 1 0 1 0 0 0 1 0 0 </row>
            <row number="21">0 0 0 0 0 0 0 1 0 1 0 0 0 0 0 0 0 * 1 0 0 1 1 1 0 0 1 1 1 0 0 0 </row>
            <row number="22">0 0 1 0 1 0 0 1 0 0 0 0 1 0 0 0 * 0 0 1 0 0 0 0 0 0 0 0 0 0 1 0 </row>
            <row number="23">0 0 0 0 0 0 0 1 0 0 0 0 0 1 0 0 * 0 1 0 0 0 1 0 1 0 1 1 0 0 0 0 </row>
            <row number="24">0 0 0 0 0 0 0 0 0 0 0 0 0 0 0 0 0 1 0 0 0 1 0 1 0 0 1 0 1 0 0 0 </row>
            <row number="25">0 0 0 0 0 0 0 0 0 0 0 0 0 0 0 0 1 0 0 0 0 0 0 0 0 1 0 0 1 0 0 1 </row>
            <row number="26">0 1 0 0 0 0 0 0 1 0 1 0 0 0 0 0 0 0 0 0 1 1 0 0 0 0 0 0 0 0 0 1 </row>
            <row number="27">0 0 1 0 0 1 0 0 1 0 0 0 0 0 0 0 0 0 0 0 0 0 0 0 0 0 0 0 0 0 0 0 </row>
            <row number="28">1 0 0 1 1 0 0 0 0 0 0 1 0 0 0 1 0 0 0 1 0 0 0 0 0 0 0 0 0 1 1 1 </row>
            <row number="29">1 0 0 0 0 1 0 0 0 0 1 0 0 0 0 1 0 1 0 1 0 0 0 1 0 0 0 0 0 0 1 1 </row>
            <row number="30">1 1 0 1 0 0 1 1 0 1 0 1 1 0 0 0 0 0 1 0 0 0 0 0 0 0 0 1 0 0 0 0 </row>
            <row number="31">1 1 0 0 0 0 0 0 0 0 0 0 0 0 0 1 0 0 1 0 0 0 0 0 0 0 0 0 1 0 0 0 </row>
        </path>
        <agent id="0" start.x="11" start.y="11" goal.x="15" goal.y="24" size="0.5" movespeed="1" rotationspeed="1">
            <path pathfound="true" runtime="0.0289574" duration="35.046658">
                <section id="0" start.x="11" start.y="11" goal.x="11" goal.y="8" duration="3" g-value="3"/>
                <section id="1" start.x="11" start.y="8" goal.x="14" goal.y="8" duration="3" g-value="6"/>
                <section id="2" start.x="14" start.y="8" goal.x="14" goal.y="7" duration="1" g-value="7"/>
                <section id="3" start.x="14" start.y="7" goal.x="15" goal.y="7" duration="1" g-value="8"/>
                <section id="4" start.x="15" start.y="7" goal.x="15" goal.y="7" duration="3.1570196" g-value="11.15702"/>
                <section id="5" start.x="15" start.y="7" goal.x="15" goal.y="9" duration="2" g-value="13.15702"/>
                <section id="6" start.x="15" start.y="9" goal.x="15" goal.y="9" duration="1.3976891" g-value="14.554708"/>
                <section id="7" start.x="15" start.y="9" goal.x="15" goal.y="10" duration="1" g-value="15.554708"/>
                <section id="8" start.x="15" start.y="10" goal.x="15" goal.y="11" duration="1" g-value="16.554708"/>
                <section id="9" start.x="15" start.y="11" goal.x="15" goal.y="11" duration="0.93981367" g-value="17.494522"/>
                <section id="10" start.x="15" start.y="11" goal.x="16" goal.y="11" duration="1" g-value="18.494522"/>
                <section id="11" start.x="16" start.y="11" goal.x="17" goal.y="11" duration="1" g-value="19.494522"/>
                <section id="12" start.x="17" start.y="11" goal.x="17" goal.y="11" duration="0.079999998" g-value="19.574522"/>
                <section id="13" start.x="17" start.y="11" goal.x="17" goal.y="14" duration="3" g-value="22.574522"/>
                <section id="14" start.x="17" start.y="14" goal.x="16" goal.y="14" duration="1" g-value="23.574522"/>
                <section id="15" start.x="16" start.y="14" goal.x="16" goal.y="18" duration="4" g-value="27.574522"/>
                <section id="16" start.x="16" start.y="18" goal.x="17" goal.y="18" duration="1" g-value="28.574522"/>
                <section id="17" start.x="17" start.y="18" goal.x="17" goal.y="20" duration="2" g-value="30.574522"/>
                <section id="18" start.x="17" start.y="20" goal.x="15" goal.y="24" duration="4.472136" g-value="35.046658"/>
            </path>
        </agent>
    </log>
</root>
