<?xml version="1.0" ?>
<root>
    <log>
        <taskfilename>D:/GitHub/AA-SIPP_optimal_2019/Instances/32x32_20/128/21_task.xml</taskfilename>
        <mapfilename>32x32_20.xml</mapfilename>
        <configfilename>config.xml</configfilename>
        <obstaclesfilename>D:/GitHub/AA-SIPP_optimal_2019/Instances/32x32_20/128/21_task_obs.xml</obstaclesfilename>
        <summary runtime="0.038387399" tries="1" agentssolved="1 (100.000000%)" flowtime="44.47427" makespan="44.47427"/>
        <path>
            <row number="0">0 0 0 0 0 0 0 0 0 0 1 0 0 0 0 0 0 1 0 0 0 1 0 1 0 0 0 0 0 0 0 0 </row>
            <row number="1">1 0 0 0 1 0 1 1 0 0 0 0 0 0 0 0 0 0 0 1 0 1 0 0 0 1 0 0 0 0 0 0 </row>
            <row number="2">0 0 0 0 0 0 0 0 0 0 0 0 0 0 1 0 0 0 0 0 0 0 0 1 1 0 0 0 1 0 0 0 </row>
            <row number="3">0 0 0 0 0 1 0 1 0 0 0 0 0 0 0 0 0 0 1 0 0 0 0 0 0 0 0 0 0 1 0 0 </row>
            <row number="4">0 1 1 0 0 0 0 0 0 0 0 0 0 0 1 1 0 1 0 0 0 0 0 0 1 0 0 1 0 0 0 0 </row>
            <row number="5">0 0 0 0 0 0 1 0 0 1 0 1 0 0 1 1 0 0 0 0 0 0 1 0 0 0 0 1 0 0 1 1 </row>
            <row number="6">0 0 0 0 0 0 1 0 0 1 1 0 0 0 0 0 0 0 0 1 0 0 0 0 0 0 0 1 0 0 0 1 </row>
            <row number="7">0 1 0 0 0 1 0 0 0 0 0 0 0 0 0 0 0 0 0 0 0 1 1 0 0 0 1 0 0 1 0 0 </row>
            <row number="8">0 0 0 0 0 0 1 0 0 0 0 0 0 0 0 0 1 0 0 0 0 0 0 0 1 0 1 0 0 0 0 0 </row>
            <row number="9">0 0 1 0 1 0 0 0 0 0 0 0 0 0 0 0 0 1 0 1 0 0 0 0 0 0 0 1 1 0 0 0 </row>
            <row number="10">1 0 1 0 0 0 0 0 0 0 0 0 1 0 1 0 0 0 0 0 0 0 1 0 0 0 1 0 0 0 0 0 </row>
            <row number="11">0 0 0 0 0 0 0 0 0 0 0 0 1 0 0 0 0 0 1 0 1 0 1 0 0 0 0 0 0 0 1 0 </row>
            <row number="12">0 0 1 0 0 0 0 0 1 0 1 0 1 1 0 1 0 0 0 0 0 0 0 0 0 0 1 0 0 0 0 0 </row>
            <row number="13">0 1 0 0 0 0 0 0 0 0 0 0 0 0 0 0 0 0 1 0 1 0 0 0 0 0 1 0 0 0 1 0 </row>
            <row number="14">0 0 0 1 1 1 0 0 0 0 0 0 0 1 0 0 0 0 0 0 0 0 0 1 0 0 0 0 0 0 0 0 </row>
            <row number="15">0 0 0 0 0 0 0 0 1 0 0 0 0 1 * 1 0 1 0 0 1 0 0 0 0 0 0 0 0 0 0 0 </row>
            <row number="16">0 0 1 0 0 0 1 0 0 0 0 0 0 0 * 1 0 0 0 0 1 0 0 1 1 1 0 0 0 0 1 0 </row>
            <row number="17">0 1 0 0 0 0 0 0 1 1 1 0 0 1 * 1 0 0 1 0 1 0 0 1 1 0 0 0 0 1 1 1 </row>
            <row number="18">1 0 0 0 0 0 0 0 0 0 1 0 0 0 * * * * 0 1 0 0 1 0 0 0 0 0 0 1 1 1 </row>
            <row number="19">0 0 0 0 0 0 1 0 0 0 1 0 0 1 0 0 1 * 1 0 0 0 1 0 0 0 1 0 0 0 0 0 </row>
            <row number="20">0 1 0 1 0 0 0 0 0 0 0 0 1 0 0 0 0 * 0 0 0 0 1 1 0 1 0 0 0 1 0 0 </row>
            <row number="21">0 0 0 0 0 0 0 1 0 1 0 0 0 0 0 0 0 * 1 0 0 1 1 1 0 0 1 1 1 0 0 0 </row>
            <row number="22">0 0 1 0 1 0 0 1 0 0 0 0 1 0 0 0 * 0 0 1 0 0 0 0 0 0 0 0 0 0 1 0 </row>
            <row number="23">0 0 0 0 0 0 0 1 0 0 0 0 0 1 0 0 * 0 1 0 0 0 1 0 1 0 1 1 0 0 0 0 </row>
            <row number="24">0 0 0 0 0 0 0 0 0 0 0 0 0 0 0 * 0 1 0 0 0 1 0 1 0 0 1 0 1 0 0 0 </row>
            <row number="25">0 0 0 0 0 0 0 0 0 0 0 0 0 0 0 * 1 0 0 0 0 0 0 0 0 1 0 0 1 0 0 1 </row>
            <row number="26">0 1 0 0 0 0 0 0 1 0 1 0 0 0 0 * 0 0 0 0 1 1 0 0 0 0 0 0 0 0 0 1 </row>
            <row number="27">0 0 1 0 0 1 0 0 1 0 0 0 0 0 * * * * * * * 0 0 0 0 0 0 0 0 0 0 0 </row>
            <row number="28">1 0 0 1 1 0 0 0 0 0 0 1 0 0 * 1 0 0 0 1 0 * 0 0 0 0 0 0 0 1 1 1 </row>
            <row number="29">1 0 0 0 0 1 0 0 0 0 1 0 0 0 0 1 0 1 0 1 0 * 0 1 0 0 0 0 0 0 1 1 </row>
            <row number="30">1 1 0 1 0 0 1 1 0 1 0 1 1 0 0 0 0 0 1 0 0 * 0 0 0 0 0 1 0 0 0 0 </row>
            <row number="31">1 1 0 0 0 0 0 0 0 0 0 0 0 0 0 1 0 0 1 0 0 0 0 0 0 0 0 0 1 0 0 0 </row>
        </path>
        <agent id="0" start.x="14" start.y="15" goal.x="21" goal.y="31" size="0.5" movespeed="1" rotationspeed="1">
            <path pathfound="true" runtime="0.033398502" duration="44.47427">
                <section id="0" start.x="14" start.y="15" goal.x="14" goal.y="15" duration="12.109019" g-value="12.109019"/>
                <section id="1" start.x="14" start.y="15" goal.x="14" goal.y="17" duration="2" g-value="14.109019"/>
                <section id="2" start.x="14" start.y="17" goal.x="14" goal.y="17" duration="0.02" g-value="14.12902"/>
                <section id="3" start.x="14" start.y="17" goal.x="14" goal.y="18" duration="1" g-value="15.12902"/>
                <section id="4" start.x="14" start.y="18" goal.x="14" goal.y="18" duration="0.42568919" g-value="15.554708"/>
                <section id="5" start.x="14" start.y="18" goal.x="16" goal.y="18" duration="2" g-value="17.554708"/>
                <section id="6" start.x="16" start.y="18" goal.x="17" goal.y="18" duration="1" g-value="18.554708"/>
                <section id="7" start.x="17" start.y="18" goal.x="17" goal.y="20" duration="2" g-value="20.554708"/>
                <section id="8" start.x="17" start.y="20" goal.x="15" goal.y="24" duration="4.472136" g-value="25.026844"/>
                <section id="9" start.x="15" start.y="24" goal.x="15" goal.y="24" duration="0.34999999" g-value="25.376844"/>
                <section id="10" start.x="15" start.y="24" goal.x="15" goal.y="26" duration="2" g-value="27.376844"/>
                <section id="11" start.x="15" start.y="26" goal.x="15" goal.y="26" duration="1.2605979" g-value="28.637442"/>
                <section id="12" start.x="15" start.y="26" goal.x="14" goal.y="27" duration="1.4142135" g-value="30.051657"/>
                <section id="13" start.x="14" start.y="27" goal.x="14" goal.y="28" duration="1" g-value="31.051657"/>
                <section id="14" start.x="14" start.y="28" goal.x="14" goal.y="28" duration="1.1484019" g-value="32.200058"/>
                <section id="15" start.x="14" start.y="28" goal.x="14" goal.y="27" duration="1" g-value="33.200058"/>
                <section id="16" start.x="14" start.y="27" goal.x="14" goal.y="27" duration="0.86000001" g-value="34.060059"/>
                <section id="17" start.x="14" start.y="27" goal.x="20" goal.y="27" duration="6" g-value="40.060059"/>
                <section id="18" start.x="20" start.y="27" goal.x="21" goal.y="28" duration="1.4142135" g-value="41.47427"/>
                <section id="19" start.x="21" start.y="28" goal.x="21" goal.y="31" duration="3" g-value="44.47427"/>
            </path>
        </agent>
    </log>
</root>
