<?xml version="1.0" ?>
<root>
    <log>
        <taskfilename>D:/GitHub/AA-SIPP_optimal_2019/Instances/32x32_20/128/220_task.xml</taskfilename>
        <mapfilename>32x32_20.xml</mapfilename>
        <configfilename>config.xml</configfilename>
        <obstaclesfilename>D:/GitHub/AA-SIPP_optimal_2019/Instances/32x32_20/128/220_task_obs.xml</obstaclesfilename>
        <summary runtime="0.0348798" tries="1" agentssolved="1 (100.000000%)" flowtime="48.966045" makespan="48.966045"/>
        <path>
            <row number="0">0 0 0 0 0 0 0 0 0 0 1 0 0 0 0 0 0 1 0 0 0 1 0 1 0 0 0 0 0 0 0 0 </row>
            <row number="1">1 0 0 0 1 0 1 1 0 0 0 0 0 0 0 0 0 0 0 1 0 1 0 0 0 1 0 0 0 0 0 0 </row>
            <row number="2">0 0 0 0 0 0 0 0 0 0 0 0 0 0 1 0 0 0 0 0 0 0 0 1 1 0 0 0 1 0 0 0 </row>
            <row number="3">0 0 0 0 0 1 0 1 0 0 0 0 0 0 0 0 0 0 1 0 0 0 0 0 0 0 0 0 0 1 0 0 </row>
            <row number="4">0 1 1 0 0 0 0 0 0 0 0 0 0 0 1 1 0 1 0 0 0 0 0 0 1 0 0 1 0 0 0 0 </row>
            <row number="5">0 0 0 0 0 0 1 0 0 1 0 1 0 0 1 1 0 0 0 0 0 0 1 0 0 0 0 1 0 0 1 1 </row>
            <row number="6">0 0 0 0 0 0 1 0 0 1 1 0 0 0 0 0 0 0 0 1 0 0 0 0 0 0 0 1 0 0 0 1 </row>
            <row number="7">0 1 0 0 0 1 0 0 0 0 0 0 0 0 0 0 0 0 0 0 0 1 1 0 0 0 1 0 0 1 0 0 </row>
            <row number="8">0 0 0 0 0 0 1 0 0 0 0 0 0 0 0 0 1 0 0 0 0 0 0 0 1 0 1 0 0 0 0 0 </row>
            <row number="9">0 0 1 0 1 0 0 0 0 0 0 0 0 0 0 0 0 1 0 1 0 0 0 0 0 0 0 1 1 0 0 0 </row>
            <row number="10">1 0 1 0 0 0 0 0 0 0 0 0 1 0 1 0 0 0 0 0 0 0 1 0 0 0 1 0 0 0 0 0 </row>
            <row number="11">0 0 0 0 0 0 0 0 0 0 0 0 1 0 0 0 0 0 1 0 1 0 1 0 0 0 0 0 0 0 1 0 </row>
            <row number="12">0 0 1 0 0 0 0 0 1 0 1 0 1 1 0 1 * * * * 0 0 0 0 0 0 1 0 0 0 0 0 </row>
            <row number="13">0 1 0 0 0 0 0 0 0 0 * * * * * 0 * 0 1 0 1 0 0 0 0 0 1 0 0 0 1 0 </row>
            <row number="14">0 0 0 1 1 1 0 0 0 0 * 0 0 1 0 * * 0 0 0 0 0 0 1 0 0 0 0 0 0 0 0 </row>
            <row number="15">0 0 0 0 0 0 0 0 1 * 0 0 0 1 0 1 0 1 0 0 1 0 0 0 0 0 0 0 0 0 0 0 </row>
            <row number="16">0 0 1 0 0 0 1 * * * 0 0 0 0 0 1 0 0 0 0 1 0 0 1 1 1 0 0 0 0 1 0 </row>
            <row number="17">0 1 0 0 0 0 0 * 1 1 1 0 0 1 0 1 0 0 1 0 1 0 0 1 1 0 0 0 0 1 1 1 </row>
            <row number="18">1 0 0 0 0 0 0 * 0 0 1 0 0 0 0 0 0 0 0 1 0 0 1 0 0 0 0 0 0 1 1 1 </row>
            <row number="19">0 0 0 0 0 0 1 0 * 0 1 0 0 1 0 0 1 0 1 0 0 0 1 0 0 0 1 0 0 0 0 0 </row>
            <row number="20">0 1 0 1 0 0 0 0 * 0 0 0 1 0 0 0 0 0 0 0 0 0 1 1 0 1 0 0 0 1 0 0 </row>
            <row number="21">0 0 0 0 0 0 0 1 * 1 0 0 0 0 0 0 0 0 1 0 0 1 1 1 0 0 1 1 1 0 0 0 </row>
            <row number="22">0 0 1 0 1 0 0 1 * 0 0 0 1 0 0 0 0 0 0 1 0 0 0 0 0 0 0 0 0 0 1 0 </row>
            <row number="23">0 0 0 0 0 0 0 1 0 * 0 0 0 1 0 0 0 0 1 0 0 0 1 0 1 0 1 1 0 0 0 0 </row>
            <row number="24">0 0 0 0 0 0 0 0 0 * 0 0 0 0 0 0 0 1 0 0 0 1 0 1 0 0 1 0 1 0 0 0 </row>
            <row number="25">0 0 0 0 0 0 0 0 0 * 0 0 0 0 0 0 1 0 0 0 0 0 0 0 0 1 0 0 1 0 0 1 </row>
            <row number="26">0 1 0 0 0 0 0 0 1 * 1 0 0 0 0 0 0 0 0 0 1 1 0 0 0 0 0 0 0 0 0 1 </row>
            <row number="27">0 0 1 0 0 1 0 0 1 * * * * 0 0 0 0 0 0 0 0 0 0 0 0 0 0 0 0 0 0 0 </row>
            <row number="28">1 0 0 1 1 0 0 0 0 0 0 1 * 0 0 1 0 0 0 1 0 0 0 0 0 0 0 0 0 1 1 1 </row>
            <row number="29">1 0 0 0 0 1 0 0 0 0 1 * * 0 0 1 0 1 0 1 0 0 0 1 0 0 0 0 0 0 1 1 </row>
            <row number="30">1 1 0 1 0 0 1 1 0 1 0 1 1 0 0 0 0 0 1 0 0 0 0 0 0 0 0 1 0 0 0 0 </row>
            <row number="31">1 1 0 0 0 0 0 0 0 0 0 0 0 0 0 1 0 0 1 0 0 0 0 0 0 0 0 0 1 0 0 0 </row>
        </path>
        <agent id="0" start.x="11" start.y="29" goal.x="19" goal.y="11" size="0.5" movespeed="1" rotationspeed="1">
            <path pathfound="true" runtime="0.032778699" duration="48.966045">
                <section id="0" start.x="11" start.y="29" goal.x="11" goal.y="29" duration="4.246068" g-value="4.246068"/>
                <section id="1" start.x="11" start.y="29" goal.x="12" goal.y="29" duration="1" g-value="5.246068"/>
                <section id="2" start.x="12" start.y="29" goal.x="12" goal.y="29" duration="0.2184305" g-value="5.4644985"/>
                <section id="3" start.x="12" start.y="29" goal.x="12" goal.y="27" duration="2" g-value="7.4644985"/>
                <section id="4" start.x="12" start.y="27" goal.x="9" goal.y="27" duration="3" g-value="10.464499"/>
                <section id="5" start.x="9" start.y="27" goal.x="9" goal.y="26" duration="1" g-value="11.464499"/>
                <section id="6" start.x="9" start.y="26" goal.x="9" goal.y="26" duration="7.0620046" g-value="18.526503"/>
                <section id="7" start.x="9" start.y="26" goal.x="9" goal.y="24" duration="2" g-value="20.526503"/>
                <section id="8" start.x="9" start.y="24" goal.x="9" goal.y="24" duration="0.11814559" g-value="20.644648"/>
                <section id="9" start.x="9" start.y="24" goal.x="8" goal.y="22" duration="2.236068" g-value="22.880716"/>
                <section id="10" start.x="8" start.y="22" goal.x="8" goal.y="22" duration="0.92690194" g-value="23.807619"/>
                <section id="11" start.x="8" start.y="22" goal.x="8" goal.y="19" duration="3" g-value="26.807619"/>
                <section id="12" start.x="8" start.y="19" goal.x="7" goal.y="18" duration="1.4142135" g-value="28.221832"/>
                <section id="13" start.x="7" start.y="18" goal.x="7" goal.y="18" duration="0.33000001" g-value="28.551832"/>
                <section id="14" start.x="7" start.y="18" goal.x="7" goal.y="16" duration="2" g-value="30.551832"/>
                <section id="15" start.x="7" start.y="16" goal.x="9" goal.y="16" duration="2" g-value="32.55183"/>
                <section id="16" start.x="9" start.y="16" goal.x="9" goal.y="15" duration="1" g-value="33.55183"/>
                <section id="17" start.x="9" start.y="15" goal.x="10" goal.y="14" duration="1.4142135" g-value="34.966045"/>
                <section id="18" start.x="10" start.y="14" goal.x="10" goal.y="13" duration="1" g-value="35.966045"/>
                <section id="19" start.x="10" start.y="13" goal.x="10" goal.y="13" duration="0.5857864" g-value="36.55183"/>
                <section id="20" start.x="10" start.y="13" goal.x="14" goal.y="13" duration="4" g-value="40.55183"/>
                <section id="21" start.x="14" start.y="13" goal.x="15" goal.y="14" duration="1.4142135" g-value="41.966045"/>
                <section id="22" start.x="15" start.y="14" goal.x="16" goal.y="14" duration="1" g-value="42.966045"/>
                <section id="23" start.x="16" start.y="14" goal.x="16" goal.y="12" duration="2" g-value="44.966045"/>
                <section id="24" start.x="16" start.y="12" goal.x="19" goal.y="12" duration="3" g-value="47.966045"/>
                <section id="25" start.x="19" start.y="12" goal.x="19" goal.y="11" duration="1" g-value="48.966045"/>
            </path>
        </agent>
    </log>
</root>
