<?xml version="1.0" ?>
<root>
    <log>
        <taskfilename>D:/GitHub/AA-SIPP_optimal_2019/Instances/32x32_20/128/221_task.xml</taskfilename>
        <mapfilename>32x32_20.xml</mapfilename>
        <configfilename>config.xml</configfilename>
        <obstaclesfilename>D:/GitHub/AA-SIPP_optimal_2019/Instances/32x32_20/128/221_task_obs.xml</obstaclesfilename>
        <summary runtime="0.043682098" tries="1" agentssolved="1 (100.000000%)" flowtime="46.727337" makespan="46.727337"/>
        <path>
            <row number="0">0 0 0 0 0 0 0 0 0 0 1 0 0 0 0 0 0 1 0 0 0 1 0 1 0 0 0 0 0 0 0 0 </row>
            <row number="1">1 0 0 0 1 0 1 1 0 0 0 0 0 0 0 0 0 0 0 1 0 1 0 0 0 1 0 0 0 0 0 0 </row>
            <row number="2">0 0 0 0 0 0 0 0 0 0 0 0 0 0 1 0 0 0 0 0 0 0 0 1 1 0 0 0 1 0 0 0 </row>
            <row number="3">0 0 0 0 0 1 0 1 0 0 0 0 0 0 0 0 0 0 1 0 0 0 0 0 0 0 0 0 0 1 0 0 </row>
            <row number="4">0 1 1 0 0 0 0 0 0 0 0 0 0 0 1 1 0 1 0 0 0 0 0 0 1 0 0 1 0 0 0 0 </row>
            <row number="5">0 0 0 0 0 0 1 0 0 1 0 1 0 0 1 1 0 0 0 0 0 0 1 0 0 0 0 1 0 0 1 1 </row>
            <row number="6">0 0 0 0 0 0 1 0 0 1 1 0 0 0 0 0 0 0 0 1 0 0 0 0 0 0 0 1 0 0 0 1 </row>
            <row number="7">0 1 0 0 0 1 0 0 0 0 0 0 0 0 0 0 0 0 0 0 0 1 1 0 0 0 1 0 0 1 0 0 </row>
            <row number="8">0 0 0 0 0 0 1 0 0 0 0 0 0 0 0 0 1 0 0 0 0 0 0 0 1 0 1 0 0 0 0 0 </row>
            <row number="9">0 0 1 0 1 0 0 0 0 * * * * * 0 0 0 1 0 1 0 0 0 0 0 0 0 1 1 0 0 0 </row>
            <row number="10">1 0 1 0 0 0 0 0 0 0 0 0 1 * 1 0 0 0 0 0 0 0 1 0 0 0 1 0 0 0 0 0 </row>
            <row number="11">0 0 0 0 0 0 0 0 0 0 0 0 1 * * * * 0 1 0 1 0 1 0 0 0 0 0 0 0 1 0 </row>
            <row number="12">0 0 1 0 0 0 0 0 1 0 1 0 1 1 0 1 * 0 0 0 0 0 0 0 0 0 1 0 0 0 0 0 </row>
            <row number="13">0 1 0 0 0 0 0 0 0 0 0 0 0 0 0 0 * 0 1 0 1 0 0 0 0 0 1 0 0 0 1 0 </row>
            <row number="14">0 0 0 1 1 1 0 0 0 0 0 0 0 1 0 * * 0 0 * * * 0 1 0 0 0 0 0 0 0 0 </row>
            <row number="15">0 0 0 0 0 0 0 0 1 0 0 0 0 1 0 1 * 1 * 0 1 0 * * * * * 0 0 0 0 0 </row>
            <row number="16">0 0 1 0 0 0 1 0 0 0 0 0 0 0 0 1 * * * * 1 0 0 1 1 1 * 0 0 0 1 0 </row>
            <row number="17">0 1 0 0 0 0 0 0 1 1 1 0 0 1 0 1 0 0 1 * 1 0 0 1 1 0 * 0 0 1 1 1 </row>
            <row number="18">1 0 0 0 0 0 0 0 0 0 1 0 0 0 0 0 0 0 0 1 0 0 1 0 0 0 * 0 0 1 1 1 </row>
            <row number="19">0 0 0 0 0 0 1 0 0 0 1 0 0 1 0 0 1 0 1 0 0 0 1 0 0 0 1 0 0 0 0 0 </row>
            <row number="20">0 1 0 1 0 0 0 0 0 0 0 0 1 0 0 0 0 0 0 0 0 0 1 1 0 1 0 0 0 1 0 0 </row>
            <row number="21">0 0 0 0 0 0 0 1 0 1 0 0 0 0 0 0 0 0 1 0 0 1 1 1 0 0 1 1 1 0 0 0 </row>
            <row number="22">0 0 1 0 1 0 0 1 0 0 0 0 1 0 0 0 0 0 0 1 0 0 0 0 0 0 0 0 0 0 1 0 </row>
            <row number="23">0 0 0 0 0 0 0 1 0 0 0 0 0 1 0 0 0 0 1 0 0 0 1 0 1 0 1 1 0 0 0 0 </row>
            <row number="24">0 0 0 0 0 0 0 0 0 0 0 0 0 0 0 0 0 1 0 0 0 1 0 1 0 0 1 0 1 0 0 0 </row>
            <row number="25">0 0 0 0 0 0 0 0 0 0 0 0 0 0 0 0 1 0 0 0 0 0 0 0 0 1 0 0 1 0 0 1 </row>
            <row number="26">0 1 0 0 0 0 0 0 1 0 1 0 0 0 0 0 0 0 0 0 1 1 0 0 0 0 0 0 0 0 0 1 </row>
            <row number="27">0 0 1 0 0 1 0 0 1 0 0 0 0 0 0 0 0 0 0 0 0 0 0 0 0 0 0 0 0 0 0 0 </row>
            <row number="28">1 0 0 1 1 0 0 0 0 0 0 1 0 0 0 1 0 0 0 1 0 0 0 0 0 0 0 0 0 1 1 1 </row>
            <row number="29">1 0 0 0 0 1 0 0 0 0 1 0 0 0 0 1 0 1 0 1 0 0 0 1 0 0 0 0 0 0 1 1 </row>
            <row number="30">1 1 0 1 0 0 1 1 0 1 0 1 1 0 0 0 0 0 1 0 0 0 0 0 0 0 0 1 0 0 0 0 </row>
            <row number="31">1 1 0 0 0 0 0 0 0 0 0 0 0 0 0 1 0 0 1 0 0 0 0 0 0 0 0 0 1 0 0 0 </row>
        </path>
        <agent id="0" start.x="26" start.y="18" goal.x="8" goal.y="9" size="0.5" movespeed="1" rotationspeed="1">
            <path pathfound="true" runtime="0.041496798" duration="46.727337">
                <section id="0" start.x="26" start.y="18" goal.x="26" goal.y="18" duration="4.0288544" g-value="4.0288544"/>
                <section id="1" start.x="26" start.y="18" goal.x="26" goal.y="15" duration="3" g-value="7.0288544"/>
                <section id="2" start.x="26" start.y="15" goal.x="22" goal.y="15" duration="4" g-value="11.028854"/>
                <section id="3" start.x="22" start.y="15" goal.x="22" goal.y="15" duration="0.13221335" g-value="11.161068"/>
                <section id="4" start.x="22" start.y="15" goal.x="21" goal.y="14" duration="1.4142135" g-value="12.575281"/>
                <section id="5" start.x="21" start.y="14" goal.x="19" goal.y="14" duration="2" g-value="14.575281"/>
                <section id="6" start.x="19" start.y="14" goal.x="18" goal.y="15" duration="1.4142135" g-value="15.989495"/>
                <section id="7" start.x="18" start.y="15" goal.x="19" goal.y="16" duration="1.4142135" g-value="17.403708"/>
                <section id="8" start.x="19" start.y="16" goal.x="19" goal.y="17" duration="1" g-value="18.403708"/>
                <section id="9" start.x="19" start.y="17" goal.x="19" goal.y="17" duration="2.6911283" g-value="21.094837"/>
                <section id="10" start.x="19" start.y="17" goal.x="19" goal.y="16" duration="1" g-value="22.094837"/>
                <section id="11" start.x="19" start.y="16" goal.x="19" goal.y="16" duration="0.30000001" g-value="22.394836"/>
                <section id="12" start.x="19" start.y="16" goal.x="16" goal.y="16" duration="3" g-value="25.394836"/>
                <section id="13" start.x="16" start.y="16" goal.x="16" goal.y="16" duration="2.5015128" g-value="27.896349"/>
                <section id="14" start.x="16" start.y="16" goal.x="16" goal.y="14" duration="2" g-value="29.896349"/>
                <section id="15" start.x="16" start.y="14" goal.x="15" goal.y="14" duration="1" g-value="30.896349"/>
                <section id="16" start.x="15" start.y="14" goal.x="15" goal.y="14" duration="1.8040282" g-value="32.700378"/>
                <section id="17" start.x="15" start.y="14" goal.x="16" goal.y="13" duration="1.4142135" g-value="34.11459"/>
                <section id="18" start.x="16" start.y="13" goal.x="16" goal.y="11" duration="2" g-value="36.11459"/>
                <section id="19" start.x="16" start.y="11" goal.x="13" goal.y="11" duration="3" g-value="39.11459"/>
                <section id="20" start.x="13" start.y="11" goal.x="13" goal.y="9" duration="2" g-value="41.11459"/>
                <section id="21" start.x="13" start.y="9" goal.x="13" goal.y="9" duration="0.61274445" g-value="41.727337"/>
                <section id="22" start.x="13" start.y="9" goal.x="12" goal.y="9" duration="1" g-value="42.727337"/>
                <section id="23" start.x="12" start.y="9" goal.x="8" goal.y="9" duration="4" g-value="46.727337"/>
            </path>
        </agent>
    </log>
</root>
