<?xml version="1.0" ?>
<root>
    <log>
        <taskfilename>D:/GitHub/AA-SIPP_optimal_2019/Instances/32x32_20/128/225_task.xml</taskfilename>
        <mapfilename>32x32_20.xml</mapfilename>
        <configfilename>config.xml</configfilename>
        <obstaclesfilename>D:/GitHub/AA-SIPP_optimal_2019/Instances/32x32_20/128/225_task_obs.xml</obstaclesfilename>
        <summary runtime="0.0197111" tries="1" agentssolved="1 (100.000000%)" flowtime="42.399231" makespan="42.399231"/>
        <path>
            <row number="0">0 0 0 0 0 0 0 0 0 0 1 0 0 0 0 0 0 1 0 0 0 1 0 1 0 0 0 0 0 0 0 0 </row>
            <row number="1">1 0 0 0 1 0 1 1 0 0 0 0 0 0 0 0 0 0 0 1 0 1 0 0 0 1 0 0 0 0 0 0 </row>
            <row number="2">0 0 0 0 0 0 0 0 0 0 0 0 0 0 1 0 0 0 0 0 0 0 0 1 1 0 0 0 1 0 0 0 </row>
            <row number="3">0 0 0 0 0 1 0 1 0 0 0 0 0 0 0 0 0 0 1 0 0 0 0 0 0 0 0 0 0 1 0 0 </row>
            <row number="4">0 1 1 0 0 0 0 0 0 0 0 0 0 0 1 1 0 1 0 0 0 0 0 0 1 0 0 1 0 0 0 0 </row>
            <row number="5">0 0 0 0 0 0 1 0 0 1 0 1 0 0 1 1 0 0 0 0 0 0 1 0 0 0 0 1 0 0 1 1 </row>
            <row number="6">0 0 0 0 0 0 1 0 0 1 1 0 0 0 0 0 0 0 0 1 0 0 0 0 0 0 0 1 0 0 0 1 </row>
            <row number="7">0 1 0 0 0 1 0 0 0 0 0 0 0 0 0 0 0 0 0 0 0 1 1 0 0 0 1 0 0 1 0 0 </row>
            <row number="8">0 0 0 0 0 0 1 0 0 0 0 0 0 0 0 0 1 0 0 0 0 0 0 0 1 0 1 0 0 0 0 0 </row>
            <row number="9">0 0 1 0 1 0 0 0 0 0 0 0 0 0 0 0 0 1 0 1 0 0 0 0 0 0 0 1 1 0 0 0 </row>
            <row number="10">1 0 1 0 0 0 0 0 0 0 0 0 1 0 1 0 0 0 0 0 0 0 1 0 0 0 1 0 0 0 0 0 </row>
            <row number="11">0 0 0 0 0 0 0 0 0 0 0 0 1 0 0 0 0 0 1 0 1 0 1 0 0 0 0 0 0 0 1 0 </row>
            <row number="12">0 0 1 0 0 0 0 0 1 0 1 0 1 1 0 1 0 0 0 0 0 0 0 0 0 0 1 0 0 0 0 0 </row>
            <row number="13">0 1 0 0 0 0 0 0 0 0 0 0 0 0 0 0 0 0 1 0 1 0 0 0 0 0 1 0 0 0 1 0 </row>
            <row number="14">0 0 0 1 1 1 0 0 0 0 0 0 0 1 0 0 0 0 0 0 0 0 0 1 0 0 0 0 0 0 0 0 </row>
            <row number="15">0 0 0 0 0 0 0 0 1 0 0 0 0 1 0 1 0 1 0 0 1 0 0 0 0 0 0 0 0 0 0 0 </row>
            <row number="16">0 0 1 0 0 0 1 0 0 0 0 0 0 0 0 1 0 0 0 0 1 0 0 1 1 1 0 0 0 0 1 0 </row>
            <row number="17">0 1 0 0 0 0 0 0 1 1 1 0 0 1 0 1 0 0 1 0 1 0 0 1 1 0 0 0 0 1 1 1 </row>
            <row number="18">1 0 0 0 0 0 0 0 0 0 1 0 0 0 0 0 0 0 0 1 0 0 1 0 0 0 0 0 0 1 1 1 </row>
            <row number="19">0 0 0 0 0 0 1 0 0 0 1 * 0 1 0 0 1 0 1 0 0 0 1 0 0 0 1 0 0 0 0 0 </row>
            <row number="20">0 1 0 1 0 0 0 0 0 0 * * 1 0 0 0 0 0 0 0 0 0 1 1 0 1 0 0 0 1 0 0 </row>
            <row number="21">0 0 0 0 0 0 0 1 0 1 * 0 0 0 0 0 0 0 1 0 0 1 1 1 0 0 1 1 1 0 0 0 </row>
            <row number="22">0 0 1 0 1 0 0 1 0 0 * 0 1 0 0 0 0 0 0 1 0 0 0 0 0 0 0 0 0 0 1 0 </row>
            <row number="23">0 0 0 0 0 0 0 1 0 0 * 0 0 1 0 0 0 0 1 0 0 0 1 0 1 0 1 1 0 0 0 0 </row>
            <row number="24">0 0 0 0 0 0 0 0 0 0 0 * 0 0 0 0 0 1 0 0 0 1 0 1 0 0 1 0 1 0 0 0 </row>
            <row number="25">0 0 0 0 0 0 0 0 0 0 0 * 0 0 0 0 1 0 0 0 0 0 0 0 0 1 * 0 1 0 0 1 </row>
            <row number="26">0 1 0 0 0 0 0 0 1 0 1 * 0 0 0 0 0 0 0 0 1 1 0 0 0 0 * 0 0 0 0 1 </row>
            <row number="27">0 0 1 0 0 1 0 0 1 0 0 0 * * * * * 0 * * * * * * * * * * 0 0 0 0 </row>
            <row number="28">1 0 0 1 1 0 0 0 0 0 0 1 0 0 0 1 * * * 1 0 0 0 0 0 0 0 0 0 1 1 1 </row>
            <row number="29">1 0 0 0 0 1 0 0 0 0 1 0 0 0 0 1 * 1 * 1 0 0 0 1 0 0 0 0 0 0 1 1 </row>
            <row number="30">1 1 0 1 0 0 1 1 0 1 0 1 1 0 0 0 0 0 1 0 0 0 0 0 0 0 0 1 0 0 0 0 </row>
            <row number="31">1 1 0 0 0 0 0 0 0 0 0 0 0 0 0 1 0 0 1 0 0 0 0 0 0 0 0 0 1 0 0 0 </row>
        </path>
        <agent id="0" start.x="26" start.y="25" goal.x="11" goal.y="18" size="0.5" movespeed="1" rotationspeed="1">
            <path pathfound="true" runtime="0.0176589" duration="42.399231">
                <section id="0" start.x="26" start.y="25" goal.x="27" goal.y="27" duration="2.236068" g-value="2.236068"/>
                <section id="1" start.x="27" start.y="27" goal.x="27" goal.y="27" duration="1.7923591" g-value="4.0284271"/>
                <section id="2" start.x="27" start.y="27" goal.x="18" goal.y="27" duration="9" g-value="13.028427"/>
                <section id="3" start.x="18" start.y="27" goal.x="17" goal.y="28" duration="1.4142135" g-value="14.44264"/>
                <section id="4" start.x="17" start.y="28" goal.x="18" goal.y="28" duration="1" g-value="15.44264"/>
                <section id="5" start.x="18" start.y="28" goal.x="18" goal.y="29" duration="1" g-value="16.44264"/>
                <section id="6" start.x="18" start.y="29" goal.x="18" goal.y="29" duration="0.56735939" g-value="17.01"/>
                <section id="7" start.x="18" start.y="29" goal.x="18" goal.y="28" duration="1" g-value="18.01"/>
                <section id="8" start.x="18" start.y="28" goal.x="18" goal.y="28" duration="0.07" g-value="18.08"/>
                <section id="9" start.x="18" start.y="28" goal.x="16" goal.y="28" duration="2" g-value="20.08"/>
                <section id="10" start.x="16" start.y="28" goal.x="16" goal.y="29" duration="1" g-value="21.08"/>
                <section id="11" start.x="16" start.y="29" goal.x="16" goal.y="29" duration="3.7768545" g-value="24.856855"/>
                <section id="12" start.x="16" start.y="29" goal.x="16" goal.y="28" duration="1" g-value="25.856855"/>
                <section id="13" start.x="16" start.y="28" goal.x="16" goal.y="27" duration="1" g-value="26.856855"/>
                <section id="14" start.x="16" start.y="27" goal.x="16" goal.y="27" duration="0.20999999" g-value="27.066854"/>
                <section id="15" start.x="16" start.y="27" goal.x="12" goal.y="27" duration="4" g-value="31.066854"/>
                <section id="16" start.x="12" start.y="27" goal.x="12" goal.y="27" duration="0.31999999" g-value="31.386854"/>
                <section id="17" start.x="12" start.y="27" goal.x="11" goal.y="26" duration="1.4142135" g-value="32.801067"/>
                <section id="18" start.x="11" start.y="26" goal.x="11" goal.y="26" duration="0.43588457" g-value="33.236954"/>
                <section id="19" start.x="11" start.y="26" goal.x="11" goal.y="25" duration="1" g-value="34.236954"/>
                <section id="20" start.x="11" start.y="25" goal.x="10" goal.y="22" duration="3.1622777" g-value="37.399231"/>
                <section id="21" start.x="10" start.y="22" goal.x="10" goal.y="20" duration="2" g-value="39.399231"/>
                <section id="22" start.x="10" start.y="20" goal.x="11" goal.y="20" duration="1" g-value="40.399231"/>
                <section id="23" start.x="11" start.y="20" goal.x="11" goal.y="18" duration="2" g-value="42.399231"/>
            </path>
        </agent>
    </log>
</root>
