<?xml version="1.0" ?>
<root>
    <log>
        <taskfilename>D:/GitHub/AA-SIPP_optimal_2019/Instances/32x32_20/128/227_task.xml</taskfilename>
        <mapfilename>32x32_20.xml</mapfilename>
        <configfilename>config.xml</configfilename>
        <obstaclesfilename>D:/GitHub/AA-SIPP_optimal_2019/Instances/32x32_20/128/227_task_obs.xml</obstaclesfilename>
        <summary runtime="0.087357603" tries="1" agentssolved="1 (100.000000%)" flowtime="59.300953" makespan="59.300953"/>
        <path>
            <row number="0">0 0 0 0 0 0 0 0 0 0 1 0 0 0 0 0 0 1 0 0 0 1 0 1 0 0 0 0 0 0 0 0 </row>
            <row number="1">1 0 0 0 1 0 1 1 0 0 0 0 0 0 0 0 0 0 0 1 0 1 0 0 0 1 0 0 0 0 0 0 </row>
            <row number="2">0 0 0 0 0 0 0 0 0 0 0 0 0 0 1 0 0 0 0 0 0 0 0 1 1 0 0 0 1 0 0 0 </row>
            <row number="3">0 0 0 0 0 1 0 1 0 0 0 0 0 0 0 0 0 0 1 0 0 0 0 0 0 0 0 0 0 1 0 0 </row>
            <row number="4">0 1 1 0 0 0 0 0 0 0 0 0 0 0 1 1 0 1 0 0 0 0 0 0 1 0 0 1 0 0 0 0 </row>
            <row number="5">0 0 0 0 0 0 1 0 0 1 0 1 0 0 1 1 0 0 0 0 0 0 1 0 0 0 0 1 0 0 1 1 </row>
            <row number="6">0 0 0 0 0 0 1 0 0 1 1 0 0 0 0 0 0 0 0 1 0 0 0 0 0 0 0 1 0 0 0 1 </row>
            <row number="7">0 1 0 0 0 1 0 0 0 0 0 0 0 0 0 0 0 0 0 0 0 1 1 0 0 0 1 0 0 1 0 0 </row>
            <row number="8">0 0 0 0 0 0 1 0 0 0 0 0 0 0 0 0 1 0 0 0 0 0 0 0 1 0 1 0 0 0 0 0 </row>
            <row number="9">0 0 1 0 1 0 0 0 0 0 0 0 0 0 0 0 0 1 0 1 0 0 0 0 0 0 0 1 1 0 0 0 </row>
            <row number="10">1 0 1 0 0 0 0 0 0 0 0 0 1 0 1 0 0 0 0 0 0 0 1 0 0 0 1 0 0 0 0 0 </row>
            <row number="11">0 0 0 0 0 0 0 0 0 0 0 0 1 0 0 0 0 0 1 0 1 0 1 0 0 0 0 0 0 0 1 0 </row>
            <row number="12">0 0 1 0 0 0 0 0 1 0 1 0 1 1 0 1 0 0 0 0 0 0 0 0 0 0 1 0 0 0 0 0 </row>
            <row number="13">0 1 0 0 0 0 0 0 0 0 0 0 0 0 0 0 0 0 1 0 1 0 0 0 0 0 1 0 0 0 1 0 </row>
            <row number="14">0 0 0 1 1 1 0 0 0 0 0 0 0 1 0 0 0 0 0 0 0 0 0 1 0 0 0 0 0 0 0 0 </row>
            <row number="15">0 0 0 0 0 0 0 0 1 0 0 0 0 1 0 1 0 1 0 0 1 0 0 0 0 0 0 0 0 0 0 0 </row>
            <row number="16">0 0 1 0 0 0 1 0 0 0 0 0 0 0 0 1 0 0 0 0 1 0 0 1 1 1 0 0 0 0 1 0 </row>
            <row number="17">0 1 0 0 0 0 0 0 1 1 1 0 0 1 0 1 0 0 1 0 1 0 0 1 1 0 0 0 0 1 1 1 </row>
            <row number="18">1 0 0 0 0 0 * * 0 0 1 0 0 0 0 0 0 0 0 1 0 0 1 0 0 0 0 0 0 1 1 1 </row>
            <row number="19">0 0 0 0 0 0 1 * 0 0 1 0 0 1 0 0 1 0 1 0 0 0 1 0 0 0 1 0 0 0 0 0 </row>
            <row number="20">0 1 0 1 0 0 0 0 * 0 0 0 1 0 0 0 0 0 0 0 0 0 1 1 0 1 0 0 0 1 0 0 </row>
            <row number="21">0 0 0 0 0 0 0 1 * 1 0 0 0 0 0 0 0 0 1 0 0 1 1 1 0 0 1 1 1 0 0 0 </row>
            <row number="22">0 0 1 0 1 0 0 1 * * * 0 1 0 0 0 0 0 0 1 0 0 0 0 0 0 0 0 0 0 1 0 </row>
            <row number="23">0 0 0 0 0 0 0 1 0 0 * 0 0 1 0 0 0 0 1 0 0 0 1 0 1 0 1 1 0 0 0 0 </row>
            <row number="24">0 0 0 0 0 0 0 0 0 0 * 0 0 0 0 0 0 1 0 0 0 1 0 1 0 0 1 0 1 0 0 0 </row>
            <row number="25">0 0 0 0 0 0 0 0 0 * 0 * 0 0 0 0 1 * 0 0 0 0 0 0 0 1 0 0 1 0 0 1 </row>
            <row number="26">0 1 0 0 0 0 0 0 1 * 1 * * 0 * * * * * 0 1 1 0 0 0 0 0 0 0 0 0 1 </row>
            <row number="27">0 0 1 0 0 1 0 0 1 * * * 0 * 0 0 0 0 0 * * 0 0 0 0 0 0 0 0 0 0 0 </row>
            <row number="28">1 0 0 1 1 0 0 0 0 * 0 1 0 0 0 1 0 0 0 1 * 0 0 0 0 0 0 0 0 1 1 1 </row>
            <row number="29">1 0 0 0 0 1 0 0 0 0 1 0 0 0 0 1 0 1 0 1 0 * 0 1 0 0 0 0 0 0 1 1 </row>
            <row number="30">1 1 0 1 0 0 1 1 0 1 0 1 1 0 0 0 0 0 1 0 0 0 * * 0 0 0 1 0 0 0 0 </row>
            <row number="31">1 1 0 0 0 0 0 0 0 0 0 0 0 0 0 1 0 0 1 0 0 0 0 0 * 0 0 0 1 0 0 0 </row>
        </path>
        <agent id="0" start.x="6" start.y="18" goal.x="25" goal.y="31" size="0.5" movespeed="1" rotationspeed="1">
            <path pathfound="true" runtime="0.084699601" duration="59.300953">
                <section id="0" start.x="6" start.y="18" goal.x="7" goal.y="18" duration="1" g-value="1"/>
                <section id="1" start.x="7" start.y="18" goal.x="8" goal.y="20" duration="2.236068" g-value="3.236068"/>
                <section id="2" start.x="8" start.y="20" goal.x="8" goal.y="22" duration="2" g-value="5.2360678"/>
                <section id="3" start.x="8" start.y="22" goal.x="10" goal.y="22" duration="2" g-value="7.2360678"/>
                <section id="4" start.x="10" start.y="22" goal.x="10" goal.y="22" duration="0.67042321" g-value="7.9064913"/>
                <section id="5" start.x="10" start.y="22" goal.x="10" goal.y="23" duration="1" g-value="8.9064913"/>
                <section id="6" start.x="10" start.y="23" goal.x="9" goal.y="25" duration="2.236068" g-value="11.142559"/>
                <section id="7" start.x="9" start.y="25" goal.x="9" goal.y="26" duration="1" g-value="12.142559"/>
                <section id="8" start.x="9" start.y="26" goal.x="9" goal.y="26" duration="5.9126406" g-value="18.055199"/>
                <section id="9" start.x="9" start.y="26" goal.x="9" goal.y="27" duration="1" g-value="19.055199"/>
                <section id="10" start.x="9" start.y="27" goal.x="10" goal.y="27" duration="1" g-value="20.055199"/>
                <section id="11" start.x="10" start.y="27" goal.x="10" goal.y="27" duration="1.0369158" g-value="21.092115"/>
                <section id="12" start.x="10" start.y="27" goal.x="9" goal.y="28" duration="1.4142135" g-value="22.506329"/>
                <section id="13" start.x="9" start.y="28" goal.x="9" goal.y="28" duration="1.0234028" g-value="23.529732"/>
                <section id="14" start.x="9" start.y="28" goal.x="10" goal.y="27" duration="1.4142135" g-value="24.943945"/>
                <section id="15" start.x="10" start.y="27" goal.x="11" goal.y="27" duration="1" g-value="25.943945"/>
                <section id="16" start.x="11" start.y="27" goal.x="11" goal.y="26" duration="1" g-value="26.943945"/>
                <section id="17" start.x="11" start.y="26" goal.x="11" goal.y="26" duration="0.78319049" g-value="27.727137"/>
                <section id="18" start.x="11" start.y="26" goal.x="11" goal.y="25" duration="1" g-value="28.727137"/>
                <section id="19" start.x="11" start.y="25" goal.x="11" goal.y="25" duration="4.3169751" g-value="33.044109"/>
                <section id="20" start.x="11" start.y="25" goal.x="11" goal.y="26" duration="1" g-value="34.044109"/>
                <section id="21" start.x="11" start.y="26" goal.x="11" goal.y="26" duration="0.12" g-value="34.164112"/>
                <section id="22" start.x="11" start.y="26" goal.x="13" goal.y="27" duration="2.236068" g-value="36.400177"/>
                <section id="23" start.x="13" start.y="27" goal.x="13" goal.y="27" duration="2.5925858" g-value="38.992764"/>
                <section id="24" start.x="13" start.y="27" goal.x="14" goal.y="26" duration="1.4142135" g-value="40.406979"/>
                <section id="25" start.x="14" start.y="26" goal.x="17" goal.y="26" duration="3" g-value="43.406979"/>
                <section id="26" start.x="17" start.y="26" goal.x="17" goal.y="25" duration="1" g-value="44.406979"/>
                <section id="27" start.x="17" start.y="25" goal.x="17" goal.y="25" duration="3.7448413" g-value="48.151821"/>
                <section id="28" start.x="17" start.y="25" goal.x="19" goal.y="27" duration="2.8284271" g-value="50.980247"/>
                <section id="29" start.x="19" start.y="27" goal.x="19" goal.y="27" duration="0.33000001" g-value="51.310246"/>
                <section id="30" start.x="19" start.y="27" goal.x="20" goal.y="27" duration="1" g-value="52.310246"/>
                <section id="31" start.x="20" start.y="27" goal.x="20" goal.y="28" duration="1" g-value="53.310246"/>
                <section id="32" start.x="20" start.y="28" goal.x="22" goal.y="30" duration="2.8284271" g-value="56.138672"/>
                <section id="33" start.x="22" start.y="30" goal.x="25" goal.y="31" duration="3.1622777" g-value="59.300953"/>
            </path>
        </agent>
    </log>
</root>
