<?xml version="1.0" ?>
<root>
    <log>
        <taskfilename>D:/GitHub/AA-SIPP_optimal_2019/Instances/32x32_20/128/228_task.xml</taskfilename>
        <mapfilename>32x32_20.xml</mapfilename>
        <configfilename>config.xml</configfilename>
        <obstaclesfilename>D:/GitHub/AA-SIPP_optimal_2019/Instances/32x32_20/128/228_task_obs.xml</obstaclesfilename>
        <summary runtime="0.0199362" tries="1" agentssolved="1 (100.000000%)" flowtime="48.849552" makespan="48.849552"/>
        <path>
            <row number="0">0 0 0 0 0 0 0 0 0 0 1 0 0 0 0 0 0 1 0 0 0 1 0 1 0 0 0 0 0 0 0 0 </row>
            <row number="1">1 0 0 0 1 0 1 1 0 0 0 0 0 0 0 0 0 0 0 1 0 1 0 0 0 1 0 0 0 0 0 0 </row>
            <row number="2">0 0 0 0 0 0 0 0 0 0 0 0 0 0 1 0 0 0 0 0 0 0 0 1 1 0 0 0 1 0 0 0 </row>
            <row number="3">0 0 0 0 0 1 0 1 0 0 0 0 0 0 0 0 0 0 1 0 0 0 0 0 0 0 0 0 0 1 0 0 </row>
            <row number="4">0 1 1 0 0 0 0 0 0 0 0 0 0 0 1 1 0 1 0 0 0 0 0 0 1 0 0 1 0 0 0 0 </row>
            <row number="5">0 0 0 0 0 0 1 0 0 1 0 1 0 0 1 1 0 0 0 0 0 0 1 0 0 0 0 1 0 0 1 1 </row>
            <row number="6">0 0 0 0 0 0 1 0 0 1 1 0 0 0 0 0 0 0 0 1 0 0 0 0 0 0 0 1 0 0 0 1 </row>
            <row number="7">0 1 0 0 0 1 0 0 0 0 0 0 0 0 0 0 0 0 0 0 0 1 1 0 0 0 1 0 0 1 0 0 </row>
            <row number="8">0 0 0 0 0 0 1 0 0 0 0 0 0 0 0 0 1 0 0 0 0 0 0 0 1 0 1 0 * * 0 0 </row>
            <row number="9">0 0 1 0 1 0 0 0 0 0 0 0 0 0 0 0 0 1 0 1 0 0 0 0 0 0 0 1 1 * 0 0 </row>
            <row number="10">1 0 1 0 0 0 0 0 0 0 0 0 1 0 1 0 0 0 0 0 0 0 1 0 0 0 1 0 0 * 0 0 </row>
            <row number="11">0 0 0 0 0 0 0 0 0 0 0 0 1 0 0 0 0 0 1 0 1 0 1 0 0 0 0 0 0 * 1 0 </row>
            <row number="12">0 0 1 0 0 0 0 0 1 0 1 0 1 1 0 1 0 0 0 0 0 0 0 0 0 0 1 0 0 * 0 0 </row>
            <row number="13">0 1 0 0 0 0 0 0 0 0 0 0 0 0 0 0 0 0 1 0 1 0 0 0 0 0 1 0 * 0 1 0 </row>
            <row number="14">0 0 0 1 1 1 0 0 0 0 0 0 0 1 0 0 0 0 0 0 0 0 0 1 0 0 0 0 * 0 0 0 </row>
            <row number="15">0 0 0 0 0 0 0 0 1 0 0 0 0 1 0 1 0 1 0 0 1 0 0 0 0 0 0 * 0 0 0 0 </row>
            <row number="16">0 0 1 0 0 0 1 0 0 0 0 0 0 0 0 1 0 0 0 0 1 0 0 1 1 1 * * 0 0 1 0 </row>
            <row number="17">0 1 0 0 0 0 0 0 1 1 1 0 0 1 0 1 0 0 1 0 1 0 0 1 1 0 * 0 0 1 1 1 </row>
            <row number="18">1 0 0 0 0 0 0 0 0 0 1 0 0 0 0 0 0 0 0 1 0 0 1 0 0 * 0 0 0 1 1 1 </row>
            <row number="19">0 0 0 0 0 0 1 0 0 0 1 0 0 1 0 0 1 0 1 0 0 0 1 0 * 0 1 0 0 0 0 0 </row>
            <row number="20">0 1 0 1 0 0 0 0 0 0 0 0 1 0 0 0 0 0 0 0 0 0 1 1 * 1 0 0 0 1 0 0 </row>
            <row number="21">0 0 0 0 0 0 0 1 0 1 0 0 0 0 0 0 0 0 1 0 0 1 1 1 * 0 1 1 1 0 0 0 </row>
            <row number="22">0 0 1 0 1 0 0 1 0 0 0 0 1 0 0 0 0 0 0 1 0 0 0 * * * 0 0 0 0 1 0 </row>
            <row number="23">0 0 0 0 0 0 0 1 0 0 0 0 0 1 0 0 0 0 1 0 0 0 1 * 1 * 1 1 0 0 0 0 </row>
            <row number="24">0 0 0 0 0 0 0 0 0 0 0 0 0 0 0 0 0 1 0 0 0 1 0 1 * * 1 0 1 0 0 0 </row>
            <row number="25">0 0 0 0 0 0 0 0 0 0 0 0 0 0 0 0 1 0 0 0 0 0 0 0 * 1 0 0 1 0 0 1 </row>
            <row number="26">0 1 0 0 0 0 0 0 1 0 1 0 0 0 0 0 0 0 0 0 1 1 0 0 * * * 0 0 0 0 1 </row>
            <row number="27">0 0 1 0 0 1 0 0 1 0 0 0 0 0 0 0 0 0 0 0 0 0 0 0 0 0 0 * 0 0 0 0 </row>
            <row number="28">1 0 0 1 1 0 0 0 0 0 0 1 0 0 0 1 0 0 0 1 0 0 0 0 0 0 0 0 * 1 1 1 </row>
            <row number="29">1 0 0 0 0 1 0 0 0 0 1 0 0 0 0 1 0 1 0 1 0 0 0 1 0 0 * * 0 0 1 1 </row>
            <row number="30">1 1 0 1 0 0 1 1 0 1 0 1 1 0 0 0 0 0 1 0 0 0 0 0 0 * 0 1 0 0 0 0 </row>
            <row number="31">1 1 0 0 0 0 0 0 0 0 0 0 0 0 0 1 0 0 1 0 0 0 0 0 0 * 0 0 1 0 0 0 </row>
        </path>
        <agent id="0" start.x="25" start.y="31" goal.x="28" goal.y="7" size="0.5" movespeed="1" rotationspeed="1">
            <path pathfound="true" runtime="0.0176783" duration="48.849552">
                <section id="0" start.x="25" start.y="31" goal.x="26" goal.y="29" duration="2.236068" g-value="2.236068"/>
                <section id="1" start.x="26" start.y="29" goal.x="28" goal.y="28" duration="2.236068" g-value="4.472136"/>
                <section id="2" start.x="28" start.y="28" goal.x="28" goal.y="28" duration="0.17" g-value="4.6421361"/>
                <section id="3" start.x="28" start.y="28" goal.x="26" goal.y="26" duration="2.8284271" g-value="7.4705629"/>
                <section id="4" start.x="26" start.y="26" goal.x="24" goal.y="26" duration="2" g-value="9.4705629"/>
                <section id="5" start.x="24" start.y="26" goal.x="24" goal.y="26" duration="0.72282392" g-value="10.193387"/>
                <section id="6" start.x="24" start.y="26" goal.x="24" goal.y="24" duration="2" g-value="12.193387"/>
                <section id="7" start.x="24" start.y="24" goal.x="25" goal.y="24" duration="1" g-value="13.193387"/>
                <section id="8" start.x="25" start.y="24" goal.x="25" goal.y="22" duration="2" g-value="15.193387"/>
                <section id="9" start.x="25" start.y="22" goal.x="25" goal.y="22" duration="0.52999997" g-value="15.723387"/>
                <section id="10" start.x="25" start.y="22" goal.x="23" goal.y="22" duration="2" g-value="17.723387"/>
                <section id="11" start.x="23" start.y="22" goal.x="23" goal.y="23" duration="1" g-value="18.723387"/>
                <section id="12" start.x="23" start.y="23" goal.x="23" goal.y="23" duration="9.8256025" g-value="28.54899"/>
                <section id="13" start.x="23" start.y="23" goal.x="23" goal.y="22" duration="1" g-value="29.54899"/>
                <section id="14" start.x="23" start.y="22" goal.x="24" goal.y="22" duration="1" g-value="30.54899"/>
                <section id="15" start.x="24" start.y="22" goal.x="24" goal.y="19" duration="3" g-value="33.548988"/>
                <section id="16" start.x="24" start.y="19" goal.x="26" goal.y="17" duration="2.8284271" g-value="36.377415"/>
                <section id="17" start.x="26" start.y="17" goal.x="26" goal.y="16" duration="1" g-value="37.377415"/>
                <section id="18" start.x="26" start.y="16" goal.x="27" goal.y="16" duration="1" g-value="38.377415"/>
                <section id="19" start.x="27" start.y="16" goal.x="28" goal.y="14" duration="2.236068" g-value="40.613483"/>
                <section id="20" start.x="28" start.y="14" goal.x="29" goal.y="12" duration="2.236068" g-value="42.849552"/>
                <section id="21" start.x="29" start.y="12" goal.x="29" goal.y="8" duration="4" g-value="46.849552"/>
                <section id="22" start.x="29" start.y="8" goal.x="28" goal.y="8" duration="1" g-value="47.849552"/>
                <section id="23" start.x="28" start.y="8" goal.x="28" goal.y="7" duration="1" g-value="48.849552"/>
            </path>
        </agent>
    </log>
</root>
