<?xml version="1.0" ?>
<root>
    <log>
        <taskfilename>D:/GitHub/AA-SIPP_optimal_2019/Instances/32x32_20/128/229_task.xml</taskfilename>
        <mapfilename>32x32_20.xml</mapfilename>
        <configfilename>config.xml</configfilename>
        <obstaclesfilename>D:/GitHub/AA-SIPP_optimal_2019/Instances/32x32_20/128/229_task_obs.xml</obstaclesfilename>
        <summary runtime="0.04143" tries="1" agentssolved="1 (100.000000%)" flowtime="40.660286" makespan="40.660286"/>
        <path>
            <row number="0">0 0 0 0 0 0 0 0 0 0 1 0 0 0 0 0 0 1 0 0 0 1 0 1 0 0 0 0 0 0 0 0 </row>
            <row number="1">1 0 0 0 1 0 1 1 0 0 0 0 0 0 0 0 0 0 0 1 0 1 0 0 0 1 0 0 0 0 0 0 </row>
            <row number="2">0 0 0 0 0 0 0 0 0 0 0 0 0 0 1 0 0 0 0 0 0 0 0 1 1 0 0 0 1 0 0 0 </row>
            <row number="3">0 0 0 0 0 1 0 1 0 0 0 0 0 0 0 0 0 0 1 0 0 0 0 0 0 0 0 0 0 1 0 0 </row>
            <row number="4">0 1 1 0 0 0 0 0 0 0 0 0 0 0 1 1 0 1 0 0 0 0 0 0 1 0 0 1 0 0 0 0 </row>
            <row number="5">0 0 0 0 0 0 1 0 0 1 0 1 0 0 1 1 0 0 0 0 0 0 1 0 0 0 0 1 0 0 1 1 </row>
            <row number="6">0 0 0 0 0 0 1 0 0 1 1 0 0 0 0 0 0 0 0 1 0 0 0 0 0 0 0 1 0 0 0 1 </row>
            <row number="7">0 1 0 0 0 1 0 0 0 0 0 0 0 0 0 0 0 0 0 0 0 1 1 0 0 0 1 0 0 1 0 0 </row>
            <row number="8">0 0 0 0 0 0 1 0 0 0 0 0 0 0 0 0 1 0 0 0 0 0 0 0 1 0 1 0 0 0 0 0 </row>
            <row number="9">0 0 1 0 1 0 0 0 0 0 0 0 0 0 0 0 0 1 0 1 0 0 0 0 0 0 0 1 1 0 0 0 </row>
            <row number="10">1 0 1 0 0 0 0 0 0 0 0 0 1 0 1 0 0 0 0 0 0 0 1 0 0 0 1 0 0 0 0 0 </row>
            <row number="11">0 0 0 0 0 0 0 0 0 0 0 0 1 0 0 0 0 0 1 0 1 0 1 0 * 0 0 0 0 0 1 0 </row>
            <row number="12">0 0 1 0 0 0 0 0 1 0 1 0 1 1 0 1 0 0 0 0 0 0 0 0 * 0 1 0 0 0 0 0 </row>
            <row number="13">0 1 0 0 0 0 0 0 0 0 0 0 0 0 0 0 0 0 1 0 1 0 0 0 0 * 1 0 0 0 1 0 </row>
            <row number="14">0 0 0 1 1 1 0 0 0 0 0 0 0 1 0 0 0 0 0 0 0 0 0 1 0 * 0 0 0 0 0 0 </row>
            <row number="15">0 0 0 0 0 0 0 0 1 0 0 0 0 1 0 1 0 1 0 0 1 0 0 0 0 * * * 0 0 0 0 </row>
            <row number="16">0 0 1 0 0 0 1 0 0 0 0 0 0 0 0 1 0 0 0 0 1 0 0 1 1 1 0 * 0 0 1 0 </row>
            <row number="17">0 1 0 0 0 0 0 0 1 1 1 0 0 1 0 1 0 0 1 0 1 0 0 1 1 0 0 * 0 1 1 1 </row>
            <row number="18">1 0 0 0 0 0 0 0 0 0 1 0 0 0 0 0 0 0 0 1 0 0 1 0 0 * * * 0 1 1 1 </row>
            <row number="19">0 0 0 0 0 0 1 0 0 0 1 0 0 1 0 0 1 0 1 0 0 0 1 0 * 0 1 0 0 0 0 0 </row>
            <row number="20">0 1 0 1 0 0 0 0 0 0 0 0 1 0 0 0 0 0 0 0 0 0 1 1 * 1 0 0 0 1 0 0 </row>
            <row number="21">0 0 0 0 0 0 0 1 0 1 0 0 0 0 0 0 0 0 1 0 0 1 1 1 * 0 1 1 1 0 0 0 </row>
            <row number="22">0 0 1 0 1 0 0 1 0 0 0 0 1 0 0 0 0 0 0 1 0 0 0 0 0 * 0 0 0 0 1 0 </row>
            <row number="23">0 0 0 0 0 0 0 1 0 0 0 0 0 1 0 0 0 0 1 0 0 0 1 0 1 * 1 1 0 0 0 0 </row>
            <row number="24">0 0 0 0 0 0 0 0 0 0 0 0 0 * 0 0 0 1 0 0 0 1 0 1 * * 1 0 1 0 0 0 </row>
            <row number="25">0 0 0 0 0 0 0 0 0 0 0 0 0 * 0 0 1 0 0 0 0 0 0 0 * 1 0 0 1 0 0 1 </row>
            <row number="26">0 1 0 0 0 0 0 0 1 0 1 0 0 * 0 0 0 0 0 0 1 1 0 * 0 0 0 0 0 0 0 1 </row>
            <row number="27">0 0 1 0 0 1 0 0 1 0 0 0 0 * 0 0 0 0 * * * * * 0 0 0 0 0 0 0 0 0 </row>
            <row number="28">1 0 0 1 1 0 0 0 0 0 0 1 0 0 * 1 * * 0 1 0 0 0 0 0 0 0 0 0 1 1 1 </row>
            <row number="29">1 0 0 0 0 1 0 0 0 0 1 0 0 0 * 1 * 1 0 1 0 0 0 1 0 0 0 0 0 0 1 1 </row>
            <row number="30">1 1 0 1 0 0 1 1 0 1 0 1 1 0 * * * 0 1 0 0 0 0 0 0 0 0 1 0 0 0 0 </row>
            <row number="31">1 1 0 0 0 0 0 0 0 0 0 0 0 0 0 1 0 0 1 0 0 0 0 0 0 0 0 0 1 0 0 0 </row>
        </path>
        <agent id="0" start.x="13" start.y="24" goal.x="24" goal.y="10" size="0.5" movespeed="1" rotationspeed="1">
            <path pathfound="true" runtime="0.0391712" duration="40.660286">
                <section id="0" start.x="13" start.y="24" goal.x="13" goal.y="25" duration="1" g-value="1"/>
                <section id="1" start.x="13" start.y="25" goal.x="13" goal.y="25" duration="0.050000001" g-value="1.05"/>
                <section id="2" start.x="13" start.y="25" goal.x="14" goal.y="30" duration="5.0990195" g-value="6.1490197"/>
                <section id="3" start.x="14" start.y="30" goal.x="16" goal.y="30" duration="2" g-value="8.1490192"/>
                <section id="4" start.x="16" start.y="30" goal.x="16" goal.y="28" duration="2" g-value="10.149019"/>
                <section id="5" start.x="16" start.y="28" goal.x="18" goal.y="27" duration="2.236068" g-value="12.385088"/>
                <section id="6" start.x="18" start.y="27" goal.x="22" goal.y="27" duration="4" g-value="16.385088"/>
                <section id="7" start.x="22" start.y="27" goal.x="24" goal.y="25" duration="2.8284271" g-value="19.213514"/>
                <section id="8" start.x="24" start.y="25" goal.x="24" goal.y="24" duration="1" g-value="20.213514"/>
                <section id="9" start.x="24" start.y="24" goal.x="25" goal.y="24" duration="1" g-value="21.213514"/>
                <section id="10" start.x="25" start.y="24" goal.x="25" goal.y="24" duration="0.090000004" g-value="21.303514"/>
                <section id="11" start.x="25" start.y="24" goal.x="25" goal.y="22" duration="2" g-value="23.303514"/>
                <section id="12" start.x="25" start.y="22" goal.x="24" goal.y="21" duration="1.4142135" g-value="24.717728"/>
                <section id="13" start.x="24" start.y="21" goal.x="24" goal.y="19" duration="2" g-value="26.717728"/>
                <section id="14" start.x="24" start.y="19" goal.x="25" goal.y="18" duration="1.4142135" g-value="28.131941"/>
                <section id="15" start.x="25" start.y="18" goal.x="27" goal.y="18" duration="2" g-value="30.131941"/>
                <section id="16" start.x="27" start.y="18" goal.x="27" goal.y="18" duration="0.24932602" g-value="30.381268"/>
                <section id="17" start.x="27" start.y="18" goal.x="27" goal.y="15" duration="3" g-value="33.381268"/>
                <section id="18" start.x="27" start.y="15" goal.x="27" goal.y="15" duration="0.18000001" g-value="33.561268"/>
                <section id="19" start.x="27" start.y="15" goal.x="25" goal.y="15" duration="2" g-value="35.561268"/>
                <section id="20" start.x="25" start.y="15" goal.x="24" goal.y="10" duration="5.0990195" g-value="40.660286"/>
            </path>
        </agent>
    </log>
</root>
