<?xml version="1.0" ?>
<root>
    <log>
        <taskfilename>D:/GitHub/AA-SIPP_optimal_2019/Instances/32x32_20/128/230_task.xml</taskfilename>
        <mapfilename>32x32_20.xml</mapfilename>
        <configfilename>config.xml</configfilename>
        <obstaclesfilename>D:/GitHub/AA-SIPP_optimal_2019/Instances/32x32_20/128/230_task_obs.xml</obstaclesfilename>
        <summary runtime="0.0042487001" tries="1" agentssolved="1 (100.000000%)" flowtime="22.148537" makespan="22.148537"/>
        <path>
            <row number="0">0 0 0 0 0 0 0 0 0 0 1 0 0 0 0 0 0 1 0 0 0 1 0 1 0 0 0 0 0 0 0 0 </row>
            <row number="1">1 0 0 0 1 0 1 1 0 0 0 0 0 0 0 0 0 0 0 1 0 1 0 0 0 1 0 0 0 0 0 0 </row>
            <row number="2">0 0 0 0 0 0 0 0 0 0 0 0 0 0 1 0 0 0 0 0 0 0 0 1 1 0 0 0 1 0 0 0 </row>
            <row number="3">0 0 0 0 0 1 0 1 0 0 0 0 0 0 0 0 0 0 1 0 0 0 0 0 0 0 0 0 0 1 0 0 </row>
            <row number="4">0 1 1 0 0 0 0 0 0 0 0 0 0 0 1 1 0 1 0 0 0 0 0 0 1 0 0 1 0 0 0 0 </row>
            <row number="5">0 0 0 0 0 0 1 0 0 1 0 1 0 0 1 1 0 0 0 0 0 0 1 0 0 0 0 1 0 0 1 1 </row>
            <row number="6">0 0 0 0 0 0 1 0 0 1 1 0 0 0 0 0 0 0 0 1 0 0 0 0 0 0 0 1 0 0 0 1 </row>
            <row number="7">0 1 0 0 0 1 0 0 0 0 0 0 0 0 0 0 0 0 0 0 0 1 1 0 0 0 1 0 0 1 0 0 </row>
            <row number="8">0 0 0 0 0 0 1 0 0 0 0 0 0 0 0 0 1 0 0 0 0 0 0 0 1 0 1 0 0 0 0 0 </row>
            <row number="9">0 0 1 0 1 0 0 0 0 0 0 0 0 0 0 0 0 1 0 1 0 0 0 0 0 0 0 1 1 0 0 0 </row>
            <row number="10">1 0 1 0 0 0 0 0 0 0 0 0 1 0 1 0 0 0 0 0 0 0 1 0 0 0 1 0 0 * 0 0 </row>
            <row number="11">0 0 0 0 0 0 0 0 0 0 0 0 1 0 0 0 0 0 1 0 1 0 1 0 0 0 0 0 0 * 1 0 </row>
            <row number="12">0 0 1 0 0 0 0 0 1 0 1 0 1 1 0 1 0 0 0 0 0 0 0 0 0 0 1 0 * 0 0 0 </row>
            <row number="13">0 1 0 0 0 0 0 0 0 0 0 0 0 0 0 0 0 0 1 0 1 0 0 0 0 0 1 0 * 0 1 0 </row>
            <row number="14">0 0 0 1 1 1 0 0 0 0 0 0 0 1 0 0 0 0 0 0 0 0 0 1 0 0 0 0 * 0 0 0 </row>
            <row number="15">0 0 0 0 0 0 0 0 1 0 0 0 0 1 0 1 0 1 0 0 1 0 0 0 0 0 0 0 * 0 0 0 </row>
            <row number="16">0 0 1 0 0 0 1 0 0 0 0 0 0 0 0 1 0 0 0 0 1 0 0 1 1 1 0 * 0 0 1 0 </row>
            <row number="17">0 1 0 0 0 0 0 0 1 1 1 0 0 1 0 1 0 0 1 0 1 0 0 1 1 0 0 * 0 1 1 1 </row>
            <row number="18">1 0 0 0 0 0 0 0 0 0 1 0 0 0 0 0 0 0 0 1 0 0 1 0 * * * 0 0 1 1 1 </row>
            <row number="19">0 0 0 0 0 0 1 0 0 0 1 0 0 1 0 0 1 0 1 0 0 0 1 0 * 0 1 0 0 0 0 0 </row>
            <row number="20">0 1 0 1 0 0 0 0 0 0 0 0 1 0 0 0 0 0 0 0 0 0 1 1 * 1 0 0 0 1 0 0 </row>
            <row number="21">0 0 0 0 0 0 0 1 0 1 0 0 0 0 0 0 0 0 1 0 0 1 1 1 0 0 1 1 1 0 0 0 </row>
            <row number="22">0 0 1 0 1 0 0 1 0 0 0 0 1 0 0 0 0 0 0 1 0 0 0 0 0 0 0 0 0 0 1 0 </row>
            <row number="23">0 0 0 0 0 0 0 1 0 0 0 0 0 1 0 0 0 0 1 0 0 0 1 0 1 0 1 1 0 0 0 0 </row>
            <row number="24">0 0 0 0 0 0 0 0 0 0 0 0 0 0 0 0 0 1 0 0 0 1 0 1 0 0 1 0 1 0 0 0 </row>
            <row number="25">0 0 0 0 0 0 0 0 0 0 0 0 0 0 0 0 1 0 0 0 0 0 0 0 0 1 0 0 1 0 0 1 </row>
            <row number="26">0 1 0 0 0 0 0 0 1 0 1 0 0 0 0 0 0 0 0 0 1 1 0 0 0 0 0 0 0 0 0 1 </row>
            <row number="27">0 0 1 0 0 1 0 0 1 0 0 0 0 0 0 0 0 0 0 0 0 0 0 0 0 0 0 0 0 0 0 0 </row>
            <row number="28">1 0 0 1 1 0 0 0 0 0 0 1 0 0 0 1 0 0 0 1 0 0 0 0 0 0 0 0 0 1 1 1 </row>
            <row number="29">1 0 0 0 0 1 0 0 0 0 1 0 0 0 0 1 0 1 0 1 0 0 0 1 0 0 0 0 0 0 1 1 </row>
            <row number="30">1 1 0 1 0 0 1 1 0 1 0 1 1 0 0 0 0 0 1 0 0 0 0 0 0 0 0 1 0 0 0 0 </row>
            <row number="31">1 1 0 0 0 0 0 0 0 0 0 0 0 0 0 1 0 0 1 0 0 0 0 0 0 0 0 0 1 0 0 0 </row>
        </path>
        <agent id="0" start.x="24" start.y="20" goal.x="30" goal.y="9" size="0.5" movespeed="1" rotationspeed="1">
            <path pathfound="true" runtime="0.0025489" duration="22.148537">
                <section id="0" start.x="24" start.y="20" goal.x="24" goal.y="18" duration="2" g-value="2"/>
                <section id="1" start.x="24" start.y="18" goal.x="24" goal.y="18" duration="7.246068" g-value="9.246068"/>
                <section id="2" start.x="24" start.y="18" goal.x="26" goal.y="18" duration="2" g-value="11.246068"/>
                <section id="3" start.x="26" start.y="18" goal.x="26" goal.y="18" duration="0.75393194" g-value="12"/>
                <section id="4" start.x="26" start.y="18" goal.x="27" goal.y="17" duration="1.4142135" g-value="13.414213"/>
                <section id="5" start.x="27" start.y="17" goal.x="27" goal.y="17" duration="0.039999999" g-value="13.454213"/>
                <section id="6" start.x="27" start.y="17" goal.x="29" goal.y="10" duration="7.2801099" g-value="20.734324"/>
                <section id="7" start.x="29" start.y="10" goal.x="30" goal.y="9" duration="1.4142135" g-value="22.148537"/>
            </path>
        </agent>
    </log>
</root>
