<?xml version="1.0" ?>
<root>
    <log>
        <taskfilename>D:/GitHub/AA-SIPP_optimal_2019/Instances/32x32_20/128/231_task.xml</taskfilename>
        <mapfilename>32x32_20.xml</mapfilename>
        <configfilename>config.xml</configfilename>
        <obstaclesfilename>D:/GitHub/AA-SIPP_optimal_2019/Instances/32x32_20/128/231_task_obs.xml</obstaclesfilename>
        <summary runtime="0.074984699" tries="1" agentssolved="1 (100.000000%)" flowtime="66.963203" makespan="66.963203"/>
        <path>
            <row number="0">0 0 0 0 0 0 0 0 0 0 1 0 0 0 0 0 0 1 0 0 0 1 0 1 0 0 0 0 0 0 0 0 </row>
            <row number="1">1 0 0 0 1 0 1 1 0 0 0 0 0 0 0 0 0 0 0 1 0 1 0 0 0 1 0 0 0 0 0 0 </row>
            <row number="2">0 0 0 0 0 0 0 0 0 0 0 0 0 0 1 0 0 0 0 0 0 0 0 1 1 0 0 0 1 0 0 0 </row>
            <row number="3">0 0 0 0 0 1 0 1 0 0 0 0 0 0 0 0 0 0 1 0 0 0 0 0 0 0 0 0 0 1 0 0 </row>
            <row number="4">0 1 1 0 0 0 0 0 0 0 0 0 0 0 1 1 0 1 0 0 0 0 0 0 1 0 0 1 0 0 0 0 </row>
            <row number="5">0 0 0 0 0 0 1 0 0 1 0 1 0 0 1 1 0 0 0 0 0 0 1 0 0 0 0 1 0 0 1 1 </row>
            <row number="6">0 0 0 0 0 0 1 0 0 1 1 0 0 0 0 0 0 0 0 1 0 0 0 0 0 0 0 1 0 0 0 1 </row>
            <row number="7">0 1 0 0 0 1 0 0 0 0 0 0 0 0 0 0 0 0 0 0 0 1 1 0 0 0 1 0 0 1 0 0 </row>
            <row number="8">0 0 0 0 0 0 1 0 0 0 0 0 0 0 0 0 1 0 0 0 0 0 0 0 1 0 1 0 0 0 0 0 </row>
            <row number="9">0 0 1 0 1 * * * * * 0 * * * * * 0 1 0 1 0 0 0 0 0 0 0 1 1 0 0 0 </row>
            <row number="10">1 * 1 0 0 * * 0 0 0 * 0 1 0 1 0 * * 0 0 0 0 1 0 0 0 1 0 0 0 0 0 </row>
            <row number="11">0 * * * * 0 0 0 0 0 0 0 1 0 0 0 0 * 1 0 1 0 1 0 0 0 0 0 0 0 1 0 </row>
            <row number="12">0 0 1 0 0 0 0 0 1 0 1 0 1 1 0 1 0 * 0 0 0 0 0 0 0 0 1 0 0 0 0 0 </row>
            <row number="13">0 1 0 0 0 0 0 0 0 0 0 0 0 0 0 0 * 0 1 0 1 0 0 0 0 0 1 0 0 0 1 0 </row>
            <row number="14">0 0 0 1 1 1 0 0 0 0 0 0 0 1 0 0 * 0 0 0 0 0 0 1 0 0 0 0 0 0 0 0 </row>
            <row number="15">0 0 0 0 0 0 0 0 1 0 0 0 0 1 0 1 * 1 0 0 1 0 0 0 0 0 0 0 0 0 0 0 </row>
            <row number="16">0 0 1 0 0 0 1 0 0 0 0 0 0 0 0 1 * 0 0 0 1 0 0 1 1 1 0 0 0 0 1 0 </row>
            <row number="17">0 1 0 0 0 0 0 0 1 1 1 0 0 1 0 1 * 0 1 0 1 0 0 1 1 0 0 0 0 1 1 1 </row>
            <row number="18">1 0 0 0 0 0 0 0 0 0 1 0 0 0 0 * * 0 0 1 0 0 1 0 0 0 0 0 0 1 1 1 </row>
            <row number="19">0 0 0 0 0 0 1 0 0 0 1 0 0 1 0 * 1 0 1 0 0 0 1 0 0 0 1 0 0 0 0 0 </row>
            <row number="20">0 1 0 1 0 0 0 0 0 0 0 0 1 0 0 * * * * * 0 0 1 1 0 1 0 0 0 1 0 0 </row>
            <row number="21">0 0 0 0 0 0 0 1 0 1 0 0 0 0 0 0 0 0 1 * * 1 1 1 0 0 1 1 1 0 0 0 </row>
            <row number="22">0 0 1 0 1 0 0 1 0 0 0 0 1 0 0 0 0 0 0 1 * * * * * * * * * 0 1 0 </row>
            <row number="23">0 0 0 0 0 0 0 1 0 0 0 0 0 1 0 0 0 0 1 0 0 0 1 0 1 0 1 1 0 * 0 0 </row>
            <row number="24">0 0 0 0 0 0 0 0 0 0 0 0 0 0 0 0 0 1 0 0 0 1 0 1 0 0 1 0 1 * 0 0 </row>
            <row number="25">0 0 0 0 0 0 0 0 0 0 0 0 0 0 0 0 1 0 0 0 0 0 0 0 0 1 0 0 1 * 0 1 </row>
            <row number="26">0 1 0 0 0 0 0 0 1 0 1 0 0 0 0 0 0 0 0 0 1 1 0 0 0 * * * * * 0 1 </row>
            <row number="27">0 0 1 0 0 1 0 0 1 0 0 0 0 0 0 0 0 0 0 0 0 0 0 0 0 0 0 0 0 0 0 0 </row>
            <row number="28">1 0 0 1 1 0 0 0 0 0 0 1 0 0 0 1 0 0 0 1 0 0 0 0 0 0 0 0 0 1 1 1 </row>
            <row number="29">1 0 0 0 0 1 0 0 0 0 1 0 0 0 0 1 0 1 0 1 0 0 0 1 0 0 0 0 0 0 1 1 </row>
            <row number="30">1 1 0 1 0 0 1 1 0 1 0 1 1 0 0 0 0 0 1 0 0 0 0 0 0 0 0 1 0 0 0 0 </row>
            <row number="31">1 1 0 0 0 0 0 0 0 0 0 0 0 0 0 1 0 0 1 0 0 0 0 0 0 0 0 0 1 0 0 0 </row>
        </path>
        <agent id="0" start.x="1" start.y="10" goal.x="24" goal.y="26" size="0.5" movespeed="1" rotationspeed="1">
            <path pathfound="true" runtime="0.071519099" duration="66.963203">
                <section id="0" start.x="1" start.y="10" goal.x="1" goal.y="10" duration="1.8342136" g-value="1.8342136"/>
                <section id="1" start.x="1" start.y="10" goal.x="1" goal.y="11" duration="1" g-value="2.8342135"/>
                <section id="2" start.x="1" start.y="11" goal.x="3" goal.y="11" duration="2" g-value="4.8342137"/>
                <section id="3" start.x="3" start.y="11" goal.x="3" goal.y="11" duration="0.07" g-value="4.9042134"/>
                <section id="4" start.x="3" start.y="11" goal.x="6" goal.y="10" duration="3.1622777" g-value="8.0664911"/>
                <section id="5" start.x="6" start.y="10" goal.x="6" goal.y="10" duration="1.5157865" g-value="9.5822773"/>
                <section id="6" start.x="6" start.y="10" goal.x="6" goal.y="9" duration="1" g-value="10.582277"/>
                <section id="7" start.x="6" start.y="9" goal.x="5" goal.y="9" duration="1" g-value="11.582277"/>
                <section id="8" start.x="5" start.y="9" goal.x="5" goal.y="9" duration="1.1942134" g-value="12.776491"/>
                <section id="9" start.x="5" start.y="9" goal.x="6" goal.y="9" duration="1" g-value="13.776491"/>
                <section id="10" start.x="6" start.y="9" goal.x="8" goal.y="9" duration="2" g-value="15.776491"/>
                <section id="11" start.x="8" start.y="9" goal.x="8" goal.y="9" duration="0.2" g-value="15.976491"/>
                <section id="12" start.x="8" start.y="9" goal.x="10" goal.y="10" duration="2.236068" g-value="18.212559"/>
                <section id="13" start.x="10" start.y="10" goal.x="10" goal.y="10" duration="1.9794832" g-value="20.192041"/>
                <section id="14" start.x="10" start.y="10" goal.x="11" goal.y="9" duration="1.4142135" g-value="21.606256"/>
                <section id="15" start.x="11" start.y="9" goal.x="15" goal.y="9" duration="4" g-value="25.606256"/>
                <section id="16" start.x="15" start.y="9" goal.x="16" goal.y="10" duration="1.4142135" g-value="27.02047"/>
                <section id="17" start.x="16" start.y="10" goal.x="17" goal.y="10" duration="1" g-value="28.02047"/>
                <section id="18" start.x="17" start.y="10" goal.x="17" goal.y="11" duration="1" g-value="29.02047"/>
                <section id="19" start.x="17" start.y="11" goal.x="16" goal.y="13" duration="2.236068" g-value="31.256536"/>
                <section id="20" start.x="16" start.y="13" goal.x="16" goal.y="16" duration="3" g-value="34.256538"/>
                <section id="21" start.x="16" start.y="16" goal.x="16" goal.y="18" duration="2" g-value="36.256538"/>
                <section id="22" start.x="16" start.y="18" goal.x="15" goal.y="18" duration="1" g-value="37.256538"/>
                <section id="23" start.x="15" start.y="18" goal.x="15" goal.y="18" duration="3.2924528" g-value="40.548988"/>
                <section id="24" start.x="15" start.y="18" goal.x="15" goal.y="20" duration="2" g-value="42.548988"/>
                <section id="25" start.x="15" start.y="20" goal.x="19" goal.y="20" duration="4" g-value="46.548988"/>
                <section id="26" start.x="19" start.y="20" goal.x="19" goal.y="21" duration="1" g-value="47.548988"/>
                <section id="27" start.x="19" start.y="21" goal.x="20" goal.y="21" duration="1" g-value="48.548988"/>
                <section id="28" start.x="20" start.y="21" goal.x="20" goal.y="22" duration="1" g-value="49.548988"/>
                <section id="29" start.x="20" start.y="22" goal.x="28" goal.y="22" duration="8" g-value="57.548988"/>
                <section id="30" start.x="28" start.y="22" goal.x="29" goal.y="23" duration="1.4142135" g-value="58.963203"/>
                <section id="31" start.x="29" start.y="23" goal.x="29" goal.y="26" duration="3" g-value="61.963203"/>
                <section id="32" start.x="29" start.y="26" goal.x="24" goal.y="26" duration="5" g-value="66.963203"/>
            </path>
        </agent>
    </log>
</root>
