<?xml version="1.0" ?>
<root>
    <log>
        <taskfilename>D:/GitHub/AA-SIPP_optimal_2019/Instances/32x32_20/128/233_task.xml</taskfilename>
        <mapfilename>32x32_20.xml</mapfilename>
        <configfilename>config.xml</configfilename>
        <obstaclesfilename>D:/GitHub/AA-SIPP_optimal_2019/Instances/32x32_20/128/233_task_obs.xml</obstaclesfilename>
        <summary runtime="0.0305732" tries="1" agentssolved="1 (100.000000%)" flowtime="60.125481" makespan="60.125481"/>
        <path>
            <row number="0">0 0 0 0 0 0 0 0 0 0 1 0 0 0 0 0 0 1 0 0 0 1 0 1 0 0 0 0 0 0 0 0 </row>
            <row number="1">1 0 0 0 1 0 1 1 0 0 0 0 0 0 0 0 0 0 0 1 0 1 0 0 0 1 0 0 0 0 0 0 </row>
            <row number="2">0 0 0 0 0 0 0 0 0 0 0 0 0 0 1 0 0 0 0 0 0 0 0 1 1 0 0 0 1 0 0 0 </row>
            <row number="3">0 0 0 0 0 1 0 1 0 0 0 0 0 0 0 0 0 0 1 0 0 0 0 0 0 0 0 0 0 1 0 0 </row>
            <row number="4">0 1 1 0 0 0 0 0 0 0 0 0 0 0 1 1 0 1 0 0 0 0 0 0 1 0 0 1 0 0 0 0 </row>
            <row number="5">0 0 0 0 0 0 1 0 0 1 0 1 0 0 1 1 0 0 0 0 0 0 1 0 0 0 0 1 0 0 1 1 </row>
            <row number="6">0 0 0 0 0 0 1 0 0 1 1 0 0 0 0 0 0 0 0 1 0 0 0 0 0 0 0 1 0 0 0 1 </row>
            <row number="7">0 1 0 0 0 1 0 0 0 0 0 0 0 0 0 0 0 0 0 0 0 1 1 0 0 0 1 0 0 1 0 0 </row>
            <row number="8">0 0 0 0 0 0 1 0 0 0 0 0 0 0 0 0 1 0 0 0 0 0 0 0 1 0 1 0 0 0 0 0 </row>
            <row number="9">0 0 1 0 1 0 0 0 0 0 0 0 0 0 0 0 0 1 0 1 0 0 0 0 0 0 0 1 1 0 0 0 </row>
            <row number="10">1 0 1 0 0 0 0 0 0 0 0 0 1 0 1 0 0 0 0 0 0 0 1 0 0 0 1 0 0 0 0 0 </row>
            <row number="11">0 0 0 0 0 0 0 0 0 0 0 0 1 0 0 0 0 0 1 0 1 0 1 0 0 0 0 0 0 0 1 0 </row>
            <row number="12">0 0 1 0 0 0 0 0 1 0 1 0 1 1 0 1 0 0 0 0 0 0 0 0 0 0 1 0 0 0 0 0 </row>
            <row number="13">0 1 0 0 0 0 0 0 0 0 0 0 0 0 0 0 0 0 1 0 1 0 0 0 0 0 1 0 0 0 1 0 </row>
            <row number="14">0 0 0 1 1 1 0 0 0 0 0 0 0 1 0 0 0 0 0 0 0 0 0 1 0 0 0 0 0 0 0 0 </row>
            <row number="15">0 0 0 0 0 0 0 0 1 0 0 0 0 1 0 1 0 1 0 0 1 0 0 0 0 0 0 0 0 0 0 0 </row>
            <row number="16">0 0 1 0 0 0 1 0 0 0 0 0 0 0 0 1 0 0 0 0 1 0 0 1 1 1 0 0 0 0 1 0 </row>
            <row number="17">0 1 0 0 0 0 0 * 1 1 1 0 0 1 0 1 0 0 1 0 1 0 0 1 1 0 0 0 0 1 1 1 </row>
            <row number="18">1 0 0 0 0 0 0 * 0 0 1 0 0 0 0 0 0 0 0 1 0 0 1 0 0 0 0 0 0 1 1 1 </row>
            <row number="19">0 0 0 0 0 0 1 0 * 0 1 0 0 1 0 0 1 0 1 0 0 0 1 0 0 0 1 0 0 0 0 0 </row>
            <row number="20">0 1 0 1 0 0 0 0 0 * * 0 1 * * * * * * * * 0 1 1 0 1 0 0 0 1 0 0 </row>
            <row number="21">0 0 0 0 0 0 0 1 0 1 * * * * 0 0 0 0 1 0 * 1 1 1 0 0 1 1 1 0 0 0 </row>
            <row number="22">0 0 1 0 1 0 0 1 0 0 0 0 1 0 0 0 0 0 0 1 * 0 0 0 0 0 0 0 0 0 1 0 </row>
            <row number="23">0 0 0 0 0 0 0 1 0 0 0 0 0 1 0 0 0 0 1 0 * 0 1 0 1 0 1 1 0 0 0 0 </row>
            <row number="24">0 0 0 0 0 0 0 0 0 0 0 0 0 0 0 0 0 1 0 * * 1 0 1 0 0 1 0 1 0 0 0 </row>
            <row number="25">0 0 0 0 0 0 0 0 0 0 0 0 0 0 0 0 1 0 * * * * * 0 0 1 0 0 1 0 0 1 </row>
            <row number="26">0 1 0 0 0 0 0 0 1 0 1 0 0 0 0 0 0 0 * * 1 1 * 0 0 0 0 0 0 0 0 1 </row>
            <row number="27">0 0 1 0 0 1 0 0 1 0 0 0 0 0 0 0 0 0 * 0 0 0 * 0 0 0 0 0 0 0 0 0 </row>
            <row number="28">1 0 0 1 1 0 0 0 0 0 0 1 0 0 0 1 0 0 0 1 0 0 * 0 0 0 0 0 0 1 1 1 </row>
            <row number="29">1 0 0 0 0 1 0 0 0 0 1 0 0 0 0 1 0 1 0 1 0 0 * 1 0 0 0 0 0 0 1 1 </row>
            <row number="30">1 1 0 1 0 0 1 1 0 1 0 1 1 0 0 0 0 0 1 0 0 0 * 0 0 0 0 1 0 0 0 0 </row>
            <row number="31">1 1 0 0 0 0 0 0 0 0 0 0 0 0 0 1 0 0 1 0 0 0 0 * * * * * 1 0 0 0 </row>
        </path>
        <agent id="0" start.x="27" start.y="31" goal.x="7" goal.y="16" size="0.5" movespeed="1" rotationspeed="1">
            <path pathfound="true" runtime="0.0281421" duration="60.125481">
                <section id="0" start.x="27" start.y="31" goal.x="23" goal.y="31" duration="4" g-value="4"/>
                <section id="1" start.x="23" start.y="31" goal.x="22" goal.y="30" duration="1.4142135" g-value="5.4142137"/>
                <section id="2" start.x="22" start.y="30" goal.x="22" goal.y="30" duration="3.2670836" g-value="8.6812973"/>
                <section id="3" start.x="22" start.y="30" goal.x="22" goal.y="27" duration="3" g-value="11.681297"/>
                <section id="4" start.x="22" start.y="27" goal.x="22" goal.y="25" duration="2" g-value="13.681297"/>
                <section id="5" start.x="22" start.y="25" goal.x="19" goal.y="25" duration="3" g-value="16.681297"/>
                <section id="6" start.x="19" start.y="25" goal.x="18" goal.y="26" duration="1.4142135" g-value="18.09551"/>
                <section id="7" start.x="18" start.y="26" goal.x="18" goal.y="27" duration="1" g-value="19.09551"/>
                <section id="8" start.x="18" start.y="27" goal.x="19" goal.y="26" duration="1.4142135" g-value="20.509724"/>
                <section id="9" start.x="19" start.y="26" goal.x="19" goal.y="25" duration="1" g-value="21.509724"/>
                <section id="10" start.x="19" start.y="25" goal.x="19" goal.y="25" duration="1.3895605" g-value="22.899284"/>
                <section id="11" start.x="19" start.y="25" goal.x="19" goal.y="26" duration="1" g-value="23.899284"/>
                <section id="12" start.x="19" start.y="26" goal.x="19" goal.y="26" duration="1.3425328" g-value="25.241817"/>
                <section id="13" start.x="19" start.y="26" goal.x="18" goal.y="25" duration="1.4142135" g-value="26.656031"/>
                <section id="14" start.x="18" start.y="25" goal.x="18" goal.y="25" duration="4.3933005" g-value="31.049332"/>
                <section id="15" start.x="18" start.y="25" goal.x="19" goal.y="24" duration="1.4142135" g-value="32.463547"/>
                <section id="16" start.x="19" start.y="24" goal.x="20" goal.y="24" duration="1" g-value="33.463547"/>
                <section id="17" start.x="20" start.y="24" goal.x="20" goal.y="24" duration="4.8335085" g-value="38.297054"/>
                <section id="18" start.x="20" start.y="24" goal.x="20" goal.y="20" duration="4" g-value="42.297054"/>
                <section id="19" start.x="20" start.y="20" goal.x="13" goal.y="20" duration="7" g-value="49.297054"/>
                <section id="20" start.x="13" start.y="20" goal.x="13" goal.y="21" duration="1" g-value="50.297054"/>
                <section id="21" start.x="13" start.y="21" goal.x="10" goal.y="21" duration="3" g-value="53.297054"/>
                <section id="22" start.x="10" start.y="21" goal.x="10" goal.y="20" duration="1" g-value="54.297054"/>
                <section id="23" start.x="10" start.y="20" goal.x="9" goal.y="20" duration="1" g-value="55.297054"/>
                <section id="24" start.x="9" start.y="20" goal.x="7" goal.y="18" duration="2.8284271" g-value="58.125481"/>
                <section id="25" start.x="7" start.y="18" goal.x="7" goal.y="16" duration="2" g-value="60.125481"/>
            </path>
        </agent>
    </log>
</root>
