<?xml version="1.0" ?>
<root>
    <log>
        <taskfilename>D:/GitHub/AA-SIPP_optimal_2019/Instances/32x32_20/128/235_task.xml</taskfilename>
        <mapfilename>32x32_20.xml</mapfilename>
        <configfilename>config.xml</configfilename>
        <obstaclesfilename>D:/GitHub/AA-SIPP_optimal_2019/Instances/32x32_20/128/235_task_obs.xml</obstaclesfilename>
        <summary runtime="0.022432299" tries="1" agentssolved="1 (100.000000%)" flowtime="26.466669" makespan="26.466669"/>
        <path>
            <row number="0">0 0 0 0 0 0 0 0 0 0 1 0 0 0 0 0 0 1 0 0 0 1 0 1 0 0 0 0 0 0 0 0 </row>
            <row number="1">1 0 0 0 1 0 1 1 0 0 0 0 0 0 0 0 0 0 0 1 0 1 0 0 0 1 0 0 0 0 0 0 </row>
            <row number="2">0 0 0 0 0 0 0 0 0 0 0 0 0 0 1 0 0 0 0 0 0 0 0 1 1 0 0 0 1 0 0 0 </row>
            <row number="3">0 0 0 0 0 1 0 1 0 * 0 0 0 0 0 0 0 0 1 0 0 0 0 0 0 0 0 0 0 1 0 0 </row>
            <row number="4">0 1 1 0 0 0 0 0 * 0 0 0 0 0 1 1 0 1 0 0 0 0 0 0 1 0 0 1 0 0 0 0 </row>
            <row number="5">0 0 0 0 0 0 1 0 * 1 0 1 0 0 1 1 0 0 0 0 0 0 1 0 0 0 0 1 0 0 1 1 </row>
            <row number="6">0 0 0 0 0 0 1 0 * 1 1 0 0 0 0 0 0 0 0 1 0 0 0 0 0 0 0 1 0 0 0 1 </row>
            <row number="7">0 1 0 0 0 1 0 0 * * 0 0 0 0 0 0 0 0 0 0 0 1 1 0 0 0 1 0 0 1 0 0 </row>
            <row number="8">0 0 0 0 0 0 1 0 0 * 0 0 0 0 0 0 1 0 0 0 0 0 0 0 1 0 1 0 0 0 0 0 </row>
            <row number="9">0 0 1 0 1 0 0 0 0 * 0 0 0 0 0 0 0 1 0 1 0 0 0 0 0 0 0 1 1 0 0 0 </row>
            <row number="10">1 0 1 0 0 0 * * * * 0 0 1 0 1 0 0 0 0 0 0 0 1 0 0 0 1 0 0 0 0 0 </row>
            <row number="11">0 0 0 0 0 0 * 0 0 0 0 0 1 0 0 0 0 0 1 0 1 0 1 0 0 0 0 0 0 0 1 0 </row>
            <row number="12">0 0 1 0 0 * 0 0 1 0 1 0 1 1 0 1 0 0 0 0 0 0 0 0 0 0 1 0 0 0 0 0 </row>
            <row number="13">0 1 0 0 0 * * 0 0 0 0 0 0 0 0 0 0 0 1 0 1 0 0 0 0 0 1 0 0 0 1 0 </row>
            <row number="14">0 0 0 1 1 1 * * 0 0 0 0 0 1 0 0 0 0 0 0 0 0 0 1 0 0 0 0 0 0 0 0 </row>
            <row number="15">0 0 0 0 0 * * 0 1 0 0 0 0 1 0 1 0 1 0 0 1 0 0 0 0 0 0 0 0 0 0 0 </row>
            <row number="16">0 0 1 0 0 0 1 0 0 0 0 0 0 0 0 1 0 0 0 0 1 0 0 1 1 1 0 0 0 0 1 0 </row>
            <row number="17">0 1 0 0 0 0 0 0 1 1 1 0 0 1 0 1 0 0 1 0 1 0 0 1 1 0 0 0 0 1 1 1 </row>
            <row number="18">1 0 0 0 0 0 0 0 0 0 1 0 0 0 0 0 0 0 0 1 0 0 1 0 0 0 0 0 0 1 1 1 </row>
            <row number="19">0 0 0 0 0 0 1 0 0 0 1 0 0 1 0 0 1 0 1 0 0 0 1 0 0 0 1 0 0 0 0 0 </row>
            <row number="20">0 1 0 1 0 0 0 0 0 0 0 0 1 0 0 0 0 0 0 0 0 0 1 1 0 1 0 0 0 1 0 0 </row>
            <row number="21">0 0 0 0 0 0 0 1 0 1 0 0 0 0 0 0 0 0 1 0 0 1 1 1 0 0 1 1 1 0 0 0 </row>
            <row number="22">0 0 1 0 1 0 0 1 0 0 0 0 1 0 0 0 0 0 0 1 0 0 0 0 0 0 0 0 0 0 1 0 </row>
            <row number="23">0 0 0 0 0 0 0 1 0 0 0 0 0 1 0 0 0 0 1 0 0 0 1 0 1 0 1 1 0 0 0 0 </row>
            <row number="24">0 0 0 0 0 0 0 0 0 0 0 0 0 0 0 0 0 1 0 0 0 1 0 1 0 0 1 0 1 0 0 0 </row>
            <row number="25">0 0 0 0 0 0 0 0 0 0 0 0 0 0 0 0 1 0 0 0 0 0 0 0 0 1 0 0 1 0 0 1 </row>
            <row number="26">0 1 0 0 0 0 0 0 1 0 1 0 0 0 0 0 0 0 0 0 1 1 0 0 0 0 0 0 0 0 0 1 </row>
            <row number="27">0 0 1 0 0 1 0 0 1 0 0 0 0 0 0 0 0 0 0 0 0 0 0 0 0 0 0 0 0 0 0 0 </row>
            <row number="28">1 0 0 1 1 0 0 0 0 0 0 1 0 0 0 1 0 0 0 1 0 0 0 0 0 0 0 0 0 1 1 1 </row>
            <row number="29">1 0 0 0 0 1 0 0 0 0 1 0 0 0 0 1 0 1 0 1 0 0 0 1 0 0 0 0 0 0 1 1 </row>
            <row number="30">1 1 0 1 0 0 1 1 0 1 0 1 1 0 0 0 0 0 1 0 0 0 0 0 0 0 0 1 0 0 0 0 </row>
            <row number="31">1 1 0 0 0 0 0 0 0 0 0 0 0 0 0 1 0 0 1 0 0 0 0 0 0 0 0 0 1 0 0 0 </row>
        </path>
        <agent id="0" start.x="9" start.y="3" goal.x="4" goal.y="16" size="0.5" movespeed="1" rotationspeed="1">
            <path pathfound="true" runtime="0.020544801" duration="26.466669">
                <section id="0" start.x="9" start.y="3" goal.x="8" goal.y="4" duration="1.4142135" g-value="1.4142135"/>
                <section id="1" start.x="8" start.y="4" goal.x="8" goal.y="4" duration="1.0448059" g-value="2.4590194"/>
                <section id="2" start.x="8" start.y="4" goal.x="8" goal.y="7" duration="3" g-value="5.4590197"/>
                <section id="3" start.x="8" start.y="7" goal.x="9" goal.y="7" duration="1" g-value="6.4590197"/>
                <section id="4" start.x="9" start.y="7" goal.x="9" goal.y="7" duration="0.201262" g-value="6.6602817"/>
                <section id="5" start.x="9" start.y="7" goal.x="9" goal.y="10" duration="3" g-value="9.6602812"/>
                <section id="6" start.x="9" start.y="10" goal.x="9" goal.y="10" duration="0.93614036" g-value="10.596422"/>
                <section id="7" start.x="9" start.y="10" goal.x="6" goal.y="10" duration="3" g-value="13.596422"/>
                <section id="8" start.x="6" start.y="10" goal.x="6" goal.y="10" duration="0.34999999" g-value="13.946422"/>
                <section id="9" start.x="6" start.y="10" goal.x="5" goal.y="12" duration="2.236068" g-value="16.182489"/>
                <section id="10" start.x="5" start.y="12" goal.x="5" goal.y="13" duration="1" g-value="17.182489"/>
                <section id="11" start.x="5" start.y="13" goal.x="6" goal.y="13" duration="1" g-value="18.182489"/>
                <section id="12" start.x="6" start.y="13" goal.x="7" goal.y="14" duration="1.4142135" g-value="19.596703"/>
                <section id="13" start.x="7" start.y="14" goal.x="7" goal.y="14" duration="2.4557521" g-value="22.052456"/>
                <section id="14" start.x="7" start.y="14" goal.x="6" goal.y="14" duration="1" g-value="23.052456"/>
                <section id="15" start.x="6" start.y="14" goal.x="6" goal.y="15" duration="1" g-value="24.052456"/>
                <section id="16" start.x="6" start.y="15" goal.x="5" goal.y="15" duration="1" g-value="25.052456"/>
                <section id="17" start.x="5" start.y="15" goal.x="4" goal.y="16" duration="1.4142135" g-value="26.466669"/>
            </path>
        </agent>
    </log>
</root>
