<?xml version="1.0" ?>
<root>
    <log>
        <taskfilename>D:/GitHub/AA-SIPP_optimal_2019/Instances/32x32_20/128/236_task.xml</taskfilename>
        <mapfilename>32x32_20.xml</mapfilename>
        <configfilename>config.xml</configfilename>
        <obstaclesfilename>D:/GitHub/AA-SIPP_optimal_2019/Instances/32x32_20/128/236_task_obs.xml</obstaclesfilename>
        <summary runtime="0.022454301" tries="1" agentssolved="1 (100.000000%)" flowtime="38.947399" makespan="38.947399"/>
        <path>
            <row number="0">0 0 0 0 0 0 0 0 0 0 1 0 0 0 0 0 0 1 0 0 0 1 0 1 0 0 0 0 0 0 0 0 </row>
            <row number="1">1 0 0 0 1 0 1 1 0 0 0 0 0 0 0 0 0 0 0 1 0 1 0 0 0 1 0 0 0 0 0 0 </row>
            <row number="2">0 0 0 0 0 0 0 0 0 0 0 0 0 * 1 0 0 0 0 0 0 0 0 1 1 0 0 0 1 0 0 0 </row>
            <row number="3">0 0 0 0 0 1 0 1 0 0 0 0 0 * 0 0 0 0 1 0 0 0 0 0 0 0 0 0 0 1 0 0 </row>
            <row number="4">0 1 1 0 0 0 0 0 0 0 0 0 * 0 1 1 0 1 0 0 0 0 0 0 1 0 0 1 0 0 0 0 </row>
            <row number="5">0 0 0 0 0 0 1 0 0 1 0 1 * 0 1 1 0 0 0 0 0 0 1 0 0 0 0 1 0 0 1 1 </row>
            <row number="6">0 0 0 0 0 0 1 0 0 1 1 0 * 0 0 0 0 0 0 1 0 0 0 0 0 0 0 1 0 0 0 1 </row>
            <row number="7">0 1 0 0 0 1 0 0 0 0 0 * 0 0 0 0 0 0 0 0 0 1 1 0 0 0 1 0 0 1 0 0 </row>
            <row number="8">0 0 0 0 0 0 1 0 0 0 0 * 0 0 0 0 1 0 0 0 0 0 0 0 1 0 1 0 0 0 0 0 </row>
            <row number="9">0 0 1 0 1 0 0 0 0 0 * 0 0 0 0 0 0 1 0 1 0 0 0 0 0 0 0 1 1 0 0 0 </row>
            <row number="10">1 0 1 0 0 0 0 0 0 0 * * 1 0 1 0 0 0 0 0 0 0 1 0 0 0 1 0 0 0 0 0 </row>
            <row number="11">0 0 0 0 0 0 0 0 0 0 0 * 1 0 0 0 0 0 1 0 1 0 1 0 0 0 0 0 0 0 1 0 </row>
            <row number="12">0 0 1 0 0 0 0 0 1 0 1 * 1 1 0 1 0 0 0 0 0 0 0 0 0 0 1 0 0 0 0 0 </row>
            <row number="13">0 1 0 0 0 0 0 0 0 0 0 * 0 0 0 0 0 0 1 0 1 0 0 0 0 0 1 0 0 0 1 0 </row>
            <row number="14">0 0 0 1 1 1 0 0 0 0 0 0 * 1 0 0 0 0 0 0 0 0 0 1 0 0 0 0 0 0 0 0 </row>
            <row number="15">0 0 0 0 0 0 0 0 1 0 0 * * 1 0 1 0 1 0 0 1 0 0 0 0 0 0 0 0 0 0 0 </row>
            <row number="16">0 0 1 0 0 0 1 0 0 0 0 * 0 0 0 1 0 0 0 0 1 0 0 1 1 1 0 0 0 0 1 0 </row>
            <row number="17">0 1 0 0 0 0 0 0 1 1 1 * 0 1 0 1 0 0 1 0 1 0 0 1 1 0 0 0 0 1 1 1 </row>
            <row number="18">1 0 0 0 0 0 0 0 * 0 1 * 0 0 0 0 0 0 0 1 0 0 1 0 0 0 0 0 0 1 1 1 </row>
            <row number="19">0 0 0 0 0 0 1 0 * 0 1 * * 1 0 0 1 0 1 0 0 0 1 0 0 0 1 0 0 0 0 0 </row>
            <row number="20">0 1 0 1 0 0 0 0 0 * * * 1 0 0 0 0 0 0 0 0 0 1 1 0 1 0 0 0 1 0 0 </row>
            <row number="21">0 0 0 0 0 0 0 1 0 1 0 0 0 0 0 0 0 0 1 0 0 1 1 1 0 0 1 1 1 0 0 0 </row>
            <row number="22">0 0 1 0 1 0 0 1 0 0 0 0 1 0 0 0 0 0 0 1 0 0 0 0 0 0 0 0 0 0 1 0 </row>
            <row number="23">0 0 0 0 0 0 0 1 0 0 0 0 0 1 0 0 0 0 1 0 0 0 1 0 1 0 1 1 0 0 0 0 </row>
            <row number="24">0 0 0 0 0 0 0 0 0 0 0 0 0 0 0 0 0 1 0 0 0 1 0 1 0 0 1 0 1 0 0 0 </row>
            <row number="25">0 0 0 0 0 0 0 0 0 0 0 0 0 0 0 0 1 0 0 0 0 0 0 0 0 1 0 0 1 0 0 1 </row>
            <row number="26">0 1 0 0 0 0 0 0 1 0 1 0 0 0 0 0 0 0 0 0 1 1 0 0 0 0 0 0 0 0 0 1 </row>
            <row number="27">0 0 1 0 0 1 0 0 1 0 0 0 0 0 0 0 0 0 0 0 0 0 0 0 0 0 0 0 0 0 0 0 </row>
            <row number="28">1 0 0 1 1 0 0 0 0 0 0 1 0 0 0 1 0 0 0 1 0 0 0 0 0 0 0 0 0 1 1 1 </row>
            <row number="29">1 0 0 0 0 1 0 0 0 0 1 0 0 0 0 1 0 1 0 1 0 0 0 1 0 0 0 0 0 0 1 1 </row>
            <row number="30">1 1 0 1 0 0 1 1 0 1 0 1 1 0 0 0 0 0 1 0 0 0 0 0 0 0 0 1 0 0 0 0 </row>
            <row number="31">1 1 0 0 0 0 0 0 0 0 0 0 0 0 0 1 0 0 1 0 0 0 0 0 0 0 0 0 1 0 0 0 </row>
        </path>
        <agent id="0" start.x="8" start.y="18" goal.x="13" goal.y="1" size="0.5" movespeed="1" rotationspeed="1">
            <path pathfound="true" runtime="0.0203586" duration="38.947399">
                <section id="0" start.x="8" start.y="18" goal.x="8" goal.y="18" duration="0.079999998" g-value="0.079999998"/>
                <section id="1" start.x="8" start.y="18" goal.x="9" goal.y="20" duration="2.236068" g-value="2.3160679"/>
                <section id="2" start.x="9" start.y="20" goal.x="9" goal.y="20" duration="1.103932" g-value="3.4200001"/>
                <section id="3" start.x="9" start.y="20" goal.x="11" goal.y="20" duration="2" g-value="5.4200001"/>
                <section id="4" start.x="11" start.y="20" goal.x="11" goal.y="19" duration="1" g-value="6.4200001"/>
                <section id="5" start.x="11" start.y="19" goal.x="12" goal.y="19" duration="1" g-value="7.4200001"/>
                <section id="6" start.x="12" start.y="19" goal.x="12" goal.y="19" duration="1.2557864" g-value="8.675786"/>
                <section id="7" start.x="12" start.y="19" goal.x="11" goal.y="18" duration="1.4142135" g-value="10.09"/>
                <section id="8" start.x="11" start.y="18" goal.x="11" goal.y="16" duration="2" g-value="12.09"/>
                <section id="9" start.x="11" start.y="16" goal.x="11" goal.y="16" duration="2.5242138" g-value="14.614214"/>
                <section id="10" start.x="11" start.y="16" goal.x="11" goal.y="15" duration="1" g-value="15.614214"/>
                <section id="11" start.x="11" start.y="15" goal.x="11" goal.y="15" duration="1.0264455" g-value="16.640659"/>
                <section id="12" start.x="11" start.y="15" goal.x="12" goal.y="15" duration="1" g-value="17.640659"/>
                <section id="13" start.x="12" start.y="15" goal.x="12" goal.y="15" duration="0.14" g-value="17.780659"/>
                <section id="14" start.x="12" start.y="15" goal.x="11" goal.y="13" duration="2.236068" g-value="20.016727"/>
                <section id="15" start.x="11" start.y="13" goal.x="11" goal.y="13" duration="1.8226767" g-value="21.839403"/>
                <section id="16" start.x="11" start.y="13" goal.x="11" goal.y="10" duration="3" g-value="24.839403"/>
                <section id="17" start.x="11" start.y="10" goal.x="11" goal.y="10" duration="0.34164074" g-value="25.181046"/>
                <section id="18" start.x="11" start.y="10" goal.x="10" goal.y="10" duration="1" g-value="26.181046"/>
                <section id="19" start.x="10" start.y="10" goal.x="10" goal.y="10" duration="3.1463573" g-value="29.327402"/>
                <section id="20" start.x="10" start.y="10" goal.x="11" goal.y="8" duration="2.236068" g-value="31.563471"/>
                <section id="21" start.x="11" start.y="8" goal.x="11" goal.y="8" duration="0.048843127" g-value="31.612312"/>
                <section id="22" start.x="11" start.y="8" goal.x="12" goal.y="6" duration="2.236068" g-value="33.848381"/>
                <section id="23" start.x="12" start.y="6" goal.x="13" goal.y="1" duration="5.0990195" g-value="38.947399"/>
            </path>
        </agent>
    </log>
</root>
