<?xml version="1.0" ?>
<root>
    <log>
        <taskfilename>D:/GitHub/AA-SIPP_optimal_2019/Instances/32x32_20/128/237_task.xml</taskfilename>
        <mapfilename>32x32_20.xml</mapfilename>
        <configfilename>config.xml</configfilename>
        <obstaclesfilename>D:/GitHub/AA-SIPP_optimal_2019/Instances/32x32_20/128/237_task_obs.xml</obstaclesfilename>
        <summary runtime="0.037215199" tries="1" agentssolved="1 (100.000000%)" flowtime="37.674644" makespan="37.674644"/>
        <path>
            <row number="0">0 0 0 0 0 0 0 0 0 0 1 0 0 0 0 0 0 1 0 0 0 1 0 1 0 0 0 0 0 0 0 0 </row>
            <row number="1">1 0 0 0 1 0 1 1 0 0 0 0 0 0 0 0 0 0 0 1 0 1 0 0 0 1 0 0 0 0 0 0 </row>
            <row number="2">0 0 0 0 0 0 0 0 0 0 0 0 0 0 1 0 0 0 0 0 0 0 0 1 1 0 0 0 1 0 0 0 </row>
            <row number="3">0 0 0 0 0 1 0 1 0 0 0 0 0 0 0 0 0 0 1 0 0 0 0 0 0 0 0 0 0 1 0 0 </row>
            <row number="4">0 1 1 0 0 0 0 0 0 0 0 0 0 0 1 1 0 1 0 0 0 0 0 0 1 0 0 1 0 0 0 0 </row>
            <row number="5">0 0 0 0 0 0 1 0 0 1 0 1 0 0 1 1 0 0 0 0 0 0 1 0 0 0 0 1 0 0 1 1 </row>
            <row number="6">0 0 0 0 0 0 1 0 0 1 1 0 0 0 0 0 0 0 0 1 0 0 0 0 0 0 0 1 0 0 0 1 </row>
            <row number="7">0 1 0 0 0 1 0 0 0 0 0 0 0 0 0 0 0 0 0 0 0 1 1 0 0 0 1 0 0 1 0 0 </row>
            <row number="8">0 0 0 0 0 0 1 0 0 0 0 0 0 0 0 0 1 0 0 0 0 0 0 0 1 0 1 0 0 0 0 0 </row>
            <row number="9">0 0 1 0 1 0 0 0 0 0 0 0 0 0 0 0 0 1 0 1 0 0 0 0 0 0 0 1 1 0 0 0 </row>
            <row number="10">1 0 1 0 0 0 0 0 0 0 0 0 1 0 1 0 0 0 0 0 0 0 1 0 0 0 1 0 0 0 0 0 </row>
            <row number="11">0 0 0 0 0 0 0 0 0 0 0 0 1 0 0 0 0 0 1 * 1 0 1 0 0 0 0 0 0 0 1 0 </row>
            <row number="12">0 0 1 0 0 0 0 0 1 0 1 0 1 1 0 1 0 0 0 * * * * * 0 0 1 0 0 0 0 0 </row>
            <row number="13">0 1 0 0 0 0 0 0 0 0 0 0 0 0 0 0 0 0 1 * 1 0 0 0 * * 1 0 0 0 1 0 </row>
            <row number="14">0 0 0 1 1 1 0 0 0 0 0 0 0 1 0 0 * * * * 0 0 0 1 0 * 0 0 0 0 0 0 </row>
            <row number="15">0 0 0 0 0 0 0 0 1 0 0 0 0 1 0 1 * 1 0 0 1 0 0 0 0 0 * 0 0 0 0 0 </row>
            <row number="16">0 0 1 0 0 0 1 0 0 0 0 0 0 0 0 1 * * 0 0 1 0 0 1 1 1 * 0 0 0 1 0 </row>
            <row number="17">0 1 0 0 0 0 0 0 1 1 1 0 0 1 0 1 0 * 1 0 1 0 0 1 1 0 * 0 0 1 1 1 </row>
            <row number="18">1 0 0 0 0 0 0 0 0 0 1 0 0 0 0 0 0 * 0 1 0 0 1 0 0 0 0 0 0 1 1 1 </row>
            <row number="19">0 0 0 0 0 0 1 0 0 0 1 0 0 1 0 0 1 * 1 0 0 0 1 0 0 0 1 0 0 0 0 0 </row>
            <row number="20">0 1 0 1 0 0 0 0 0 0 0 0 1 * * * * * 0 0 0 0 1 1 0 1 0 0 0 1 0 0 </row>
            <row number="21">0 0 0 0 0 0 0 1 0 1 0 0 0 * 0 0 0 0 1 0 0 1 1 1 0 0 1 1 1 0 0 0 </row>
            <row number="22">0 0 1 0 1 0 0 1 0 0 0 0 1 0 0 0 0 0 0 1 0 0 0 0 0 0 0 0 0 0 1 0 </row>
            <row number="23">0 0 0 0 0 0 0 1 0 0 0 0 0 1 0 0 0 0 1 0 0 0 1 0 1 0 1 1 0 0 0 0 </row>
            <row number="24">0 0 0 0 0 0 0 0 0 0 0 0 0 0 0 0 0 1 0 0 0 1 0 1 0 0 1 0 1 0 0 0 </row>
            <row number="25">0 0 0 0 0 0 0 0 0 0 0 0 0 0 0 0 1 0 0 0 0 0 0 0 0 1 0 0 1 0 0 1 </row>
            <row number="26">0 1 0 0 0 0 0 0 1 0 1 0 0 0 0 0 0 0 0 0 1 1 0 0 0 0 0 0 0 0 0 1 </row>
            <row number="27">0 0 1 0 0 1 0 0 1 0 0 0 0 0 0 0 0 0 0 0 0 0 0 0 0 0 0 0 0 0 0 0 </row>
            <row number="28">1 0 0 1 1 0 0 0 0 0 0 1 0 0 0 1 0 0 0 1 0 0 0 0 0 0 0 0 0 1 1 1 </row>
            <row number="29">1 0 0 0 0 1 0 0 0 0 1 0 0 0 0 1 0 1 0 1 0 0 0 1 0 0 0 0 0 0 1 1 </row>
            <row number="30">1 1 0 1 0 0 1 1 0 1 0 1 1 0 0 0 0 0 1 0 0 0 0 0 0 0 0 1 0 0 0 0 </row>
            <row number="31">1 1 0 0 0 0 0 0 0 0 0 0 0 0 0 1 0 0 1 0 0 0 0 0 0 0 0 0 1 0 0 0 </row>
        </path>
        <agent id="0" start.x="26" start.y="17" goal.x="12" goal.y="21" size="0.5" movespeed="1" rotationspeed="1">
            <path pathfound="true" runtime="0.035423499" duration="37.674644">
                <section id="0" start.x="26" start.y="17" goal.x="26" goal.y="15" duration="2" g-value="2"/>
                <section id="1" start.x="26" start.y="15" goal.x="25" goal.y="14" duration="1.4142135" g-value="3.4142137"/>
                <section id="2" start.x="25" start.y="14" goal.x="25" goal.y="13" duration="1" g-value="4.4142137"/>
                <section id="3" start.x="25" start.y="13" goal.x="22" goal.y="12" duration="3.1622777" g-value="7.5764914"/>
                <section id="4" start.x="22" start.y="12" goal.x="22" goal.y="12" duration="3.3195767" g-value="10.896068"/>
                <section id="5" start.x="22" start.y="12" goal.x="20" goal.y="12" duration="2" g-value="12.896068"/>
                <section id="6" start.x="20" start.y="12" goal.x="19" goal.y="12" duration="1" g-value="13.896068"/>
                <section id="7" start.x="19" start.y="12" goal.x="19" goal.y="11" duration="1" g-value="14.896068"/>
                <section id="8" start.x="19" start.y="11" goal.x="19" goal.y="11" duration="0.75491828" g-value="15.650987"/>
                <section id="9" start.x="19" start.y="11" goal.x="19" goal.y="13" duration="2" g-value="17.650986"/>
                <section id="10" start.x="19" start.y="13" goal.x="19" goal.y="13" duration="0.41" g-value="18.060986"/>
                <section id="11" start.x="19" start.y="13" goal.x="19" goal.y="14" duration="1" g-value="19.060986"/>
                <section id="12" start.x="19" start.y="14" goal.x="16" goal.y="14" duration="3" g-value="22.060986"/>
                <section id="13" start.x="16" start.y="14" goal.x="16" goal.y="14" duration="0.66259319" g-value="22.723579"/>
                <section id="14" start.x="16" start.y="14" goal.x="16" goal.y="16" duration="2" g-value="24.723579"/>
                <section id="15" start.x="16" start.y="16" goal.x="17" goal.y="16" duration="1" g-value="25.723579"/>
                <section id="16" start.x="17" start.y="16" goal.x="17" goal.y="16" duration="1.9510639" g-value="27.674643"/>
                <section id="17" start.x="17" start.y="16" goal.x="17" goal.y="20" duration="4" g-value="31.674643"/>
                <section id="18" start.x="17" start.y="20" goal.x="13" goal.y="20" duration="4" g-value="35.674644"/>
                <section id="19" start.x="13" start.y="20" goal.x="13" goal.y="21" duration="1" g-value="36.674644"/>
                <section id="20" start.x="13" start.y="21" goal.x="12" goal.y="21" duration="1" g-value="37.674644"/>
            </path>
        </agent>
    </log>
</root>
