<?xml version="1.0" ?>
<root>
    <log>
        <taskfilename>D:/GitHub/AA-SIPP_optimal_2019/Instances/32x32_20/128/239_task.xml</taskfilename>
        <mapfilename>32x32_20.xml</mapfilename>
        <configfilename>config.xml</configfilename>
        <obstaclesfilename>D:/GitHub/AA-SIPP_optimal_2019/Instances/32x32_20/128/239_task_obs.xml</obstaclesfilename>
        <summary runtime="0.0154356" tries="1" agentssolved="1 (100.000000%)" flowtime="43.04311" makespan="43.04311"/>
        <path>
            <row number="0">0 0 0 0 0 0 0 0 0 0 1 0 0 0 0 0 0 1 0 0 0 1 0 1 * * * * 0 0 0 0 </row>
            <row number="1">1 0 0 0 1 0 1 1 0 0 0 0 0 * * * * 0 0 1 0 1 * * * 1 0 0 * 0 0 0 </row>
            <row number="2">0 0 0 0 0 0 0 0 0 0 0 0 0 * 1 0 0 * * * * * * 1 1 0 0 0 1 0 0 0 </row>
            <row number="3">0 0 0 0 0 1 0 1 0 0 0 0 0 * 0 0 0 0 1 0 0 0 0 0 0 0 0 0 0 1 0 0 </row>
            <row number="4">0 1 1 0 0 0 0 0 0 0 0 0 * 0 1 1 0 1 0 0 0 0 0 0 1 0 0 1 0 0 0 0 </row>
            <row number="5">0 0 0 0 0 0 1 0 0 1 0 1 * 0 1 1 0 0 0 0 0 0 1 0 0 0 0 1 0 0 1 1 </row>
            <row number="6">0 0 0 0 0 0 1 0 0 1 1 0 * 0 0 0 0 0 0 1 0 0 0 0 0 0 0 1 0 0 0 1 </row>
            <row number="7">0 1 0 0 0 1 0 0 0 0 * * 0 0 0 0 0 0 0 0 0 1 1 0 0 0 1 0 0 1 0 0 </row>
            <row number="8">0 0 0 0 0 0 1 0 0 * 0 0 0 0 0 0 1 0 0 0 0 0 0 0 1 0 1 0 0 0 0 0 </row>
            <row number="9">0 0 1 0 1 0 0 0 * 0 0 0 0 0 0 0 0 1 0 1 0 0 0 0 0 0 0 1 1 0 0 0 </row>
            <row number="10">1 0 1 0 0 0 0 0 * 0 0 0 1 0 1 0 0 0 0 0 0 0 1 0 0 0 1 0 0 0 0 0 </row>
            <row number="11">0 0 0 0 0 0 0 * 0 0 0 0 1 0 0 0 0 0 1 0 1 0 1 0 0 0 0 0 0 0 1 0 </row>
            <row number="12">0 0 1 0 0 0 0 * 1 0 1 0 1 1 0 1 0 0 0 0 0 0 0 0 0 0 1 0 0 0 0 0 </row>
            <row number="13">0 1 0 0 0 0 0 * 0 0 0 0 0 0 0 0 0 0 1 0 1 0 0 0 0 0 1 0 0 0 1 0 </row>
            <row number="14">0 0 0 1 1 1 * 0 0 0 0 0 0 1 0 0 0 0 0 0 0 0 0 1 0 0 0 0 0 0 0 0 </row>
            <row number="15">0 0 0 0 * * * 0 1 0 0 0 0 1 0 1 0 1 0 0 1 0 0 0 0 0 0 0 0 0 0 0 </row>
            <row number="16">0 0 1 0 0 0 1 0 0 0 0 0 0 0 0 1 0 0 0 0 1 0 0 1 1 1 0 0 0 0 1 0 </row>
            <row number="17">0 1 0 0 0 0 0 0 1 1 1 0 0 1 0 1 0 0 1 0 1 0 0 1 1 0 0 0 0 1 1 1 </row>
            <row number="18">1 0 0 0 0 0 0 0 0 0 1 0 0 0 0 0 0 0 0 1 0 0 1 0 0 0 0 0 0 1 1 1 </row>
            <row number="19">0 0 0 0 0 0 1 0 0 0 1 0 0 1 0 0 1 0 1 0 0 0 1 0 0 0 1 0 0 0 0 0 </row>
            <row number="20">0 1 0 1 0 0 0 0 0 0 0 0 1 0 0 0 0 0 0 0 0 0 1 1 0 1 0 0 0 1 0 0 </row>
            <row number="21">0 0 0 0 0 0 0 1 0 1 0 0 0 0 0 0 0 0 1 0 0 1 1 1 0 0 1 1 1 0 0 0 </row>
            <row number="22">0 0 1 0 1 0 0 1 0 0 0 0 1 0 0 0 0 0 0 1 0 0 0 0 0 0 0 0 0 0 1 0 </row>
            <row number="23">0 0 0 0 0 0 0 1 0 0 0 0 0 1 0 0 0 0 1 0 0 0 1 0 1 0 1 1 0 0 0 0 </row>
            <row number="24">0 0 0 0 0 0 0 0 0 0 0 0 0 0 0 0 0 1 0 0 0 1 0 1 0 0 1 0 1 0 0 0 </row>
            <row number="25">0 0 0 0 0 0 0 0 0 0 0 0 0 0 0 0 1 0 0 0 0 0 0 0 0 1 0 0 1 0 0 1 </row>
            <row number="26">0 1 0 0 0 0 0 0 1 0 1 0 0 0 0 0 0 0 0 0 1 1 0 0 0 0 0 0 0 0 0 1 </row>
            <row number="27">0 0 1 0 0 1 0 0 1 0 0 0 0 0 0 0 0 0 0 0 0 0 0 0 0 0 0 0 0 0 0 0 </row>
            <row number="28">1 0 0 1 1 0 0 0 0 0 0 1 0 0 0 1 0 0 0 1 0 0 0 0 0 0 0 0 0 1 1 1 </row>
            <row number="29">1 0 0 0 0 1 0 0 0 0 1 0 0 0 0 1 0 1 0 1 0 0 0 1 0 0 0 0 0 0 1 1 </row>
            <row number="30">1 1 0 1 0 0 1 1 0 1 0 1 1 0 0 0 0 0 1 0 0 0 0 0 0 0 0 1 0 0 0 0 </row>
            <row number="31">1 1 0 0 0 0 0 0 0 0 0 0 0 0 0 1 0 0 1 0 0 0 0 0 0 0 0 0 1 0 0 0 </row>
        </path>
        <agent id="0" start.x="28" start.y="1" goal.x="3" goal.y="15" size="0.5" movespeed="1" rotationspeed="1">
            <path pathfound="true" runtime="0.0134424" duration="43.04311">
                <section id="0" start.x="28" start.y="1" goal.x="27" goal.y="0" duration="1.4142135" g-value="1.4142135"/>
                <section id="1" start.x="27" start.y="0" goal.x="27" goal.y="0" duration="1.42" g-value="2.8342135"/>
                <section id="2" start.x="27" start.y="0" goal.x="26" goal.y="0" duration="1" g-value="3.8342135"/>
                <section id="3" start.x="26" start.y="0" goal.x="24" goal.y="0" duration="2" g-value="5.8342137"/>
                <section id="4" start.x="24" start.y="0" goal.x="24" goal.y="1" duration="1" g-value="6.8342137"/>
                <section id="5" start.x="24" start.y="1" goal.x="22" goal.y="1" duration="2" g-value="8.8342133"/>
                <section id="6" start.x="22" start.y="1" goal.x="22" goal.y="1" duration="3.9883456" g-value="12.822559"/>
                <section id="7" start.x="22" start.y="1" goal.x="22" goal.y="2" duration="1" g-value="13.822559"/>
                <section id="8" start.x="22" start.y="2" goal.x="17" goal.y="2" duration="5" g-value="18.822559"/>
                <section id="9" start.x="17" start.y="2" goal.x="17" goal.y="2" duration="0.17" g-value="18.992559"/>
                <section id="10" start.x="17" start.y="2" goal.x="16" goal.y="1" duration="1.4142135" g-value="20.406773"/>
                <section id="11" start.x="16" start.y="1" goal.x="13" goal.y="1" duration="3" g-value="23.406773"/>
                <section id="12" start.x="13" start.y="1" goal.x="12" goal.y="6" duration="5.0990195" g-value="28.505793"/>
                <section id="13" start.x="12" start.y="6" goal.x="8" goal.y="9" duration="5" g-value="33.505791"/>
                <section id="14" start.x="8" start.y="9" goal.x="8" goal.y="10" duration="1" g-value="34.505791"/>
                <section id="15" start.x="8" start.y="10" goal.x="7" goal.y="11" duration="1.4142135" g-value="35.920006"/>
                <section id="16" start.x="7" start.y="11" goal.x="6" goal.y="15" duration="4.1231055" g-value="40.04311"/>
                <section id="17" start.x="6" start.y="15" goal.x="3" goal.y="15" duration="3" g-value="43.04311"/>
            </path>
        </agent>
    </log>
</root>
