<?xml version="1.0" ?>
<root>
    <log>
        <taskfilename>D:/GitHub/AA-SIPP_optimal_2019/Instances/32x32_20/128/23_task.xml</taskfilename>
        <mapfilename>32x32_20.xml</mapfilename>
        <configfilename>config.xml</configfilename>
        <obstaclesfilename>D:/GitHub/AA-SIPP_optimal_2019/Instances/32x32_20/128/23_task_obs.xml</obstaclesfilename>
        <summary runtime="0.017850701" tries="1" agentssolved="1 (100.000000%)" flowtime="40.817558" makespan="40.817558"/>
        <path>
            <row number="0">0 0 0 0 0 0 0 0 0 0 1 0 0 0 0 0 0 1 0 0 0 1 0 1 0 0 0 0 0 0 0 0 </row>
            <row number="1">1 0 0 0 1 0 1 1 0 0 0 0 0 0 0 0 0 0 0 1 0 1 0 0 0 1 0 0 0 0 0 0 </row>
            <row number="2">0 0 0 0 0 0 0 0 0 0 0 0 0 0 1 0 0 0 0 0 0 0 0 1 1 0 0 0 1 0 0 0 </row>
            <row number="3">0 0 0 0 0 1 0 1 0 0 0 0 0 0 0 0 0 0 1 0 0 0 0 0 0 0 0 0 0 1 0 0 </row>
            <row number="4">0 1 1 0 0 0 0 0 0 0 0 0 0 0 1 1 0 1 0 0 0 0 0 0 1 0 0 1 0 0 0 0 </row>
            <row number="5">0 0 0 0 0 0 1 0 0 1 0 1 0 0 1 1 0 0 0 0 0 0 1 0 0 0 0 1 0 0 1 1 </row>
            <row number="6">0 0 0 0 0 0 1 0 0 1 1 0 0 0 0 0 0 0 0 1 0 0 0 0 0 0 0 1 0 0 0 1 </row>
            <row number="7">0 1 0 0 0 1 0 0 0 0 0 0 0 0 0 0 0 0 0 0 0 1 1 0 0 0 1 0 0 1 0 0 </row>
            <row number="8">0 * * 0 0 0 1 0 0 0 0 0 0 0 0 0 1 0 0 0 0 0 0 0 1 0 1 0 0 0 0 0 </row>
            <row number="9">0 * 1 0 1 0 0 0 0 0 0 0 0 0 0 0 0 1 0 1 0 0 0 0 0 0 0 1 1 0 0 0 </row>
            <row number="10">1 * 1 0 0 0 0 0 0 0 0 0 1 0 1 0 0 0 0 0 0 0 1 0 0 0 1 0 0 0 0 0 </row>
            <row number="11">0 * 0 0 0 0 0 0 0 0 0 0 1 0 0 0 0 0 1 0 1 0 1 0 0 0 0 0 0 0 1 0 </row>
            <row number="12">* 0 1 0 0 0 0 0 1 0 1 0 1 1 0 1 0 0 0 0 0 0 0 0 0 0 1 0 0 0 0 0 </row>
            <row number="13">* 1 0 0 0 0 0 0 0 0 0 0 0 0 0 0 0 0 1 0 1 0 0 0 0 0 1 0 0 0 1 0 </row>
            <row number="14">* * 0 1 1 1 0 0 0 0 0 0 0 1 0 0 0 0 0 0 0 0 0 1 0 0 0 0 0 0 0 0 </row>
            <row number="15">0 0 * * 0 0 0 0 1 0 0 0 0 1 0 1 0 1 0 0 1 0 0 0 0 0 0 0 0 0 0 0 </row>
            <row number="16">0 0 1 0 * 0 1 0 0 0 0 0 0 0 0 1 0 0 0 0 1 0 0 1 1 1 0 0 0 0 1 0 </row>
            <row number="17">0 1 0 0 0 * 0 0 1 1 1 0 0 1 0 1 0 0 1 0 1 0 0 1 1 0 0 0 0 1 1 1 </row>
            <row number="18">1 0 0 0 0 0 * * 0 0 1 0 0 0 0 0 0 0 0 1 0 0 1 0 0 0 0 0 0 1 1 1 </row>
            <row number="19">0 0 0 0 0 0 1 0 * 0 1 0 0 1 0 0 1 0 1 0 0 0 1 0 0 0 1 0 0 0 0 0 </row>
            <row number="20">0 1 0 1 0 0 0 0 * 0 0 0 1 0 0 0 0 0 0 0 0 0 1 1 0 1 0 0 0 1 0 0 </row>
            <row number="21">0 0 0 0 0 0 0 1 * 1 0 0 0 0 0 0 0 0 1 0 0 1 1 1 0 0 1 1 1 0 0 0 </row>
            <row number="22">0 0 1 0 1 0 0 1 * 0 0 0 1 0 0 0 0 0 0 1 0 0 0 0 0 0 0 0 0 0 1 0 </row>
            <row number="23">0 0 0 0 0 0 0 1 * 0 0 0 0 1 0 0 0 0 1 0 0 0 1 0 1 0 1 1 0 0 0 0 </row>
            <row number="24">0 0 0 0 0 0 0 0 0 * 0 0 0 0 0 0 0 1 0 0 0 1 0 1 0 0 1 0 1 0 0 0 </row>
            <row number="25">0 0 0 0 0 0 0 0 0 * 0 0 0 0 0 0 1 0 0 0 0 0 0 0 0 1 0 0 1 0 0 1 </row>
            <row number="26">0 1 0 0 0 0 0 0 1 * 1 0 0 0 0 0 0 0 0 0 1 1 0 0 0 0 0 0 0 0 0 1 </row>
            <row number="27">0 0 1 0 0 1 0 0 1 * 0 0 0 0 0 0 0 0 0 0 0 0 0 0 0 0 0 0 0 0 0 0 </row>
            <row number="28">1 0 0 1 1 0 0 0 0 * 0 1 0 0 0 1 0 0 0 1 0 0 0 0 0 0 0 0 0 1 1 1 </row>
            <row number="29">1 0 0 0 0 1 0 0 * 0 1 0 0 0 0 1 0 1 0 1 0 0 0 1 0 0 0 0 0 0 1 1 </row>
            <row number="30">1 1 0 1 0 0 1 1 * 1 0 1 1 0 0 0 0 0 1 0 0 0 0 0 0 0 0 1 0 0 0 0 </row>
            <row number="31">1 1 0 * * * * * * 0 0 0 0 0 0 1 0 0 1 0 0 0 0 0 0 0 0 0 1 0 0 0 </row>
        </path>
        <agent id="0" start.x="2" start.y="8" goal.x="2" goal.y="31" size="0.5" movespeed="1" rotationspeed="1">
            <path pathfound="true" runtime="0.015937001" duration="40.817558">
                <section id="0" start.x="2" start.y="8" goal.x="2" goal.y="8" duration="2.4200001" g-value="2.4200001"/>
                <section id="1" start.x="2" start.y="8" goal.x="1" goal.y="8" duration="1" g-value="3.4200001"/>
                <section id="2" start.x="1" start.y="8" goal.x="1" goal.y="11" duration="3" g-value="6.4200001"/>
                <section id="3" start.x="1" start.y="11" goal.x="0" goal.y="12" duration="1.4142135" g-value="7.8342137"/>
                <section id="4" start.x="0" start.y="12" goal.x="0" goal.y="14" duration="2" g-value="9.8342133"/>
                <section id="5" start.x="0" start.y="14" goal.x="2" goal.y="15" duration="2.236068" g-value="12.070282"/>
                <section id="6" start.x="2" start.y="15" goal.x="3" goal.y="15" duration="1" g-value="13.070282"/>
                <section id="7" start.x="3" start.y="15" goal.x="6" goal.y="18" duration="4.2426405" g-value="17.312922"/>
                <section id="8" start.x="6" start.y="18" goal.x="6" goal.y="18" duration="1.0919961" g-value="18.404919"/>
                <section id="9" start.x="6" start.y="18" goal.x="7" goal.y="18" duration="1" g-value="19.404919"/>
                <section id="10" start.x="7" start.y="18" goal.x="8" goal.y="19" duration="1.4142135" g-value="20.819132"/>
                <section id="11" start.x="8" start.y="19" goal.x="8" goal.y="19" duration="0.38" g-value="21.199131"/>
                <section id="12" start.x="8" start.y="19" goal.x="8" goal.y="23" duration="4" g-value="25.199131"/>
                <section id="13" start.x="8" start.y="23" goal.x="9" goal.y="24" duration="1.4142135" g-value="26.613346"/>
                <section id="14" start.x="9" start.y="24" goal.x="9" goal.y="24" duration="0.79000002" g-value="27.403345"/>
                <section id="15" start.x="9" start.y="24" goal.x="9" goal.y="28" duration="4" g-value="31.403345"/>
                <section id="16" start.x="9" start.y="28" goal.x="8" goal.y="29" duration="1.4142135" g-value="32.817558"/>
                <section id="17" start.x="8" start.y="29" goal.x="8" goal.y="31" duration="2" g-value="34.817558"/>
                <section id="18" start.x="8" start.y="31" goal.x="2" goal.y="31" duration="6" g-value="40.817558"/>
            </path>
        </agent>
    </log>
</root>
