<?xml version="1.0" ?>
<root>
    <log>
        <taskfilename>D:/GitHub/AA-SIPP_optimal_2019/Instances/32x32_20/128/240_task.xml</taskfilename>
        <mapfilename>32x32_20.xml</mapfilename>
        <configfilename>config.xml</configfilename>
        <obstaclesfilename>D:/GitHub/AA-SIPP_optimal_2019/Instances/32x32_20/128/240_task_obs.xml</obstaclesfilename>
        <summary runtime="0.021201201" tries="1" agentssolved="1 (100.000000%)" flowtime="41.982098" makespan="41.982098"/>
        <path>
            <row number="0">0 0 0 0 0 0 0 0 0 0 1 0 0 0 0 0 0 1 0 0 0 1 0 1 0 0 0 0 0 0 0 0 </row>
            <row number="1">1 0 0 0 1 0 1 1 0 0 0 0 0 0 0 0 0 0 0 1 0 1 0 0 0 1 0 0 0 0 0 0 </row>
            <row number="2">0 0 0 0 0 0 0 0 0 0 0 0 0 0 1 0 0 0 0 0 0 0 0 1 1 0 0 0 1 0 0 0 </row>
            <row number="3">0 0 0 0 0 1 0 1 0 0 0 0 0 0 0 0 0 0 1 0 0 0 0 0 0 0 0 0 0 1 0 0 </row>
            <row number="4">0 1 1 0 0 0 0 0 0 0 0 0 0 0 1 1 0 1 0 0 0 0 0 0 1 0 0 1 0 0 0 0 </row>
            <row number="5">0 0 0 0 0 0 1 0 0 1 0 1 0 0 1 1 0 0 0 0 0 0 1 0 0 0 0 1 0 0 1 1 </row>
            <row number="6">0 0 0 0 0 0 1 0 0 1 1 0 0 0 0 0 0 0 0 1 0 0 0 0 0 0 0 1 0 0 0 1 </row>
            <row number="7">0 1 0 0 0 1 0 0 0 0 0 0 0 0 0 0 0 0 0 0 0 1 1 0 0 0 1 0 0 1 0 0 </row>
            <row number="8">0 0 0 0 0 0 1 0 0 0 0 0 0 0 0 0 1 0 0 0 0 0 0 0 1 0 1 0 0 0 * * </row>
            <row number="9">0 0 1 0 1 0 0 0 0 0 0 0 0 0 0 0 0 1 0 1 0 0 0 0 0 0 0 1 1 * 0 0 </row>
            <row number="10">1 0 1 0 0 0 0 0 0 0 0 0 1 0 1 0 0 0 0 0 0 0 1 0 0 0 1 0 0 * 0 0 </row>
            <row number="11">0 0 0 0 0 0 0 0 0 0 0 0 1 0 0 0 0 0 1 0 1 0 1 0 0 0 0 0 0 * 1 0 </row>
            <row number="12">0 0 1 0 0 0 0 0 1 0 1 0 1 1 0 1 0 0 0 0 0 0 0 0 0 0 1 0 0 * 0 0 </row>
            <row number="13">0 1 0 0 0 0 0 0 0 0 0 0 0 0 0 0 0 0 1 0 1 0 0 0 0 0 1 0 * 0 1 0 </row>
            <row number="14">0 0 0 1 1 1 0 0 0 0 0 0 0 1 0 0 0 0 0 0 0 0 0 1 0 0 0 0 * * 0 0 </row>
            <row number="15">0 0 0 0 0 0 0 0 1 0 0 0 0 1 0 1 0 1 0 0 1 0 0 0 0 0 0 0 0 * * 0 </row>
            <row number="16">0 0 1 0 0 0 1 0 0 0 0 0 0 0 0 1 0 0 0 0 1 0 0 1 1 1 0 0 * 0 1 0 </row>
            <row number="17">0 1 0 0 0 0 0 0 1 1 1 0 0 1 0 1 0 0 1 0 1 0 0 1 1 0 0 0 * 1 1 1 </row>
            <row number="18">1 0 0 0 0 0 0 0 0 0 1 0 0 0 0 0 0 0 0 1 0 0 1 0 0 0 0 0 * 1 1 1 </row>
            <row number="19">0 0 0 0 0 0 1 0 0 0 1 0 0 1 0 0 1 0 1 0 0 0 1 0 0 0 1 0 * * * 0 </row>
            <row number="20">0 1 0 1 0 0 0 0 0 0 0 0 1 0 0 0 0 0 0 0 0 0 1 1 0 1 0 0 0 1 * 0 </row>
            <row number="21">0 0 0 0 0 0 0 1 0 1 0 0 0 0 0 0 0 0 1 0 0 1 1 1 0 0 1 1 1 0 0 * </row>
            <row number="22">0 0 1 0 1 0 0 1 0 0 0 0 1 0 0 0 0 0 0 1 0 0 0 0 0 0 0 0 0 0 1 * </row>
            <row number="23">0 0 0 0 0 0 0 1 0 0 0 0 0 1 0 0 0 0 1 0 0 0 1 0 1 0 1 1 0 0 0 * </row>
            <row number="24">0 0 0 0 0 0 0 0 0 0 0 0 0 0 0 0 0 1 0 0 0 1 0 1 0 0 1 0 1 0 * * </row>
            <row number="25">0 0 0 0 0 0 0 0 0 0 0 0 0 0 0 0 1 0 0 0 0 0 * 0 0 1 0 0 1 0 * 1 </row>
            <row number="26">0 1 0 0 0 0 0 0 1 0 1 0 0 0 0 0 0 0 0 0 1 1 * 0 0 * * * * * 0 1 </row>
            <row number="27">0 0 1 0 0 1 0 0 1 0 0 0 0 0 0 0 0 0 0 0 0 0 0 * * * 0 0 0 0 0 0 </row>
            <row number="28">1 0 0 1 1 0 0 0 0 0 0 1 0 0 0 1 0 0 0 1 0 0 0 0 0 0 0 0 0 1 1 1 </row>
            <row number="29">1 0 0 0 0 1 0 0 0 0 1 0 0 0 0 1 0 1 0 1 0 0 0 1 0 0 0 0 0 0 1 1 </row>
            <row number="30">1 1 0 1 0 0 1 1 0 1 0 1 1 0 0 0 0 0 1 0 0 0 0 0 0 0 0 1 0 0 0 0 </row>
            <row number="31">1 1 0 0 0 0 0 0 0 0 0 0 0 0 0 1 0 0 1 0 0 0 0 0 0 0 0 0 1 0 0 0 </row>
        </path>
        <agent id="0" start.x="31" start.y="8" goal.x="21" goal.y="25" size="0.5" movespeed="1" rotationspeed="1">
            <path pathfound="true" runtime="0.0185575" duration="41.982098">
                <section id="0" start.x="31" start.y="8" goal.x="29" goal.y="9" duration="2.236068" g-value="2.236068"/>
                <section id="1" start.x="29" start.y="9" goal.x="29" goal.y="9" duration="5.5981455" g-value="7.8342137"/>
                <section id="2" start.x="29" start.y="9" goal.x="29" goal.y="10" duration="1" g-value="8.8342133"/>
                <section id="3" start.x="29" start.y="10" goal.x="28" goal.y="14" duration="4.1231055" g-value="12.957319"/>
                <section id="4" start.x="28" start.y="14" goal.x="30" goal.y="15" duration="2.236068" g-value="15.193387"/>
                <section id="5" start.x="30" start.y="15" goal.x="29" goal.y="15" duration="1" g-value="16.193388"/>
                <section id="6" start.x="29" start.y="15" goal.x="28" goal.y="16" duration="1.4142135" g-value="17.607601"/>
                <section id="7" start.x="28" start.y="16" goal.x="28" goal.y="16" duration="0.31" g-value="17.917601"/>
                <section id="8" start.x="28" start.y="16" goal.x="28" goal.y="19" duration="3" g-value="20.917601"/>
                <section id="9" start.x="28" start.y="19" goal.x="30" goal.y="19" duration="2" g-value="22.917601"/>
                <section id="10" start.x="30" start.y="19" goal.x="31" goal.y="21" duration="2.236068" g-value="25.153669"/>
                <section id="11" start.x="31" start.y="21" goal.x="31" goal.y="24" duration="3" g-value="28.153669"/>
                <section id="12" start.x="31" start.y="24" goal.x="30" goal.y="24" duration="1" g-value="29.153669"/>
                <section id="13" start.x="30" start.y="24" goal.x="30" goal.y="25" duration="1" g-value="30.153669"/>
                <section id="14" start.x="30" start.y="25" goal.x="29" goal.y="26" duration="1.4142135" g-value="31.567883"/>
                <section id="15" start.x="29" start.y="26" goal.x="25" goal.y="26" duration="4" g-value="35.567883"/>
                <section id="16" start.x="25" start.y="26" goal.x="25" goal.y="27" duration="1" g-value="36.567883"/>
                <section id="17" start.x="25" start.y="27" goal.x="23" goal.y="27" duration="2" g-value="38.567883"/>
                <section id="18" start.x="23" start.y="27" goal.x="22" goal.y="26" duration="1.4142135" g-value="39.982098"/>
                <section id="19" start.x="22" start.y="26" goal.x="22" goal.y="25" duration="1" g-value="40.982098"/>
                <section id="20" start.x="22" start.y="25" goal.x="21" goal.y="25" duration="1" g-value="41.982098"/>
            </path>
        </agent>
    </log>
</root>
