<?xml version="1.0" ?>
<root>
    <log>
        <taskfilename>D:/GitHub/AA-SIPP_optimal_2019/Instances/32x32_20/128/241_task.xml</taskfilename>
        <mapfilename>32x32_20.xml</mapfilename>
        <configfilename>config.xml</configfilename>
        <obstaclesfilename>D:/GitHub/AA-SIPP_optimal_2019/Instances/32x32_20/128/241_task_obs.xml</obstaclesfilename>
        <summary runtime="0.090551898" tries="1" agentssolved="1 (100.000000%)" flowtime="61.576668" makespan="61.576668"/>
        <path>
            <row number="0">0 0 0 0 0 0 0 0 0 0 1 0 0 0 0 0 0 1 0 0 0 1 0 1 0 0 0 0 0 0 0 0 </row>
            <row number="1">1 0 0 0 1 0 1 1 0 0 0 0 0 0 0 0 0 0 0 1 0 1 0 0 0 1 0 0 0 0 0 0 </row>
            <row number="2">0 0 0 0 0 0 0 0 0 0 0 0 0 0 1 0 0 0 0 0 0 0 0 1 1 0 0 0 1 0 0 0 </row>
            <row number="3">0 0 0 0 0 1 0 1 0 0 0 0 0 0 0 0 0 0 1 0 0 0 0 0 0 0 0 0 0 1 0 0 </row>
            <row number="4">0 1 1 0 0 0 0 0 0 0 0 0 0 0 1 1 0 1 0 0 0 0 0 0 1 0 0 1 0 0 0 0 </row>
            <row number="5">0 0 0 0 0 0 1 0 0 1 0 1 0 0 1 1 0 0 0 0 0 0 1 0 0 0 0 1 0 0 1 1 </row>
            <row number="6">0 0 0 0 0 0 1 0 0 1 1 0 0 0 0 0 0 0 0 1 0 0 0 0 0 0 0 1 0 0 0 1 </row>
            <row number="7">0 1 0 0 0 1 0 0 0 0 0 0 0 0 0 0 0 0 0 0 0 1 1 0 0 0 1 0 0 1 0 0 </row>
            <row number="8">0 0 0 0 0 0 1 0 0 0 0 0 0 0 0 0 1 0 0 0 0 0 0 0 1 0 1 0 0 0 0 0 </row>
            <row number="9">0 0 1 0 1 0 0 0 0 0 0 0 0 0 0 0 0 1 0 1 0 0 0 0 0 0 0 1 1 0 0 0 </row>
            <row number="10">1 0 1 0 0 0 0 0 0 0 0 0 1 0 1 0 0 0 0 0 0 0 1 0 0 0 1 0 0 0 0 0 </row>
            <row number="11">0 0 0 0 0 0 0 0 0 0 0 0 1 0 0 0 0 0 1 0 1 0 1 0 0 0 0 0 0 0 1 0 </row>
            <row number="12">0 0 1 0 0 0 0 0 1 0 1 0 1 1 0 1 0 0 0 0 0 0 0 0 0 0 1 0 0 0 0 0 </row>
            <row number="13">0 1 0 0 0 0 0 0 0 0 0 0 0 0 0 0 0 0 1 0 1 0 0 0 0 0 1 0 0 0 1 0 </row>
            <row number="14">0 0 0 1 1 1 0 0 0 0 0 0 0 1 0 0 0 0 0 0 0 0 0 1 0 0 0 0 0 0 0 0 </row>
            <row number="15">0 0 0 0 0 0 0 0 1 0 0 0 0 1 0 1 0 1 0 0 1 0 0 0 0 0 0 0 0 0 0 0 </row>
            <row number="16">0 0 1 0 0 0 1 0 0 0 0 0 0 0 0 1 0 0 0 0 1 0 0 1 1 1 0 0 0 0 1 0 </row>
            <row number="17">0 1 0 0 0 0 0 0 1 1 1 0 0 1 0 1 0 0 1 0 1 0 0 1 1 0 0 0 0 1 1 1 </row>
            <row number="18">1 0 0 0 * 0 0 0 0 0 1 0 0 0 0 0 0 0 0 1 0 0 1 0 0 0 0 0 0 1 1 1 </row>
            <row number="19">0 0 0 0 * 0 1 0 0 0 1 0 0 1 0 0 1 0 1 0 0 0 1 0 0 0 1 0 0 0 0 0 </row>
            <row number="20">0 1 0 1 0 * 0 0 0 0 0 0 1 0 0 0 0 0 0 0 0 0 1 1 0 1 0 0 0 1 0 0 </row>
            <row number="21">0 0 0 0 0 * 0 1 0 1 0 0 0 0 0 0 0 0 1 0 0 1 1 1 0 0 1 1 1 0 0 0 </row>
            <row number="22">0 0 1 0 1 * 0 1 0 0 0 0 1 0 0 0 0 0 0 1 0 0 0 0 0 0 0 0 0 0 1 0 </row>
            <row number="23">0 0 0 0 0 * 0 1 0 0 0 0 0 1 0 0 0 0 1 0 0 0 1 0 1 0 1 1 0 0 0 0 </row>
            <row number="24">0 0 0 0 0 * 0 0 0 0 0 0 0 0 0 0 0 1 0 0 0 1 0 1 0 0 1 0 1 0 0 0 </row>
            <row number="25">0 0 0 0 0 0 * 0 0 0 0 0 * * * 0 1 0 0 0 0 0 0 0 0 1 0 0 1 0 * 1 </row>
            <row number="26">0 1 0 0 0 0 * 0 1 0 1 0 * 0 0 * 0 0 0 0 1 1 0 0 0 0 0 0 0 0 * 1 </row>
            <row number="27">0 0 1 0 0 1 0 * 1 0 * * * 0 0 * * * * * * 0 0 0 0 0 0 0 * * * * </row>
            <row number="28">1 0 0 1 1 0 0 * * * 0 1 * 0 0 1 * 0 0 1 * * * * * * * * 0 1 1 1 </row>
            <row number="29">1 0 0 0 0 1 0 0 0 0 1 0 0 0 0 1 0 1 0 1 0 0 0 1 0 0 0 0 0 0 1 1 </row>
            <row number="30">1 1 0 1 0 0 1 1 0 1 0 1 1 0 0 0 0 0 1 0 0 0 0 0 0 0 0 1 0 0 0 0 </row>
            <row number="31">1 1 0 0 0 0 0 0 0 0 0 0 0 0 0 1 0 0 1 0 0 0 0 0 0 0 0 0 1 0 0 0 </row>
        </path>
        <agent id="0" start.x="4" start.y="18" goal.x="29" goal.y="24" size="0.5" movespeed="1" rotationspeed="1">
            <path pathfound="true" runtime="0.088309899" duration="61.576668">
                <section id="0" start.x="4" start.y="18" goal.x="4" goal.y="19" duration="1" g-value="1"/>
                <section id="1" start.x="4" start.y="19" goal.x="4" goal.y="19" duration="0.75806415" g-value="1.7580642"/>
                <section id="2" start.x="4" start.y="19" goal.x="5" goal.y="20" duration="1.4142135" g-value="3.1722777"/>
                <section id="3" start.x="5" start.y="20" goal.x="5" goal.y="20" duration="0.50968552" g-value="3.6819632"/>
                <section id="4" start.x="5" start.y="20" goal.x="5" goal.y="23" duration="3" g-value="6.681963"/>
                <section id="5" start.x="5" start.y="23" goal.x="5" goal.y="23" duration="0.44999999" g-value="7.1319633"/>
                <section id="6" start.x="5" start.y="23" goal.x="7" goal.y="28" duration="5.3851647" g-value="12.517128"/>
                <section id="7" start.x="7" start.y="28" goal.x="9" goal.y="28" duration="2" g-value="14.517128"/>
                <section id="8" start.x="9" start.y="28" goal.x="9" goal.y="28" duration="3.5745368" g-value="18.091665"/>
                <section id="9" start.x="9" start.y="28" goal.x="10" goal.y="27" duration="1.4142135" g-value="19.505878"/>
                <section id="10" start.x="10" start.y="27" goal.x="12" goal.y="27" duration="2" g-value="21.505878"/>
                <section id="11" start.x="12" start.y="27" goal.x="12" goal.y="28" duration="1" g-value="22.505878"/>
                <section id="12" start.x="12" start.y="28" goal.x="12" goal.y="28" duration="3.5027406" g-value="26.008619"/>
                <section id="13" start.x="12" start.y="28" goal.x="12" goal.y="25" duration="3" g-value="29.008619"/>
                <section id="14" start.x="12" start.y="25" goal.x="14" goal.y="25" duration="2" g-value="31.008619"/>
                <section id="15" start.x="14" start.y="25" goal.x="15" goal.y="26" duration="1.4142135" g-value="32.422832"/>
                <section id="16" start.x="15" start.y="26" goal.x="15" goal.y="27" duration="1" g-value="33.422832"/>
                <section id="17" start.x="15" start.y="27" goal.x="16" goal.y="27" duration="1" g-value="34.422832"/>
                <section id="18" start.x="16" start.y="27" goal.x="16" goal.y="28" duration="1" g-value="35.422832"/>
                <section id="19" start.x="16" start.y="28" goal.x="16" goal.y="27" duration="1" g-value="36.422832"/>
                <section id="20" start.x="16" start.y="27" goal.x="20" goal.y="27" duration="4" g-value="40.422832"/>
                <section id="21" start.x="20" start.y="27" goal.x="20" goal.y="28" duration="1" g-value="41.422832"/>
                <section id="22" start.x="20" start.y="28" goal.x="27" goal.y="28" duration="7" g-value="48.422832"/>
                <section id="23" start.x="27" start.y="28" goal.x="28" goal.y="27" duration="1.4142135" g-value="49.837048"/>
                <section id="24" start.x="28" start.y="27" goal.x="31" goal.y="27" duration="3" g-value="52.837048"/>
                <section id="25" start.x="31" start.y="27" goal.x="31" goal.y="27" duration="4.3254085" g-value="57.162453"/>
                <section id="26" start.x="31" start.y="27" goal.x="30" goal.y="27" duration="1" g-value="58.162453"/>
                <section id="27" start.x="30" start.y="27" goal.x="30" goal.y="25" duration="2" g-value="60.162453"/>
                <section id="28" start.x="30" start.y="25" goal.x="29" goal.y="24" duration="1.4142135" g-value="61.576668"/>
            </path>
        </agent>
    </log>
</root>
