<?xml version="1.0" ?>
<root>
    <log>
        <taskfilename>D:/GitHub/AA-SIPP_optimal_2019/Instances/32x32_20/128/243_task.xml</taskfilename>
        <mapfilename>32x32_20.xml</mapfilename>
        <configfilename>config.xml</configfilename>
        <obstaclesfilename>D:/GitHub/AA-SIPP_optimal_2019/Instances/32x32_20/128/243_task_obs.xml</obstaclesfilename>
        <summary runtime="0.0297729" tries="1" agentssolved="1 (100.000000%)" flowtime="44.747375" makespan="44.747375"/>
        <path>
            <row number="0">0 0 0 0 0 0 0 0 0 0 1 0 0 0 0 0 0 1 0 0 0 1 0 1 0 0 0 0 0 0 0 0 </row>
            <row number="1">1 0 0 0 1 0 1 1 0 0 0 0 0 0 0 0 0 0 0 1 0 1 0 0 0 1 0 0 0 0 0 0 </row>
            <row number="2">0 0 0 0 0 0 0 0 0 0 0 0 0 0 1 0 0 0 0 0 0 0 0 1 1 0 0 0 1 0 0 0 </row>
            <row number="3">0 0 0 0 0 1 0 1 0 0 0 0 0 0 0 0 0 0 1 0 0 0 0 0 0 0 0 0 0 1 0 0 </row>
            <row number="4">0 1 1 0 0 0 0 0 0 0 0 0 0 0 1 1 0 1 0 0 0 0 0 0 1 0 0 1 0 0 0 0 </row>
            <row number="5">0 0 0 0 0 0 1 0 0 1 0 1 0 0 1 1 0 0 0 0 0 0 1 0 0 0 0 1 0 0 1 1 </row>
            <row number="6">0 0 0 0 0 0 1 0 0 1 1 0 0 0 0 0 0 0 0 1 0 0 0 0 0 0 0 1 0 0 0 1 </row>
            <row number="7">0 1 0 0 0 1 0 0 0 0 0 0 0 0 0 0 0 0 0 0 0 1 1 0 0 0 1 0 0 1 0 0 </row>
            <row number="8">0 0 0 0 0 0 1 0 0 0 0 0 0 0 0 0 1 0 0 0 0 0 0 0 1 0 1 0 0 0 0 0 </row>
            <row number="9">0 * 1 0 1 0 0 0 0 0 0 0 0 0 0 0 0 1 0 1 0 0 0 0 0 0 0 1 1 0 0 0 </row>
            <row number="10">1 * 1 0 0 0 0 0 0 0 0 0 1 0 1 0 0 0 0 0 0 0 1 0 0 0 1 0 0 0 0 0 </row>
            <row number="11">0 * * * 0 0 0 0 0 0 0 0 1 0 0 0 0 0 1 0 1 0 1 0 0 0 0 0 0 0 1 0 </row>
            <row number="12">0 0 1 0 * * * 0 1 0 1 0 1 1 0 1 0 0 0 0 0 0 0 0 0 0 1 0 0 0 0 0 </row>
            <row number="13">0 1 0 0 0 0 0 * * * * * * * 0 0 0 0 1 0 1 0 0 0 0 0 1 0 0 0 1 0 </row>
            <row number="14">0 0 0 1 1 1 0 0 0 0 0 0 * 1 0 0 0 0 0 0 0 0 0 1 0 0 0 0 0 0 0 0 </row>
            <row number="15">0 0 0 0 0 0 0 0 1 0 0 * 0 1 0 1 0 1 0 0 1 0 0 0 0 0 0 0 0 0 0 0 </row>
            <row number="16">0 0 1 0 0 0 1 0 0 0 0 * 0 0 0 1 0 0 0 0 1 0 0 1 1 1 0 0 0 0 1 0 </row>
            <row number="17">0 1 0 0 0 0 0 0 1 1 1 * 0 1 0 1 0 0 1 0 1 0 0 1 1 0 0 0 0 1 1 1 </row>
            <row number="18">1 0 0 0 0 0 0 0 0 0 1 * 0 0 0 0 0 0 0 1 0 0 1 0 0 0 0 0 0 1 1 1 </row>
            <row number="19">0 0 0 0 0 0 1 0 0 0 1 * 0 1 0 0 1 0 1 0 0 0 1 0 0 0 1 0 0 0 0 0 </row>
            <row number="20">0 1 0 1 0 0 0 0 0 0 0 * 1 0 0 0 0 0 0 0 0 0 1 1 0 1 0 0 0 1 0 0 </row>
            <row number="21">0 0 0 0 0 0 0 1 0 1 0 * 0 0 0 0 0 0 1 0 0 1 1 1 0 0 1 1 1 0 0 0 </row>
            <row number="22">0 0 1 0 1 0 0 1 0 0 0 * 1 0 0 0 0 0 0 1 0 0 0 0 0 0 0 0 0 0 1 0 </row>
            <row number="23">0 0 0 0 0 0 0 1 0 0 0 * * 1 0 0 0 0 1 0 0 0 1 0 1 0 1 1 0 0 0 0 </row>
            <row number="24">0 0 0 0 0 0 0 0 0 0 0 0 * 0 0 0 0 1 0 0 0 1 0 1 0 0 1 0 1 0 0 0 </row>
            <row number="25">0 0 0 0 0 0 0 0 0 0 0 0 0 * 0 0 1 0 0 0 0 0 0 0 0 1 0 0 1 0 0 1 </row>
            <row number="26">0 1 0 0 0 0 0 0 1 0 1 0 0 0 * 0 0 0 0 0 1 1 0 0 0 0 0 0 0 0 0 1 </row>
            <row number="27">0 0 1 0 0 1 0 0 1 0 0 0 0 0 * 0 0 0 0 0 0 0 0 0 0 0 0 0 0 0 0 0 </row>
            <row number="28">1 0 0 1 1 0 0 0 0 0 0 1 0 0 * 1 0 0 0 1 0 0 0 0 0 0 0 0 0 1 1 1 </row>
            <row number="29">1 0 0 0 0 1 0 0 0 0 1 0 0 0 * 1 0 1 0 1 0 0 0 1 0 0 0 0 0 0 1 1 </row>
            <row number="30">1 1 0 1 0 0 1 1 0 1 0 1 1 0 * 0 0 0 1 0 0 0 0 0 0 0 0 1 0 0 0 0 </row>
            <row number="31">1 1 0 0 0 0 0 0 0 0 0 0 0 0 0 1 0 0 1 0 0 0 0 0 0 0 0 0 1 0 0 0 </row>
        </path>
        <agent id="0" start.x="1" start.y="9" goal.x="13" goal.y="31" size="0.5" movespeed="1" rotationspeed="1">
            <path pathfound="true" runtime="0.026439101" duration="44.747375">
                <section id="0" start.x="1" start.y="9" goal.x="1" goal.y="9" duration="1.8342135" g-value="1.8342135"/>
                <section id="1" start.x="1" start.y="9" goal.x="1" goal.y="11" duration="2" g-value="3.8342135"/>
                <section id="2" start.x="1" start.y="11" goal.x="3" goal.y="11" duration="2" g-value="5.8342137"/>
                <section id="3" start.x="3" start.y="11" goal.x="3" goal.y="11" duration="0.24032389" g-value="6.0745373"/>
                <section id="4" start.x="3" start.y="11" goal.x="4" goal.y="12" duration="1.4142135" g-value="7.4887509"/>
                <section id="5" start.x="4" start.y="12" goal.x="6" goal.y="12" duration="2" g-value="9.4887514"/>
                <section id="6" start.x="6" start.y="12" goal.x="6" goal.y="12" duration="0.10703529" g-value="9.5957861"/>
                <section id="7" start.x="6" start.y="12" goal.x="7" goal.y="13" duration="1.4142135" g-value="11.01"/>
                <section id="8" start.x="7" start.y="13" goal.x="7" goal.y="13" duration="0.79000002" g-value="11.8"/>
                <section id="9" start.x="7" start.y="13" goal.x="13" goal.y="13" duration="6" g-value="17.799999"/>
                <section id="10" start.x="13" start.y="13" goal.x="13" goal.y="13" duration="0.99431247" g-value="18.794312"/>
                <section id="11" start.x="13" start.y="13" goal.x="12" goal.y="13" duration="1" g-value="19.794312"/>
                <section id="12" start.x="12" start.y="13" goal.x="12" goal.y="13" duration="0.13632576" g-value="19.930637"/>
                <section id="13" start.x="12" start.y="13" goal.x="12" goal.y="14" duration="1" g-value="20.930637"/>
                <section id="14" start.x="12" start.y="14" goal.x="11" goal.y="15" duration="1.4142135" g-value="22.344852"/>
                <section id="15" start.x="11" start.y="15" goal.x="11" goal.y="18" duration="3" g-value="25.344852"/>
                <section id="16" start.x="11" start.y="18" goal.x="11" goal.y="18" duration="3.8256712" g-value="29.170523"/>
                <section id="17" start.x="11" start.y="18" goal.x="11" goal.y="23" duration="5" g-value="34.170525"/>
                <section id="18" start.x="11" start.y="23" goal.x="12" goal.y="23" duration="1" g-value="35.170525"/>
                <section id="19" start.x="12" start.y="23" goal.x="12" goal.y="23" duration="0.33421355" g-value="35.504738"/>
                <section id="20" start.x="12" start.y="23" goal.x="12" goal.y="24" duration="1" g-value="36.504738"/>
                <section id="21" start.x="12" start.y="24" goal.x="14" goal.y="26" duration="2.8284271" g-value="39.333164"/>
                <section id="22" start.x="14" start.y="26" goal.x="14" goal.y="30" duration="4" g-value="43.333164"/>
                <section id="23" start.x="14" start.y="30" goal.x="13" goal.y="31" duration="1.4142135" g-value="44.747375"/>
            </path>
        </agent>
    </log>
</root>
