<?xml version="1.0" ?>
<root>
    <log>
        <taskfilename>D:/GitHub/AA-SIPP_optimal_2019/Instances/32x32_20/128/245_task.xml</taskfilename>
        <mapfilename>32x32_20.xml</mapfilename>
        <configfilename>config.xml</configfilename>
        <obstaclesfilename>D:/GitHub/AA-SIPP_optimal_2019/Instances/32x32_20/128/245_task_obs.xml</obstaclesfilename>
        <summary runtime="0.047436301" tries="1" agentssolved="1 (100.000000%)" flowtime="42.93568" makespan="42.93568"/>
        <path>
            <row number="0">0 0 0 0 0 0 0 0 0 0 1 0 0 0 0 0 0 1 0 0 0 1 0 1 0 0 0 0 0 0 0 0 </row>
            <row number="1">1 0 0 0 1 0 1 1 0 0 0 0 0 0 0 0 0 0 0 1 0 1 0 0 0 1 0 0 0 0 0 0 </row>
            <row number="2">0 0 0 0 0 0 0 0 0 0 0 0 0 0 1 0 0 0 0 0 0 0 0 1 1 0 0 0 1 0 0 0 </row>
            <row number="3">0 0 0 0 0 1 0 1 0 0 0 0 0 0 0 0 0 0 1 0 0 0 0 0 0 0 0 0 0 1 0 0 </row>
            <row number="4">0 1 1 0 0 0 0 0 0 0 0 0 0 0 1 1 0 1 0 0 0 0 0 0 1 0 0 1 0 0 0 0 </row>
            <row number="5">0 0 0 0 0 0 1 0 0 1 0 1 0 0 1 1 0 0 0 0 0 0 1 0 0 0 0 1 0 0 1 1 </row>
            <row number="6">0 0 0 0 0 0 1 0 0 1 1 0 0 0 0 0 0 0 0 1 0 0 0 0 0 0 0 1 0 0 0 1 </row>
            <row number="7">0 1 0 0 0 1 0 0 0 0 0 0 0 0 0 0 0 0 0 0 0 1 1 0 0 0 1 0 0 1 0 0 </row>
            <row number="8">0 0 0 0 0 0 1 0 0 0 0 0 0 0 0 0 1 0 0 0 0 0 0 0 1 0 1 0 0 0 0 0 </row>
            <row number="9">0 0 1 0 1 0 0 0 0 0 0 0 0 0 0 0 0 1 0 1 0 0 0 0 0 0 0 1 1 0 0 0 </row>
            <row number="10">1 0 1 0 0 0 0 0 0 0 0 0 1 0 1 0 0 0 0 0 0 0 1 0 0 0 1 0 0 0 0 0 </row>
            <row number="11">0 0 0 0 0 0 0 0 0 0 0 0 1 0 0 0 0 0 1 0 1 0 1 0 0 0 0 0 0 0 1 0 </row>
            <row number="12">0 0 1 0 0 0 0 0 1 0 1 0 1 1 0 1 0 0 0 0 0 0 0 0 0 0 1 0 0 0 0 0 </row>
            <row number="13">0 1 0 0 0 0 0 0 0 0 0 0 0 0 0 0 0 0 1 0 1 0 0 0 0 0 1 0 0 0 1 0 </row>
            <row number="14">0 0 0 1 1 1 0 0 0 0 0 0 0 1 0 0 0 0 0 0 0 0 0 1 0 0 0 0 0 0 0 0 </row>
            <row number="15">0 0 0 0 0 0 0 0 1 0 0 0 0 1 0 1 0 1 0 0 1 0 * * * * * 0 0 0 0 0 </row>
            <row number="16">0 0 1 0 0 0 1 0 0 0 0 0 0 0 0 1 0 0 0 0 1 0 * 1 1 1 0 * 0 0 1 0 </row>
            <row number="17">0 1 0 0 0 0 0 0 1 1 1 0 0 1 0 1 0 0 1 0 1 * 0 1 1 0 0 0 0 1 1 1 </row>
            <row number="18">1 0 0 0 0 0 0 0 0 0 1 0 0 0 0 0 0 0 0 1 0 * 1 0 0 0 0 0 0 1 1 1 </row>
            <row number="19">0 0 0 0 0 0 1 0 0 0 1 0 0 1 0 0 1 0 1 * * 0 1 0 0 0 1 0 0 0 0 0 </row>
            <row number="20">0 1 0 1 0 0 0 0 0 0 0 0 1 0 0 0 0 * * * 0 0 1 1 0 1 0 0 0 1 0 0 </row>
            <row number="21">0 0 0 0 0 0 0 1 0 1 0 * * * 0 0 * 0 1 0 0 1 1 1 0 0 1 1 1 0 0 0 </row>
            <row number="22">0 0 1 0 1 * 0 1 * * * 0 1 0 * * 0 0 0 1 0 0 0 0 0 0 0 0 0 0 1 0 </row>
            <row number="23">0 0 0 0 0 * 0 1 * 0 0 0 0 1 0 0 0 0 1 0 0 0 1 0 1 0 1 1 0 0 0 0 </row>
            <row number="24">0 0 0 0 0 * 0 0 * 0 0 0 0 0 0 0 0 1 0 0 0 1 0 1 0 0 1 0 1 0 0 0 </row>
            <row number="25">0 0 0 0 0 * * * * 0 0 0 0 0 0 0 1 0 0 0 0 0 0 0 0 1 0 0 1 0 0 1 </row>
            <row number="26">0 1 0 0 0 * 0 0 1 0 1 0 0 0 0 0 0 0 0 0 1 1 0 0 0 0 0 0 0 0 0 1 </row>
            <row number="27">0 0 1 0 0 1 0 0 1 0 0 0 0 0 0 0 0 0 0 0 0 0 0 0 0 0 0 0 0 0 0 0 </row>
            <row number="28">1 0 0 1 1 0 0 0 0 0 0 1 0 0 0 1 0 0 0 1 0 0 0 0 0 0 0 0 0 1 1 1 </row>
            <row number="29">1 0 0 0 0 1 0 0 0 0 1 0 0 0 0 1 0 1 0 1 0 0 0 1 0 0 0 0 0 0 1 1 </row>
            <row number="30">1 1 0 1 0 0 1 1 0 1 0 1 1 0 0 0 0 0 1 0 0 0 0 0 0 0 0 1 0 0 0 0 </row>
            <row number="31">1 1 0 0 0 0 0 0 0 0 0 0 0 0 0 1 0 0 1 0 0 0 0 0 0 0 0 0 1 0 0 0 </row>
        </path>
        <agent id="0" start.x="27" start.y="16" goal.x="6" goal.y="21" size="0.5" movespeed="1" rotationspeed="1">
            <path pathfound="true" runtime="0.0452981" duration="42.93568">
                <section id="0" start.x="27" start.y="16" goal.x="26" goal.y="15" duration="1.4142135" g-value="1.4142135"/>
                <section id="1" start.x="26" start.y="15" goal.x="22" goal.y="15" duration="4" g-value="5.4142137"/>
                <section id="2" start.x="22" start.y="15" goal.x="21" goal.y="17" duration="2.236068" g-value="7.6502814"/>
                <section id="3" start.x="21" start.y="17" goal.x="21" goal.y="18" duration="1" g-value="8.6502819"/>
                <section id="4" start.x="21" start.y="18" goal.x="20" goal.y="19" duration="1.4142135" g-value="10.064495"/>
                <section id="5" start.x="20" start.y="19" goal.x="19" goal.y="19" duration="1" g-value="11.064495"/>
                <section id="6" start.x="19" start.y="19" goal.x="19" goal.y="20" duration="1" g-value="12.064495"/>
                <section id="7" start.x="19" start.y="20" goal.x="19" goal.y="20" duration="1.1610562" g-value="13.225552"/>
                <section id="8" start.x="19" start.y="20" goal.x="17" goal.y="20" duration="2" g-value="15.225552"/>
                <section id="9" start.x="17" start.y="20" goal.x="16" goal.y="21" duration="1.4142135" g-value="16.639765"/>
                <section id="10" start.x="16" start.y="21" goal.x="16" goal.y="21" duration="0.090000004" g-value="16.729765"/>
                <section id="11" start.x="16" start.y="21" goal.x="15" goal.y="22" duration="1.4142135" g-value="18.143978"/>
                <section id="12" start.x="15" start.y="22" goal.x="13" goal.y="21" duration="2.236068" g-value="20.380047"/>
                <section id="13" start.x="13" start.y="21" goal.x="13" goal.y="21" duration="1.7520722" g-value="22.132118"/>
                <section id="14" start.x="13" start.y="21" goal.x="11" goal.y="21" duration="2" g-value="24.132118"/>
                <section id="15" start.x="11" start.y="21" goal.x="10" goal.y="22" duration="1.4142135" g-value="25.546331"/>
                <section id="16" start.x="10" start.y="22" goal.x="8" goal.y="22" duration="2" g-value="27.546331"/>
                <section id="17" start.x="8" start.y="22" goal.x="8" goal.y="22" duration="2.3299999" g-value="29.876331"/>
                <section id="18" start.x="8" start.y="22" goal.x="8" goal.y="25" duration="3" g-value="32.876331"/>
                <section id="19" start.x="8" start.y="25" goal.x="7" goal.y="25" duration="1" g-value="33.876331"/>
                <section id="20" start.x="7" start.y="25" goal.x="5" goal.y="26" duration="2.236068" g-value="36.1124"/>
                <section id="21" start.x="5" start.y="26" goal.x="5" goal.y="26" duration="1.4090676" g-value="37.521469"/>
                <section id="22" start.x="5" start.y="26" goal.x="5" goal.y="24" duration="2" g-value="39.521469"/>
                <section id="23" start.x="5" start.y="24" goal.x="5" goal.y="22" duration="2" g-value="41.521469"/>
                <section id="24" start.x="5" start.y="22" goal.x="6" goal.y="21" duration="1.4142135" g-value="42.93568"/>
            </path>
        </agent>
    </log>
</root>
