<?xml version="1.0" ?>
<root>
    <agents number="129">
       <agent id="0" start.x="7" start.y="29" goal.x="14" goal.y="17" size="0.5" movespeed="1"/>
       <agent id="1" start.x="26" start.y="14" goal.x="19" goal.y="26" size="0.5" movespeed="1"/>
       <agent id="2" start.x="28" start.y="3" goal.x="28" goal.y="14" size="0.5" movespeed="1"/>
       <agent id="3" start.x="0" start.y="26" goal.x="15" goal.y="27" size="0.5" movespeed="1"/>
       <agent id="4" start.x="20" start.y="4" goal.x="19" goal.y="19" size="0.5" movespeed="1"/>
       <agent id="5" start.x="28" start.y="18" goal.x="7" goal.y="7" size="0.5" movespeed="1"/>
       <agent id="6" start.x="11" start.y="3" goal.x="6" goal.y="25" size="0.5" movespeed="1"/>
       <agent id="7" start.x="27" start.y="20" goal.x="15" goal.y="21" size="0.5" movespeed="1"/>
       <agent id="8" start.x="9" start.y="24" goal.x="26" goal.y="14" size="0.5" movespeed="1"/>
       <agent id="9" start.x="10" start.y="2" goal.x="4" goal.y="10" size="0.5" movespeed="1"/>
       <agent id="10" start.x="27" start.y="10" goal.x="0" goal.y="17" size="0.5" movespeed="1"/>
       <agent id="11" start.x="8" start.y="16" goal.x="20" goal.y="27" size="0.5" movespeed="1"/>
       <agent id="12" start.x="24" start.y="15" goal.x="1" goal.y="5" size="0.5" movespeed="1"/>
       <agent id="13" start.x="26" start.y="18" goal.x="20" goal.y="9" size="0.5" movespeed="1"/>
       <agent id="14" start.x="25" start.y="2" goal.x="11" goal.y="22" size="0.5" movespeed="1"/>
       <agent id="15" start.x="30" start.y="1" goal.x="24" goal.y="18" size="0.5" movespeed="1"/>
       <agent id="16" start.x="8" start.y="25" goal.x="20" goal.y="25" size="0.5" movespeed="1"/>
       <agent id="17" start.x="30" start.y="27" goal.x="8" goal.y="19" size="0.5" movespeed="1"/>
       <agent id="18" start.x="22" start.y="15" goal.x="27" goal.y="0" size="0.5" movespeed="1"/>
       <agent id="19" start.x="10" start.y="13" goal.x="19" goal.y="3" size="0.5" movespeed="1"/>
       <agent id="20" start.x="11" start.y="21" goal.x="2" goal.y="1" size="0.5" movespeed="1"/>
       <agent id="21" start.x="11" start.y="12" goal.x="28" goal.y="16" size="0.5" movespeed="1"/>
       <agent id="22" start.x="6" start.y="31" goal.x="4" goal.y="20" size="0.5" movespeed="1"/>
       <agent id="23" start.x="18" start.y="12" goal.x="15" goal.y="30" size="0.5" movespeed="1"/>
       <agent id="24" start.x="21" start.y="22" goal.x="3" goal.y="9" size="0.5" movespeed="1"/>
       <agent id="25" start.x="31" start.y="15" goal.x="25" goal.y="4" size="0.5" movespeed="1"/>
       <agent id="26" start.x="30" start.y="10" goal.x="19" goal.y="14" size="0.5" movespeed="1"/>
       <agent id="27" start.x="5" start.y="19" goal.x="16" goal.y="24" size="0.5" movespeed="1"/>
       <agent id="28" start.x="31" start.y="24" goal.x="0" goal.y="22" size="0.5" movespeed="1"/>
       <agent id="29" start.x="1" start.y="25" goal.x="23" goal.y="10" size="0.5" movespeed="1"/>
       <agent id="30" start.x="31" start.y="31" goal.x="3" goal.y="7" size="0.5" movespeed="1"/>
       <agent id="31" start.x="28" start.y="30" goal.x="29" goal.y="8" size="0.5" movespeed="1"/>
       <agent id="32" start.x="8" start.y="8" goal.x="13" goal.y="21" size="0.5" movespeed="1"/>
       <agent id="33" start.x="21" start.y="11" goal.x="9" goal.y="14" size="0.5" movespeed="1"/>
       <agent id="34" start.x="2" start.y="23" goal.x="30" goal.y="7" size="0.5" movespeed="1"/>
       <agent id="35" start.x="17" start.y="11" goal.x="14" goal.y="31" size="0.5" movespeed="1"/>
       <agent id="36" start.x="10" start.y="30" goal.x="31" goal.y="3" size="0.5" movespeed="1"/>
       <agent id="37" start.x="5" start.y="17" goal.x="13" goal.y="24" size="0.5" movespeed="1"/>
       <agent id="38" start.x="17" start.y="31" goal.x="23" goal.y="15" size="0.5" movespeed="1"/>
       <agent id="39" start.x="21" start.y="25" goal.x="12" goal.y="15" size="0.5" movespeed="1"/>
       <agent id="40" start.x="20" start.y="30" goal.x="15" goal.y="13" size="0.5" movespeed="1"/>
       <agent id="41" start.x="26" start.y="28" goal.x="10" goal.y="27" size="0.5" movespeed="1"/>
       <agent id="42" start.x="20" start.y="12" goal.x="4" goal.y="31" size="0.5" movespeed="1"/>
       <agent id="43" start.x="24" start.y="27" goal.x="14" goal.y="7" size="0.5" movespeed="1"/>
       <agent id="44" start.x="16" start.y="5" goal.x="29" goal.y="0" size="0.5" movespeed="1"/>
       <agent id="45" start.x="13" start.y="2" goal.x="31" goal.y="23" size="0.5" movespeed="1"/>
       <agent id="46" start.x="0" start.y="9" goal.x="9" goal.y="2" size="0.5" movespeed="1"/>
       <agent id="47" start.x="20" start.y="0" goal.x="31" goal.y="15" size="0.5" movespeed="1"/>
       <agent id="48" start.x="7" start.y="19" goal.x="28" goal.y="18" size="0.5" movespeed="1"/>
       <agent id="49" start.x="19" start.y="16" goal.x="20" goal.y="0" size="0.5" movespeed="1"/>
       <agent id="50" start.x="2" start.y="29" goal.x="31" goal.y="21" size="0.5" movespeed="1"/>
       <agent id="51" start.x="7" start.y="13" goal.x="24" goal.y="14" size="0.5" movespeed="1"/>
       <agent id="52" start.x="2" start.y="14" goal.x="14" goal.y="14" size="0.5" movespeed="1"/>
       <agent id="53" start.x="14" start.y="12" goal.x="17" goal.y="30" size="0.5" movespeed="1"/>
       <agent id="54" start.x="24" start.y="0" goal.x="3" goal.y="2" size="0.5" movespeed="1"/>
       <agent id="55" start.x="9" start.y="31" goal.x="21" goal.y="3" size="0.5" movespeed="1"/>
       <agent id="56" start.x="6" start.y="24" goal.x="24" goal.y="27" size="0.5" movespeed="1"/>
       <agent id="57" start.x="21" start.y="6" goal.x="22" goal.y="27" size="0.5" movespeed="1"/>
       <agent id="58" start.x="28" start.y="6" goal.x="2" goal.y="24" size="0.5" movespeed="1"/>
       <agent id="59" start.x="23" start.y="18" goal.x="16" goal.y="29" size="0.5" movespeed="1"/>
       <agent id="60" start.x="10" start.y="22" goal.x="31" goal.y="19" size="0.5" movespeed="1"/>
       <agent id="61" start.x="22" start.y="29" goal.x="4" goal.y="17" size="0.5" movespeed="1"/>
       <agent id="62" start.x="8" start.y="14" goal.x="25" goal.y="11" size="0.5" movespeed="1"/>
       <agent id="63" start.x="12" start.y="23" goal.x="17" goal.y="1" size="0.5" movespeed="1"/>
       <agent id="64" start.x="0" start.y="4" goal.x="18" goal.y="5" size="0.5" movespeed="1"/>
       <agent id="65" start.x="22" start.y="4" goal.x="18" goal.y="16" size="0.5" movespeed="1"/>
       <agent id="66" start.x="21" start.y="3" goal.x="5" goal.y="1" size="0.5" movespeed="1"/>
       <agent id="67" start.x="13" start.y="24" goal.x="16" goal.y="4" size="0.5" movespeed="1"/>
       <agent id="68" start.x="16" start.y="18" goal.x="27" goal.y="15" size="0.5" movespeed="1"/>
       <agent id="69" start.x="3" start.y="1" goal.x="23" goal.y="12" size="0.5" movespeed="1"/>
       <agent id="70" start.x="26" start.y="4" goal.x="21" goal.y="29" size="0.5" movespeed="1"/>
       <agent id="71" start.x="30" start.y="25" goal.x="19" goal.y="12" size="0.5" movespeed="1"/>
       <agent id="72" start.x="15" start.y="25" goal.x="30" goal.y="26" size="0.5" movespeed="1"/>
       <agent id="73" start.x="3" start.y="8" goal.x="25" goal.y="8" size="0.5" movespeed="1"/>
       <agent id="74" start.x="29" start.y="11" goal.x="11" goal.y="9" size="0.5" movespeed="1"/>
       <agent id="75" start.x="18" start.y="4" goal.x="9" goal.y="9" size="0.5" movespeed="1"/>
       <agent id="76" start.x="8" start.y="0" goal.x="26" goal.y="5" size="0.5" movespeed="1"/>
       <agent id="77" start.x="3" start.y="26" goal.x="27" goal.y="13" size="0.5" movespeed="1"/>
       <agent id="78" start.x="10" start.y="27" goal.x="5" goal.y="15" size="0.5" movespeed="1"/>
       <agent id="79" start.x="5" start.y="28" goal.x="21" goal.y="8" size="0.5" movespeed="1"/>
       <agent id="80" start.x="1" start.y="21" goal.x="13" goal.y="11" size="0.5" movespeed="1"/>
       <agent id="81" start.x="30" start.y="6" goal.x="13" goal.y="6" size="0.5" movespeed="1"/>
       <agent id="82" start.x="26" start.y="9" goal.x="13" goal.y="8" size="0.5" movespeed="1"/>
       <agent id="83" start.x="12" start.y="1" goal.x="3" goal.y="27" size="0.5" movespeed="1"/>
       <agent id="84" start.x="22" start.y="0" goal.x="0" goal.y="12" size="0.5" movespeed="1"/>
       <agent id="85" start.x="19" start.y="7" goal.x="25" goal.y="23" size="0.5" movespeed="1"/>
       <agent id="86" start.x="25" start.y="19" goal.x="7" goal.y="31" size="0.5" movespeed="1"/>
       <agent id="87" start.x="28" start.y="26" goal.x="11" goal.y="17" size="0.5" movespeed="1"/>
       <agent id="88" start.x="12" start.y="7" goal.x="9" goal.y="22" size="0.5" movespeed="1"/>
       <agent id="89" start.x="18" start.y="20" goal.x="1" goal.y="25" size="0.5" movespeed="1"/>
       <agent id="90" start.x="4" start.y="15" goal.x="19" goal.y="21" size="0.5" movespeed="1"/>
       <agent id="91" start.x="0" start.y="15" goal.x="9" goal.y="0" size="0.5" movespeed="1"/>
       <agent id="92" start.x="5" start.y="21" goal.x="29" goal.y="10" size="0.5" movespeed="1"/>
       <agent id="93" start.x="20" start.y="2" goal.x="24" goal.y="25" size="0.5" movespeed="1"/>
       <agent id="94" start.x="0" start.y="6" goal.x="22" goal.y="25" size="0.5" movespeed="1"/>
       <agent id="95" start.x="23" start.y="22" goal.x="4" goal.y="26" size="0.5" movespeed="1"/>
       <agent id="96" start.x="23" start.y="5" goal.x="13" goal.y="13" size="0.5" movespeed="1"/>
       <agent id="97" start.x="19" start.y="27" goal.x="8" goal.y="24" size="0.5" movespeed="1"/>
       <agent id="98" start.x="8" start.y="20" goal.x="3" goal.y="4" size="0.5" movespeed="1"/>
       <agent id="99" start.x="28" start.y="22" goal.x="11" goal.y="13" size="0.5" movespeed="1"/>
       <agent id="100" start.x="31" start.y="8" goal.x="2" goal.y="30" size="0.5" movespeed="1"/>
       <agent id="101" start.x="15" start.y="1" goal.x="1" goal.y="11" size="0.5" movespeed="1"/>
       <agent id="102" start.x="26" start.y="30" goal.x="13" goal.y="26" size="0.5" movespeed="1"/>
       <agent id="103" start.x="26" start.y="6" goal.x="6" goal.y="13" size="0.5" movespeed="1"/>
       <agent id="104" start.x="20" start.y="21" goal.x="22" goal.y="0" size="0.5" movespeed="1"/>
       <agent id="105" start.x="13" start.y="22" goal.x="11" goal.y="11" size="0.5" movespeed="1"/>
       <agent id="106" start.x="4" start.y="0" goal.x="9" goal.y="18" size="0.5" movespeed="1"/>
       <agent id="107" start.x="24" start.y="7" goal.x="22" goal.y="31" size="0.5" movespeed="1"/>
       <agent id="108" start.x="5" start.y="1" goal.x="26" goal.y="22" size="0.5" movespeed="1"/>
       <agent id="109" start.x="30" start.y="12" goal.x="18" goal.y="2" size="0.5" movespeed="1"/>
       <agent id="110" start.x="27" start.y="8" goal.x="7" goal.y="15" size="0.5" movespeed="1"/>
       <agent id="111" start.x="3" start.y="3" goal.x="23" goal.y="1" size="0.5" movespeed="1"/>
       <agent id="112" start.x="7" start.y="15" goal.x="17" goal.y="27" size="0.5" movespeed="1"/>
       <agent id="113" start.x="15" start.y="20" goal.x="23" goal.y="7" size="0.5" movespeed="1"/>
       <agent id="114" start.x="7" start.y="10" goal.x="24" goal.y="9" size="0.5" movespeed="1"/>
       <agent id="115" start.x="19" start.y="3" goal.x="2" goal.y="15" size="0.5" movespeed="1"/>
       <agent id="116" start.x="12" start.y="17" goal.x="1" goal.y="28" size="0.5" movespeed="1"/>
       <agent id="117" start.x="3" start.y="12" goal.x="25" goal.y="26" size="0.5" movespeed="1"/>
       <agent id="118" start.x="29" start.y="29" goal.x="6" goal.y="27" size="0.5" movespeed="1"/>
       <agent id="119" start.x="22" start.y="13" goal.x="1" goal.y="3" size="0.5" movespeed="1"/>
       <agent id="120" start.x="0" start.y="2" goal.x="6" goal.y="23" size="0.5" movespeed="1"/>
       <agent id="121" start.x="31" start.y="0" goal.x="28" goal.y="26" size="0.5" movespeed="1"/>
       <agent id="122" start.x="9" start.y="29" goal.x="3" goal.y="13" size="0.5" movespeed="1"/>
       <agent id="123" start.x="16" start.y="7" goal.x="25" goal.y="13" size="0.5" movespeed="1"/>
       <agent id="124" start.x="4" start.y="29" goal.x="31" goal.y="10" size="0.5" movespeed="1"/>
       <agent id="125" start.x="18" start.y="28" goal.x="9" goal.y="12" size="0.5" movespeed="1"/>
       <agent id="126" start.x="17" start.y="16" goal.x="2" goal.y="20" size="0.5" movespeed="1"/>
       <agent id="127" start.x="13" start.y="10" goal.x="14" goal.y="22" size="0.5" movespeed="1"/>
       <agent id="128" start.x="10" start.y="16" goal.x="28" goal.y="20" size="0.5" movespeed="1"/>
    </agents>
</root>