<?xml version="1.0" ?>
<root>
    <log>
        <taskfilename>D:/GitHub/AA-SIPP_optimal_2019/Instances/32x32_20/128/248_task.xml</taskfilename>
        <mapfilename>32x32_20.xml</mapfilename>
        <configfilename>config.xml</configfilename>
        <obstaclesfilename>D:/GitHub/AA-SIPP_optimal_2019/Instances/32x32_20/128/248_task_obs.xml</obstaclesfilename>
        <summary runtime="0.084403001" tries="1" agentssolved="1 (100.000000%)" flowtime="53.672943" makespan="53.672943"/>
        <path>
            <row number="0">0 0 0 0 0 0 0 0 0 0 1 0 0 0 0 0 0 1 0 0 0 1 0 1 0 0 0 0 0 0 0 0 </row>
            <row number="1">1 0 0 0 1 0 1 1 0 0 0 0 0 0 0 0 0 0 0 1 0 1 0 0 0 1 0 0 0 0 0 0 </row>
            <row number="2">0 0 0 0 0 0 0 0 0 0 0 0 0 0 1 0 0 0 0 0 0 0 0 1 1 0 0 0 1 0 0 0 </row>
            <row number="3">0 0 0 0 0 1 0 1 0 0 0 0 0 0 0 0 0 0 1 0 0 0 0 0 0 0 0 0 0 1 0 0 </row>
            <row number="4">0 1 1 0 0 0 0 0 0 0 0 0 0 0 1 1 0 1 0 0 0 0 0 0 1 0 0 1 0 0 0 0 </row>
            <row number="5">0 0 0 0 0 0 1 0 0 1 0 1 0 0 1 1 0 0 0 0 0 0 1 0 0 0 0 1 0 0 1 1 </row>
            <row number="6">0 0 0 0 0 0 1 0 0 1 1 0 0 0 0 0 0 0 0 1 0 0 0 0 0 0 0 1 0 0 0 1 </row>
            <row number="7">0 1 0 0 0 1 0 0 * * 0 0 0 0 0 0 0 0 0 0 0 1 1 0 0 0 1 0 0 1 0 0 </row>
            <row number="8">0 0 0 0 0 0 1 * 0 0 0 0 0 0 0 0 1 0 0 0 0 0 0 0 1 0 1 0 0 0 0 0 </row>
            <row number="9">0 0 1 0 1 0 * * 0 0 0 0 0 0 0 0 0 1 0 1 0 0 0 0 0 0 0 1 1 0 0 0 </row>
            <row number="10">1 0 1 0 0 * 0 0 0 0 0 0 1 0 1 0 0 0 0 0 0 0 1 0 0 0 1 0 0 0 0 0 </row>
            <row number="11">0 0 0 0 0 * 0 0 0 0 0 0 1 0 0 0 0 0 1 0 1 0 1 0 0 0 0 0 0 0 1 0 </row>
            <row number="12">0 0 1 0 * 0 0 0 1 0 1 0 1 1 0 1 0 0 0 0 0 0 0 0 0 0 1 0 0 0 0 0 </row>
            <row number="13">0 1 * * 0 0 0 0 0 0 0 0 0 0 0 0 0 0 1 0 1 0 0 0 0 0 1 0 0 0 1 0 </row>
            <row number="14">0 * * 1 1 1 0 0 0 0 0 0 0 1 0 0 0 0 0 0 0 0 0 1 0 0 0 0 0 0 0 0 </row>
            <row number="15">* * * * * 0 0 0 1 0 0 0 0 1 0 1 0 1 0 0 1 0 0 0 0 0 0 0 0 0 0 0 </row>
            <row number="16">0 0 1 0 * 0 1 0 0 0 0 0 0 0 0 1 0 0 0 0 1 0 0 1 1 1 0 0 0 0 1 0 </row>
            <row number="17">0 1 0 0 * 0 0 0 1 1 1 0 0 1 0 1 0 0 1 0 1 0 0 1 1 0 0 0 0 1 1 1 </row>
            <row number="18">1 0 0 0 * 0 0 0 0 0 1 0 0 0 0 0 0 0 0 1 0 0 1 0 0 0 0 0 0 1 1 1 </row>
            <row number="19">0 0 0 0 * 0 1 0 0 0 1 0 0 1 0 0 1 0 1 0 0 0 1 0 0 0 1 0 0 0 0 0 </row>
            <row number="20">0 1 0 1 * 0 0 0 0 0 0 0 1 0 0 0 0 0 0 0 0 0 1 1 0 1 0 0 0 1 0 0 </row>
            <row number="21">0 0 0 0 * * 0 1 0 1 0 0 0 0 0 * * 0 1 0 0 1 1 1 0 0 1 1 1 0 0 0 </row>
            <row number="22">0 0 1 0 1 * 0 1 0 0 0 0 1 0 0 * 0 0 0 1 0 0 0 0 0 0 0 0 0 0 1 0 </row>
            <row number="23">0 0 0 0 0 0 * 1 0 0 0 0 0 1 0 * 0 0 1 0 0 0 1 0 1 0 1 1 0 0 0 0 </row>
            <row number="24">0 0 0 0 0 0 * * * 0 0 0 0 0 0 * 0 1 0 0 0 1 0 1 0 0 1 0 1 0 0 0 </row>
            <row number="25">0 0 0 0 0 0 0 0 0 * 0 0 0 0 * * 1 0 0 0 0 0 0 0 0 1 0 0 1 0 0 1 </row>
            <row number="26">0 1 0 0 0 0 0 0 1 * 1 * * * 0 0 0 0 0 0 1 1 0 0 0 0 0 0 0 0 0 1 </row>
            <row number="27">0 0 1 0 0 1 0 0 1 * * * 0 0 0 0 0 0 0 0 0 0 0 0 0 0 0 0 0 0 0 0 </row>
            <row number="28">1 0 0 1 1 0 0 0 0 0 0 1 0 0 0 1 0 0 0 1 0 0 0 0 0 0 0 0 0 1 1 1 </row>
            <row number="29">1 0 0 0 0 1 0 0 0 0 1 0 0 0 0 1 0 1 0 1 0 0 0 1 0 0 0 0 0 0 1 1 </row>
            <row number="30">1 1 0 1 0 0 1 1 0 1 0 1 1 0 0 0 0 0 1 0 0 0 0 0 0 0 0 1 0 0 0 0 </row>
            <row number="31">1 1 0 0 0 0 0 0 0 0 0 0 0 0 0 1 0 0 1 0 0 0 0 0 0 0 0 0 1 0 0 0 </row>
        </path>
        <agent id="0" start.x="9" start.y="7" goal.x="17" goal.y="21" size="0.5" movespeed="1" rotationspeed="1">
            <path pathfound="true" runtime="0.082000002" duration="53.672943">
                <section id="0" start.x="9" start.y="7" goal.x="7" goal.y="8" duration="2.236068" g-value="2.236068"/>
                <section id="1" start.x="7" start.y="8" goal.x="7" goal.y="8" duration="3.1839321" g-value="5.4200001"/>
                <section id="2" start.x="7" start.y="8" goal.x="7" goal.y="9" duration="1" g-value="6.4200001"/>
                <section id="3" start.x="7" start.y="9" goal.x="6" goal.y="9" duration="1" g-value="7.4200001"/>
                <section id="4" start.x="6" start.y="9" goal.x="3" goal.y="13" duration="5" g-value="12.42"/>
                <section id="5" start.x="3" start.y="13" goal.x="2" goal.y="13" duration="1" g-value="13.42"/>
                <section id="6" start.x="2" start.y="13" goal.x="2" goal.y="14" duration="1" g-value="14.42"/>
                <section id="7" start.x="2" start.y="14" goal.x="0" goal.y="15" duration="2.236068" g-value="16.656069"/>
                <section id="8" start.x="0" start.y="15" goal.x="0" goal.y="15" duration="3.5656381" g-value="20.221706"/>
                <section id="9" start.x="0" start.y="15" goal.x="4" goal.y="15" duration="4" g-value="24.221706"/>
                <section id="10" start.x="4" start.y="15" goal.x="4" goal.y="15" duration="0.3416408" g-value="24.563347"/>
                <section id="11" start.x="4" start.y="15" goal.x="4" goal.y="16" duration="1" g-value="25.563347"/>
                <section id="12" start.x="4" start.y="16" goal.x="4" goal.y="16" duration="0.41" g-value="25.973347"/>
                <section id="13" start.x="4" start.y="16" goal.x="4" goal.y="21" duration="5" g-value="30.973347"/>
                <section id="14" start.x="4" start.y="21" goal.x="5" goal.y="21" duration="1" g-value="31.973347"/>
                <section id="15" start.x="5" start.y="21" goal.x="6" goal.y="24" duration="3.1622777" g-value="35.135624"/>
                <section id="16" start.x="6" start.y="24" goal.x="8" goal.y="24" duration="2" g-value="37.135624"/>
                <section id="17" start.x="8" start.y="24" goal.x="9" goal.y="25" duration="1.4142135" g-value="38.549839"/>
                <section id="18" start.x="9" start.y="25" goal.x="9" goal.y="27" duration="2" g-value="40.549839"/>
                <section id="19" start.x="9" start.y="27" goal.x="11" goal.y="27" duration="2" g-value="42.549839"/>
                <section id="20" start.x="11" start.y="27" goal.x="11" goal.y="26" duration="1" g-value="43.549839"/>
                <section id="21" start.x="11" start.y="26" goal.x="15" goal.y="25" duration="4.1231055" g-value="47.672943"/>
                <section id="22" start.x="15" start.y="25" goal.x="15" goal.y="21" duration="4" g-value="51.672943"/>
                <section id="23" start.x="15" start.y="21" goal.x="17" goal.y="21" duration="2" g-value="53.672943"/>
            </path>
        </agent>
    </log>
</root>
