<?xml version="1.0" ?>
<root>
    <log>
        <taskfilename>D:/GitHub/AA-SIPP_optimal_2019/Instances/32x32_20/128/24_task.xml</taskfilename>
        <mapfilename>32x32_20.xml</mapfilename>
        <configfilename>config.xml</configfilename>
        <obstaclesfilename>D:/GitHub/AA-SIPP_optimal_2019/Instances/32x32_20/128/24_task_obs.xml</obstaclesfilename>
        <summary runtime="0.050479501" tries="1" agentssolved="1 (100.000000%)" flowtime="55.031269" makespan="55.031269"/>
        <path>
            <row number="0">0 0 0 0 0 0 0 0 0 0 1 0 0 0 0 0 0 1 0 0 0 1 0 1 0 0 0 0 0 0 0 0 </row>
            <row number="1">1 0 0 0 1 0 1 1 0 0 0 0 0 0 0 0 0 0 0 1 0 1 0 0 0 1 0 0 0 0 0 0 </row>
            <row number="2">0 0 0 0 0 0 0 0 0 0 0 0 0 0 1 0 0 0 0 0 0 0 0 1 1 0 0 0 1 0 0 0 </row>
            <row number="3">0 0 0 0 0 1 0 1 0 0 0 0 0 0 0 0 0 0 1 0 0 0 0 0 0 0 0 0 0 1 0 0 </row>
            <row number="4">0 1 1 0 0 0 0 0 0 0 0 0 0 0 1 1 0 1 0 0 0 0 0 0 1 0 0 1 0 0 0 0 </row>
            <row number="5">0 0 0 0 0 0 1 0 0 1 0 1 0 0 1 1 0 0 0 0 0 0 1 0 0 0 0 1 0 0 1 1 </row>
            <row number="6">0 0 0 0 0 0 1 0 0 1 1 0 0 0 0 0 0 0 0 1 0 0 0 0 0 0 0 1 0 0 0 1 </row>
            <row number="7">0 1 0 0 0 1 0 0 0 0 0 0 0 0 0 0 0 0 0 0 0 1 1 0 0 0 1 0 0 1 0 0 </row>
            <row number="8">0 0 0 0 0 0 1 0 0 0 0 0 0 0 0 0 1 0 0 0 0 0 0 0 1 0 1 0 0 0 0 0 </row>
            <row number="9">0 0 1 0 1 0 0 0 0 0 0 0 0 0 0 0 0 1 0 1 0 0 0 0 0 0 0 1 1 0 0 0 </row>
            <row number="10">1 0 1 0 0 0 0 0 0 0 0 0 1 0 1 0 0 0 0 0 0 0 1 0 0 0 1 0 0 0 0 0 </row>
            <row number="11">0 0 0 0 0 0 0 0 0 0 0 0 1 0 0 0 0 0 1 0 1 0 1 0 0 0 0 0 0 0 1 0 </row>
            <row number="12">0 0 1 0 0 0 0 0 1 0 1 0 1 1 0 1 0 0 0 0 0 0 0 0 0 0 1 0 0 0 0 0 </row>
            <row number="13">0 1 0 0 0 0 0 0 0 0 0 0 0 0 0 0 0 0 1 0 1 0 0 0 0 0 1 0 0 0 1 0 </row>
            <row number="14">0 0 0 1 1 1 0 0 0 0 0 0 0 1 0 0 0 0 0 0 0 0 0 1 0 0 0 0 0 0 0 0 </row>
            <row number="15">0 0 0 0 0 0 0 0 1 0 0 0 0 1 0 1 0 1 0 0 1 0 0 0 0 0 0 0 0 0 0 0 </row>
            <row number="16">0 0 1 0 0 0 1 0 0 0 0 0 0 0 0 1 0 0 0 0 1 0 0 1 1 1 0 0 0 0 1 0 </row>
            <row number="17">0 1 0 0 0 0 0 0 1 1 1 0 0 1 0 1 0 0 1 0 1 0 0 1 1 0 0 0 0 1 1 1 </row>
            <row number="18">1 0 0 0 0 0 0 0 0 0 1 0 0 0 0 0 0 0 0 1 0 0 1 0 0 0 0 0 0 1 1 1 </row>
            <row number="19">0 0 0 0 0 0 1 0 0 0 1 0 0 1 0 0 1 0 1 0 0 0 1 0 0 0 1 0 0 0 0 0 </row>
            <row number="20">0 1 0 1 0 0 * * * 0 0 0 1 0 0 0 0 0 0 0 0 0 1 1 0 1 0 0 0 1 0 0 </row>
            <row number="21">0 0 0 0 0 0 * 1 * 1 0 0 0 0 0 0 0 0 1 0 0 1 1 1 0 0 1 1 1 0 0 0 </row>
            <row number="22">0 0 1 0 1 * 0 1 * 0 0 0 1 0 0 0 0 0 0 1 0 0 0 0 0 0 0 0 0 0 1 0 </row>
            <row number="23">0 0 0 0 0 * 0 1 0 * 0 0 0 1 0 0 0 0 1 0 0 0 1 0 1 0 1 1 0 0 0 0 </row>
            <row number="24">0 0 0 0 * 0 0 0 0 * * 0 0 0 0 0 0 1 0 0 0 1 0 1 0 0 1 0 1 0 0 0 </row>
            <row number="25">0 0 0 0 * * 0 0 0 * 0 0 0 0 0 0 1 0 0 0 0 0 0 0 0 1 0 0 1 0 0 1 </row>
            <row number="26">0 1 0 0 0 0 0 0 1 * 1 0 0 0 0 0 * * * 0 1 1 0 0 0 0 0 0 0 0 0 1 </row>
            <row number="27">0 0 1 0 0 1 0 0 1 * * * * 0 0 0 * 0 0 * * * * * * * * 0 0 0 0 0 </row>
            <row number="28">1 0 0 1 1 0 0 0 0 * 0 1 0 * 0 1 * 0 0 1 0 0 0 0 0 0 0 0 0 1 1 1 </row>
            <row number="29">1 0 0 0 0 1 0 0 0 0 1 0 0 * 0 1 * 1 0 1 0 0 0 1 0 0 0 0 0 0 1 1 </row>
            <row number="30">1 1 0 1 0 0 1 1 0 1 0 1 1 0 * * * 0 1 0 0 0 0 0 0 0 0 1 0 0 0 0 </row>
            <row number="31">1 1 0 0 0 0 0 0 0 0 0 0 0 0 0 1 0 0 1 0 0 0 0 0 0 0 0 0 1 0 0 0 </row>
        </path>
        <agent id="0" start.x="5" start.y="25" goal.x="27" goal.y="26" size="0.5" movespeed="1" rotationspeed="1">
            <path pathfound="true" runtime="0.048457999" duration="55.031269">
                <section id="0" start.x="5" start.y="25" goal.x="4" goal.y="25" duration="1" g-value="1"/>
                <section id="1" start.x="4" start.y="25" goal.x="5" goal.y="23" duration="2.236068" g-value="3.236068"/>
                <section id="2" start.x="5" start.y="23" goal.x="6" goal.y="20" duration="3.1622777" g-value="6.3983455"/>
                <section id="3" start.x="6" start.y="20" goal.x="6" goal.y="20" duration="1.0837903" g-value="7.4821358"/>
                <section id="4" start.x="6" start.y="20" goal.x="7" goal.y="20" duration="1" g-value="8.4821358"/>
                <section id="5" start.x="7" start.y="20" goal.x="7" goal.y="20" duration="0.41" g-value="8.8921356"/>
                <section id="6" start.x="7" start.y="20" goal.x="8" goal.y="20" duration="1" g-value="9.8921356"/>
                <section id="7" start.x="8" start.y="20" goal.x="8" goal.y="22" duration="2" g-value="11.892136"/>
                <section id="8" start.x="8" start.y="22" goal.x="8" goal.y="22" duration="0.93629104" g-value="12.828427"/>
                <section id="9" start.x="8" start.y="22" goal.x="9" goal.y="23" duration="1.4142135" g-value="14.24264"/>
                <section id="10" start.x="9" start.y="23" goal.x="9" goal.y="24" duration="1" g-value="15.24264"/>
                <section id="11" start.x="9" start.y="24" goal.x="10" goal.y="24" duration="1" g-value="16.242641"/>
                <section id="12" start.x="10" start.y="24" goal.x="10" goal.y="24" duration="0.67311078" g-value="16.915751"/>
                <section id="13" start.x="10" start.y="24" goal.x="9" goal.y="25" duration="1.4142135" g-value="18.329966"/>
                <section id="14" start.x="9" start.y="25" goal.x="9" goal.y="28" duration="3" g-value="21.329966"/>
                <section id="15" start.x="9" start.y="28" goal.x="9" goal.y="28" duration="2.297354" g-value="23.627319"/>
                <section id="16" start.x="9" start.y="28" goal.x="10" goal.y="27" duration="1.4142135" g-value="25.041533"/>
                <section id="17" start.x="10" start.y="27" goal.x="12" goal.y="27" duration="2" g-value="27.041533"/>
                <section id="18" start.x="12" start.y="27" goal.x="14" goal.y="30" duration="3.6055512" g-value="30.647083"/>
                <section id="19" start.x="14" start.y="30" goal.x="16" goal.y="30" duration="2" g-value="32.647083"/>
                <section id="20" start.x="16" start.y="30" goal.x="16" goal.y="30" duration="6.5557594" g-value="39.202843"/>
                <section id="21" start.x="16" start.y="30" goal.x="16" goal.y="26" duration="4" g-value="43.202843"/>
                <section id="22" start.x="16" start.y="26" goal.x="18" goal.y="26" duration="2" g-value="45.202843"/>
                <section id="23" start.x="18" start.y="26" goal.x="19" goal.y="27" duration="1.4142135" g-value="46.617058"/>
                <section id="24" start.x="19" start.y="27" goal.x="26" goal.y="27" duration="7" g-value="53.617058"/>
                <section id="25" start.x="26" start.y="27" goal.x="27" goal.y="26" duration="1.4142135" g-value="55.031269"/>
            </path>
        </agent>
    </log>
</root>
