<?xml version="1.0" ?>
<root>
    <agents number="129">
       <agent id="0" start.x="119" start.y="10" goal.x="52" goal.y="17" size="0.5" movespeed="1" rotationspeed="0.5"/>
       <agent id="1" start.x="13" start.y="46" goal.x="160" goal.y="37" size="0.5" movespeed="1" rotationspeed="0.5"/>
       <agent id="2" start.x="67" start.y="77" goal.x="113" goal.y="26" size="0.5" movespeed="1" rotationspeed="0.5"/>
       <agent id="3" start.x="46" start.y="1" goal.x="141" goal.y="65" size="0.5" movespeed="1" rotationspeed="0.5"/>
       <agent id="4" start.x="142" start.y="17" goal.x="102" goal.y="70" size="0.5" movespeed="1" rotationspeed="0.5"/>
       <agent id="5" start.x="100" start.y="18" goal.x="155" goal.y="78" size="0.5" movespeed="1" rotationspeed="0.5"/>
       <agent id="6" start.x="168" start.y="21" goal.x="68" goal.y="14" size="0.5" movespeed="1" rotationspeed="0.5"/>
       <agent id="7" start.x="61" start.y="17" goal.x="132" goal.y="24" size="0.5" movespeed="1" rotationspeed="0.5"/>
       <agent id="8" start.x="155" start.y="8" goal.x="168" goal.y="46" size="0.5" movespeed="1" rotationspeed="0.5"/>
       <agent id="9" start.x="146" start.y="66" goal.x="50" goal.y="2" size="0.5" movespeed="1" rotationspeed="0.5"/>
       <agent id="10" start.x="115" start.y="73" goal.x="14" goal.y="9" size="0.5" movespeed="1" rotationspeed="0.5"/>
       <agent id="11" start.x="16" start.y="20" goal.x="142" goal.y="82" size="0.5" movespeed="1" rotationspeed="0.5"/>
       <agent id="12" start.x="148" start.y="17" goal.x="142" goal.y="81" size="0.5" movespeed="1" rotationspeed="0.5"/>
       <agent id="13" start.x="79" start.y="38" goal.x="132" goal.y="56" size="0.5" movespeed="1" rotationspeed="0.5"/>
       <agent id="14" start.x="24" start.y="14" goal.x="165" goal.y="1" size="0.5" movespeed="1" rotationspeed="0.5"/>
       <agent id="15" start.x="87" start.y="34" goal.x="14" goal.y="50" size="0.5" movespeed="1" rotationspeed="0.5"/>
       <agent id="16" start.x="42" start.y="74" goal.x="99" goal.y="18" size="0.5" movespeed="1" rotationspeed="0.5"/>
       <agent id="17" start.x="166" start.y="23" goal.x="81" goal.y="78" size="0.5" movespeed="1" rotationspeed="0.5"/>
       <agent id="18" start.x="25" start.y="47" goal.x="142" goal.y="42" size="0.5" movespeed="1" rotationspeed="0.5"/>
       <agent id="19" start.x="133" start.y="42" goal.x="93" goal.y="34" size="0.5" movespeed="1" rotationspeed="0.5"/>
       <agent id="20" start.x="15" start.y="5" goal.x="9" goal.y="77" size="0.5" movespeed="1" rotationspeed="0.5"/>
       <agent id="21" start.x="55" start.y="65" goal.x="159" goal.y="70" size="0.5" movespeed="1" rotationspeed="0.5"/>
       <agent id="22" start.x="20" start.y="70" goal.x="81" goal.y="18" size="0.5" movespeed="1" rotationspeed="0.5"/>
       <agent id="23" start.x="86" start.y="6" goal.x="79" goal.y="81" size="0.5" movespeed="1" rotationspeed="0.5"/>
       <agent id="24" start.x="61" start.y="10" goal.x="150" goal.y="46" size="0.5" movespeed="1" rotationspeed="0.5"/>
       <agent id="25" start.x="163" start.y="2" goal.x="92" goal.y="66" size="0.5" movespeed="1" rotationspeed="0.5"/>
       <agent id="26" start.x="52" start.y="65" goal.x="126" goal.y="13" size="0.5" movespeed="1" rotationspeed="0.5"/>
       <agent id="27" start.x="5" start.y="29" goal.x="162" goal.y="2" size="0.5" movespeed="1" rotationspeed="0.5"/>
       <agent id="28" start.x="143" start.y="70" goal.x="18" goal.y="66" size="0.5" movespeed="1" rotationspeed="0.5"/>
       <agent id="29" start.x="63" start.y="33" goal.x="127" goal.y="50" size="0.5" movespeed="1" rotationspeed="0.5"/>
       <agent id="30" start.x="107" start.y="82" goal.x="155" goal.y="40" size="0.5" movespeed="1" rotationspeed="0.5"/>
       <agent id="31" start.x="120" start.y="75" goal.x="96" goal.y="4" size="0.5" movespeed="1" rotationspeed="0.5"/>
       <agent id="32" start.x="9" start.y="8" goal.x="87" goal.y="38" size="0.5" movespeed="1" rotationspeed="0.5"/>
       <agent id="33" start.x="113" start.y="29" goal.x="23" goal.y="17" size="0.5" movespeed="1" rotationspeed="0.5"/>
       <agent id="34" start.x="158" start.y="15" goal.x="15" goal.y="77" size="0.5" movespeed="1" rotationspeed="0.5"/>
       <agent id="35" start.x="54" start.y="38" goal.x="164" goal.y="16" size="0.5" movespeed="1" rotationspeed="0.5"/>
       <agent id="36" start.x="99" start.y="25" goal.x="140" goal.y="49" size="0.5" movespeed="1" rotationspeed="0.5"/>
       <agent id="37" start.x="15" start.y="51" goal.x="113" goal.y="62" size="0.5" movespeed="1" rotationspeed="0.5"/>
       <agent id="38" start.x="7" start.y="28" goal.x="152" goal.y="33" size="0.5" movespeed="1" rotationspeed="0.5"/>
       <agent id="39" start.x="95" start.y="73" goal.x="144" goal.y="26" size="0.5" movespeed="1" rotationspeed="0.5"/>
       <agent id="40" start.x="8" start.y="82" goal.x="7" goal.y="34" size="0.5" movespeed="1" rotationspeed="0.5"/>
       <agent id="41" start.x="22" start.y="16" goal.x="11" goal.y="58" size="0.5" movespeed="1" rotationspeed="0.5"/>
       <agent id="42" start.x="129" start.y="22" goal.x="73" goal.y="81" size="0.5" movespeed="1" rotationspeed="0.5"/>
       <agent id="43" start.x="141" start.y="82" goal.x="79" goal.y="66" size="0.5" movespeed="1" rotationspeed="0.5"/>
       <agent id="44" start.x="164" start.y="18" goal.x="7" goal.y="24" size="0.5" movespeed="1" rotationspeed="0.5"/>
       <agent id="45" start.x="150" start.y="81" goal.x="146" goal.y="39" size="0.5" movespeed="1" rotationspeed="0.5"/>
       <agent id="46" start.x="4" start.y="24" goal.x="121" goal.y="55" size="0.5" movespeed="1" rotationspeed="0.5"/>
       <agent id="47" start.x="62" start.y="2" goal.x="22" goal.y="67" size="0.5" movespeed="1" rotationspeed="0.5"/>
       <agent id="48" start.x="158" start.y="10" goal.x="145" goal.y="58" size="0.5" movespeed="1" rotationspeed="0.5"/>
       <agent id="49" start.x="10" start.y="18" goal.x="128" goal.y="9" size="0.5" movespeed="1" rotationspeed="0.5"/>
       <agent id="50" start.x="92" start.y="9" goal.x="162" goal.y="43" size="0.5" movespeed="1" rotationspeed="0.5"/>
       <agent id="51" start.x="11" start.y="3" goal.x="63" goal.y="50" size="0.5" movespeed="1" rotationspeed="0.5"/>
       <agent id="52" start.x="122" start.y="69" goal.x="14" goal.y="25" size="0.5" movespeed="1" rotationspeed="0.5"/>
       <agent id="53" start.x="122" start.y="78" goal.x="85" goal.y="27" size="0.5" movespeed="1" rotationspeed="0.5"/>
       <agent id="54" start.x="78" start.y="25" goal.x="51" goal.y="77" size="0.5" movespeed="1" rotationspeed="0.5"/>
       <agent id="55" start.x="36" start.y="23" goal.x="77" goal.y="77" size="0.5" movespeed="1" rotationspeed="0.5"/>
       <agent id="56" start.x="165" start.y="14" goal.x="119" goal.y="58" size="0.5" movespeed="1" rotationspeed="0.5"/>
       <agent id="57" start.x="110" start.y="34" goal.x="18" goal.y="67" size="0.5" movespeed="1" rotationspeed="0.5"/>
       <agent id="58" start.x="3" start.y="18" goal.x="168" goal.y="1" size="0.5" movespeed="1" rotationspeed="0.5"/>
       <agent id="59" start.x="73" start.y="38" goal.x="124" goal.y="1" size="0.5" movespeed="1" rotationspeed="0.5"/>
       <agent id="60" start.x="46" start.y="22" goal.x="137" goal.y="81" size="0.5" movespeed="1" rotationspeed="0.5"/>
       <agent id="61" start.x="84" start.y="25" goal.x="121" goal.y="8" size="0.5" movespeed="1" rotationspeed="0.5"/>
       <agent id="62" start.x="23" start.y="21" goal.x="10" goal.y="75" size="0.5" movespeed="1" rotationspeed="0.5"/>
       <agent id="63" start.x="108" start.y="39" goal.x="1" goal.y="24" size="0.5" movespeed="1" rotationspeed="0.5"/>
       <agent id="64" start.x="158" start.y="11" goal.x="81" goal.y="14" size="0.5" movespeed="1" rotationspeed="0.5"/>
       <agent id="65" start.x="93" start.y="57" goal.x="2" goal.y="12" size="0.5" movespeed="1" rotationspeed="0.5"/>
       <agent id="66" start.x="74" start.y="34" goal.x="37" goal.y="71" size="0.5" movespeed="1" rotationspeed="0.5"/>
       <agent id="67" start.x="10" start.y="14" goal.x="100" goal.y="46" size="0.5" movespeed="1" rotationspeed="0.5"/>
       <agent id="68" start.x="164" start.y="38" goal.x="115" goal.y="49" size="0.5" movespeed="1" rotationspeed="0.5"/>
       <agent id="69" start.x="101" start.y="10" goal.x="158" goal.y="42" size="0.5" movespeed="1" rotationspeed="0.5"/>
       <agent id="70" start.x="8" start.y="67" goal.x="4" goal.y="21" size="0.5" movespeed="1" rotationspeed="0.5"/>
       <agent id="71" start.x="151" start.y="40" goal.x="36" goal.y="70" size="0.5" movespeed="1" rotationspeed="0.5"/>
       <agent id="72" start.x="147" start.y="18" goal.x="161" goal.y="56" size="0.5" movespeed="1" rotationspeed="0.5"/>
       <agent id="73" start.x="125" start.y="18" goal.x="85" goal.y="44" size="0.5" movespeed="1" rotationspeed="0.5"/>
       <agent id="74" start.x="16" start.y="77" goal.x="141" goal.y="26" size="0.5" movespeed="1" rotationspeed="0.5"/>
       <agent id="75" start.x="35" start.y="26" goal.x="162" goal.y="26" size="0.5" movespeed="1" rotationspeed="0.5"/>
       <agent id="76" start.x="8" start.y="79" goal.x="165" goal.y="52" size="0.5" movespeed="1" rotationspeed="0.5"/>
       <agent id="77" start.x="108" start.y="37" goal.x="23" goal.y="15" size="0.5" movespeed="1" rotationspeed="0.5"/>
       <agent id="78" start.x="154" start.y="23" goal.x="48" goal.y="56" size="0.5" movespeed="1" rotationspeed="0.5"/>
       <agent id="79" start.x="117" start.y="65" goal.x="165" goal.y="19" size="0.5" movespeed="1" rotationspeed="0.5"/>
       <agent id="80" start.x="163" start.y="53" goal.x="13" goal.y="56" size="0.5" movespeed="1" rotationspeed="0.5"/>
       <agent id="81" start.x="1" start.y="28" goal.x="76" goal.y="82" size="0.5" movespeed="1" rotationspeed="0.5"/>
       <agent id="82" start.x="28" start.y="61" goal.x="150" goal.y="1" size="0.5" movespeed="1" rotationspeed="0.5"/>
       <agent id="83" start.x="59" start.y="73" goal.x="4" goal.y="77" size="0.5" movespeed="1" rotationspeed="0.5"/>
       <agent id="84" start.x="64" start.y="10" goal.x="81" goal.y="62" size="0.5" movespeed="1" rotationspeed="0.5"/>
       <agent id="85" start.x="18" start.y="32" goal.x="90" goal.y="17" size="0.5" movespeed="1" rotationspeed="0.5"/>
       <agent id="86" start.x="43" start.y="9" goal.x="153" goal.y="29" size="0.5" movespeed="1" rotationspeed="0.5"/>
       <agent id="87" start.x="156" start.y="74" goal.x="12" goal.y="75" size="0.5" movespeed="1" rotationspeed="0.5"/>
       <agent id="88" start.x="96" start.y="57" goal.x="151" goal.y="12" size="0.5" movespeed="1" rotationspeed="0.5"/>
       <agent id="89" start.x="161" start.y="66" goal.x="50" goal.y="21" size="0.5" movespeed="1" rotationspeed="0.5"/>
       <agent id="90" start.x="148" start.y="46" goal.x="15" goal.y="76" size="0.5" movespeed="1" rotationspeed="0.5"/>
       <agent id="91" start.x="163" start.y="59" goal.x="77" goal.y="53" size="0.5" movespeed="1" rotationspeed="0.5"/>
       <agent id="92" start.x="86" start.y="49" goal.x="41" goal.y="50" size="0.5" movespeed="1" rotationspeed="0.5"/>
       <agent id="93" start.x="140" start.y="34" goal.x="92" goal.y="74" size="0.5" movespeed="1" rotationspeed="0.5"/>
       <agent id="94" start.x="23" start.y="7" goal.x="40" goal.y="46" size="0.5" movespeed="1" rotationspeed="0.5"/>
       <agent id="95" start.x="35" start.y="9" goal.x="162" goal.y="75" size="0.5" movespeed="1" rotationspeed="0.5"/>
       <agent id="96" start.x="87" start.y="58" goal.x="149" goal.y="79" size="0.5" movespeed="1" rotationspeed="0.5"/>
       <agent id="97" start.x="124" start.y="65" goal.x="23" goal.y="78" size="0.5" movespeed="1" rotationspeed="0.5"/>
       <agent id="98" start.x="127" start.y="22" goal.x="13" goal.y="51" size="0.5" movespeed="1" rotationspeed="0.5"/>
       <agent id="99" start.x="159" start.y="48" goal.x="98" goal.y="73" size="0.5" movespeed="1" rotationspeed="0.5"/>
       <agent id="100" start.x="125" start.y="82" goal.x="6" goal.y="56" size="0.5" movespeed="1" rotationspeed="0.5"/>
       <agent id="101" start.x="153" start.y="32" goal.x="16" goal.y="1" size="0.5" movespeed="1" rotationspeed="0.5"/>
       <agent id="102" start.x="4" start.y="20" goal.x="168" goal.y="8" size="0.5" movespeed="1" rotationspeed="0.5"/>
       <agent id="103" start.x="31" start.y="17" goal.x="74" goal.y="33" size="0.5" movespeed="1" rotationspeed="0.5"/>
       <agent id="104" start.x="153" start.y="18" goal.x="15" goal.y="7" size="0.5" movespeed="1" rotationspeed="0.5"/>
       <agent id="105" start.x="85" start.y="24" goal.x="46" goal.y="81" size="0.5" movespeed="1" rotationspeed="0.5"/>
       <agent id="106" start.x="9" start.y="65" goal.x="58" goal.y="66" size="0.5" movespeed="1" rotationspeed="0.5"/>
       <agent id="107" start.x="150" start.y="34" goal.x="100" goal.y="58" size="0.5" movespeed="1" rotationspeed="0.5"/>
       <agent id="108" start.x="150" start.y="19" goal.x="90" goal.y="61" size="0.5" movespeed="1" rotationspeed="0.5"/>
       <agent id="109" start.x="91" start.y="53" goal.x="10" goal.y="69" size="0.5" movespeed="1" rotationspeed="0.5"/>
       <agent id="110" start.x="101" start.y="81" goal.x="74" goal.y="9" size="0.5" movespeed="1" rotationspeed="0.5"/>
       <agent id="111" start.x="144" start.y="4" goal.x="20" goal.y="38" size="0.5" movespeed="1" rotationspeed="0.5"/>
       <agent id="112" start.x="55" start.y="62" goal.x="24" goal.y="33" size="0.5" movespeed="1" rotationspeed="0.5"/>
       <agent id="113" start.x="19" start.y="16" goal.x="121" goal.y="22" size="0.5" movespeed="1" rotationspeed="0.5"/>
       <agent id="114" start.x="77" start.y="69" goal.x="46" goal.y="18" size="0.5" movespeed="1" rotationspeed="0.5"/>
       <agent id="115" start.x="65" start.y="53" goal.x="137" goal.y="25" size="0.5" movespeed="1" rotationspeed="0.5"/>
       <agent id="116" start.x="136" start.y="61" goal.x="23" goal.y="25" size="0.5" movespeed="1" rotationspeed="0.5"/>
       <agent id="117" start.x="165" start.y="5" goal.x="63" goal.y="46" size="0.5" movespeed="1" rotationspeed="0.5"/>
       <agent id="118" start.x="155" start.y="51" goal.x="136" goal.y="2" size="0.5" movespeed="1" rotationspeed="0.5"/>
       <agent id="119" start.x="103" start.y="13" goal.x="165" goal.y="63" size="0.5" movespeed="1" rotationspeed="0.5"/>
       <agent id="120" start.x="161" start.y="5" goal.x="111" goal.y="77" size="0.5" movespeed="1" rotationspeed="0.5"/>
       <agent id="121" start.x="87" start.y="78" goal.x="14" goal.y="2" size="0.5" movespeed="1" rotationspeed="0.5"/>
       <agent id="122" start.x="83" start.y="46" goal.x="149" goal.y="38" size="0.5" movespeed="1" rotationspeed="0.5"/>
       <agent id="123" start.x="92" start.y="49" goal.x="162" goal.y="63" size="0.5" movespeed="1" rotationspeed="0.5"/>
       <agent id="124" start.x="70" start.y="54" goal.x="125" goal.y="10" size="0.5" movespeed="1" rotationspeed="0.5"/>
       <agent id="125" start.x="142" start.y="66" goal.x="33" goal.y="34" size="0.5" movespeed="1" rotationspeed="0.5"/>
       <agent id="126" start.x="157" start.y="44" goal.x="19" goal.y="77" size="0.5" movespeed="1" rotationspeed="0.5"/>
       <agent id="127" start.x="73" start.y="52" goal.x="119" goal.y="78" size="0.5" movespeed="1" rotationspeed="0.5"/>
       <agent id="128" start.x="87" start.y="1" goal.x="144" goal.y="2" size="0.5" movespeed="1" rotationspeed="0.5"/>
    </agents>
</root>